資料日期,代號,名稱,收盤,漲跌,開盤,最高,最低,成交股數,成交金額,成交筆數,最後買價,最後賣價,發行股數,次日漲停價,次日跌停價
"1150930","00411A","主動統一前沿科技","10.56","+0.23","10.55","10.61","10.55","15181000","160708690","1421","10.56","10.57","415076000","9999.95","0.01"
"1150930","00679B","元大美債20年","24.77","+0.05","24.72","24.79","24.71","19354000","479019250","2815","24.76","24.77","6220192000","9999.95","0.01"
"1150930","00687B","國泰20年美債","25.72","+0.05","25.69","25.75","25.68","9734000","250374580","1635","25.72","25.73","4297880380","9999.95","0.01"
"1150930","00687C","國泰20年美債+櫃U","8.71","+0.01","8.71","8.71","8.70","28000","243870","5","8.70","8.72","1942268","9999.95","0.01"
"1150930","00694B","富邦美債1-3","41.65","+0.07","41.62","41.67","41.62","247000","10288920","30","41.65","41.68","30076000","9999.95","0.01"
"1150930","00695B","富邦美債7-10","33.70","+0.07","33.63","33.74","33.63","237000","7988290","29","33.72","33.73","42686000","9999.95","0.01"
"1150930","00696B","富邦美債20年","26.99","+0.07","26.94","27.00","26.93","1915000","51657600","84","26.98","26.99","625181000","9999.95","0.01"
"1150930","00697B","元大美債7-10","34.01","+0.12","33.89","34.02","33.89","274000","9310740","116","34.00","34.01","67212000","9999.95","0.01"
"1150930","00719B","元大美債1-3","31.01","+0.10","31.21","31.21","30.95","1744000","54105310","337","31.01","31.02","319514000","9999.95","0.01"
"1150930","00720B","元大投資級公司債","30.85","-0.05","30.86","30.87","30.74","5709000","175981730","1274","30.84","30.85","4017109000","9999.95","0.01"
"1150930","00722B","群益投資級電信債","33.13","-0.02","33.12","33.14","33.03","5391000","178523780","311","33.12","33.13","1462739000","9999.95","0.01"
"1150930","00723B","群益投資級科技債","28.37","+0.01","28.34","28.37","28.34","101000","2865340","5","28.34","28.36","1520583000","9999.95","0.01"
"1150930","00724B","群益投資級金融債","31.60","+0.04","31.54","31.61","31.50","4374000","138134930","121","31.59","31.60","3059775000","9999.95","0.01"
"1150930","00725B","國泰投資級公司債","32.90","-0.03","32.88","32.91","32.83","3216000","105736910","817","32.89","32.90","3741206000","9999.95","0.01"
"1150930","00726B","國泰新興投等債","31.20","-0.02","31.21","31.22","31.15","143000","4459610","21","31.19","31.20","1186989000","9999.95","0.01"
"1150930","00727B","國泰優選非投等債","38.89","-0.06","38.81","38.90","38.81","124000","4822130","6","38.89","38.91","57189000","9999.95","0.01"
"1150930","00734B","台新JPM新興債","14.88","-0.08","14.97","14.97","14.86","197000","2931390","8","14.87","14.89","24979000","9999.95","0.01"
"1150930","00740B","富邦全球投等債","35.92","-0.03","35.88","35.94","35.87","1235000","44352260","126","35.91","35.92","2199971000","9999.95","0.01"
"1150930","00741B","富邦全球非投等債","36.73","-0.17","36.77","36.77","36.60","118000","4335220","19","36.60","36.73","13128000","9999.95","0.01"
"1150930","00746B","富邦A級公司債","33.30","+0.04","33.30","33.32","33.28","233000","7758900","12","33.30","33.31","2550964000","9999.95","0.01"
"1150930","00749B","凱基新興債10+","29.66","-0.20","29.61","29.66","29.61","103000","3054830","5","29.61","29.67","1110500000","9999.95","0.01"
"1150930","00750B","凱基科技債10+","30.68","+0.08","30.68","30.68","30.68","100000","3068000","2","30.66","30.75","148000000","9999.95","0.01"
"1150930","00751B","元大AAA至A公司債","28.91","-0.01","28.88","28.92","28.83","4528000","130790660","1317","28.90","28.91","5230103000","9999.95","0.01"
"1150930","00754B","群益AAA-AA公司債","30.36","+0.04","30.32","30.36","30.32","116000","3518630","10","30.29","30.33","1303900000","9999.95","0.01"
"1150930","00755B","群益投資級公用債","30.50","-0.04","30.47","30.50","30.47","105000","3199990","9","30.49","30.52","296230000","9999.95","0.01"
"1150930","00756B","群益投等新興公債","29.09","-0.05","29.13","29.13","29.02","154000","4476790","31","29.08","29.09","1332300000","9999.95","0.01"
"1150930","00758B","復華能源債","48.45","-0.09","48.45","48.45","48.45","100000","4845000","2","48.26","48.46","5525000","9999.95","0.01"
"1150930","00759B","復華製藥債","50.90","+0.10","50.90","50.90","50.90","100000","5090000","2","50.70","50.80","47525000","9999.95","0.01"
"1150930","00760B","復華新興企業債","50.60","+0.10","50.50","50.60","50.50","104000","5257150","5","50.55","50.65","435020000","9999.95","0.01"
"1150930","00761B","國泰A級公司債","31.89","+0.03","31.86","31.94","31.86","168000","5361970","25","31.89","31.90","2744089000","9999.95","0.01"
"1150930","00764B","群益25年美債","25.68","+0.05","25.63","25.71","25.61","9133000","234510670","140","25.67","25.69","1550500000","9999.95","0.01"
"1150930","00768B","復華20年美債","46.08","+0.09","46.03","46.14","46.02","403000","18570540","37","46.09","46.10","791100000","9999.95","0.01"
"1150930","00772B","中信高評級公司債","31.20","+0.03","31.19","31.21","31.13","2303000","71814600","417","31.19","31.20","3366790000","9999.95","0.01"
"1150930","00773B","中信優先金融債","33.38","+0.07","33.38","33.39","33.29","1566000","52218930","135","33.35","33.38","2594790000","9999.95","0.01"
"1150930","00777B","凱基AAA至A公司債","30.08","-0.01","30.08","30.08","30.08","100000","3008000","2","30.07","30.09","2076650000","9999.95","0.01"
"1150930","00778B","凱基金融債20+","31.79","-0.07","31.79","31.79","31.79","100000","3179000","2","31.77","31.83","1522150000","9999.95","0.01"
"1150930","00779B","凱基美債25+","25.90","+0.04","25.86","25.90","25.86","314000","8132150","4","25.87","25.91","1298650000","9999.95","0.01"
"1150930","00780B","國泰A級金融債","35.34","+0.03","35.37","35.37","35.33","115000","4063180","10","35.32","35.35","249102000","9999.95","0.01"
"1150930","00781B","國泰A級科技債","25.77","0.00","25.78","25.79","25.72","161000","4147320","26","25.75","25.77","8836000","9999.95","0.01"
"1150930","00782B","國泰A級公用債","28.37","-0.05","28.35","28.40","28.34","223000","6325300","39","28.36","28.37","21467000","9999.95","0.01"
"1150930","00785B","富邦金融投等債","32.75","+0.07","32.68","32.80","32.68","151000","4942300","6","32.75","32.78","1063466000","9999.95","0.01"
"1150930","00786B","元大10年IG銀行債","30.67","-0.03","30.62","30.67","30.62","11000","336870","3","30.65","30.69","19566000","9999.95","0.01"
"1150930","00787B","元大10年IG醫療債","30.29","+0.02","30.25","30.29","30.25","3000","90830","3","30.28","30.30","11306000","9999.95","0.01"
"1150930","00788B","元大10年IG電能債","28.13","+0.03","28.04","28.15","28.02","42000","1179350","15","28.09","28.13","24706000","9999.95","0.01"
"1150930","00789B","復華公司債A3","44.46","+0.05","44.42","44.46","44.42","102000","4534840","3","44.40","44.44","455600000","9999.95","0.01"
"1150930","00791B","復華信用債1-5","56.25","+0.25","56.10","56.25","56.10","106000","5961600","3","56.15","56.20","281100000","9999.95","0.01"
"1150930","00792B","群益A級公司債","29.14","-0.02","29.17","29.22","29.14","104000","3035210","8","29.14","29.21","2317615000","9999.95","0.01"
"1150930","00795B","中信美國公債20年","24.89","+0.06","24.86","24.90","24.84","7650000","190281560","526","24.88","24.89","1532598000","9999.95","0.01"
"1150930","00799B","國泰A級醫療債","27.53","-0.02","27.55","27.55","27.50","327000","8999100","45","27.52","27.53","26036000","9999.95","0.01"
"1150930","00834B","第一金金融債10+","32.07","+0.13","32.04","32.08","32.03","117000","3751990","6","32.08","32.09","23198000","9999.95","0.01"
"1150930","00836B","永豐10年A公司債","26.49","+0.06","26.49","26.49","26.49","1000","26490","1","26.43","26.47","630541000","9999.95","0.01"
"1150930","00840B","凱基IG精選15+","27.65","-0.03","27.65","27.65","27.65","100000","2765000","2","27.61","27.65","59431000","9999.95","0.01"
"1150930","00841B","凱基AAA-AA公司債","26.42","-0.01","26.43","26.43","26.42","105000","2774150","3","26.35","26.42","70440000","9999.95","0.01"
"1150930","00842B","台新美元銀行債","28.27","-0.09","28.29","28.30","28.21","331000","9348210","91","28.25","28.27","22767000","9999.95","0.01"
"1150930","00844B","台新15年IG金融債","29.35","-0.04","29.35","29.35","29.35","80000","2348000","2","29.35","29.38","213175000","9999.95","0.01"
"1150930","00845B","富邦新興投等債","31.53","-0.04","31.53","31.53","31.53","100000","3153000","3","31.53","31.54","237051000","9999.95","0.01"
"1150930","00846B","富邦歐洲銀行債","34.10","+0.03","34.05","34.10","34.05","102000","3478100","3","34.08","34.12","74350000","9999.95","0.01"
"1150930","00847B","中信美國市政債","23.45","-0.07","23.50","23.52","23.40","297000","6962870","73","23.43","23.46","3805000","9999.95","0.01"
"1150930","00848B","中信新興亞洲債","32.44","+0.01","32.37","32.48","32.37","211000","6846690","11","32.43","32.44","136066000","9999.95","0.01"
"1150930","00849B","中信EM主權債0-5","37.23","+0.11","37.12","37.25","37.12","213000","7929710","12","37.19","37.25","485606000","9999.95","0.01"
"1150930","00853B","統一美債10年Aa-A","25.52","-0.01","25.50","25.53","25.50","1073000","27377370","36","25.51","25.52","178134000","9999.95","0.01"
"1150930","00856B","永豐1-3年美公債","37.01","+0.01","37.00","37.01","37.00","3000","111010","2","37.01","37.10","6792000","9999.95","0.01"
"1150930","00857B","永豐20年美公債","21.39","+0.02","21.37","21.42","21.36","1091000","23327330","104","21.39","21.40","599268000","9999.95","0.01"
"1150930","00858","永豐美國500大","36.12","+0.12","36.00","36.15","36.00","253000","9138700","63","36.11","36.12","117874000","9999.95","0.01"
"1150930","00859B","群益0-1年美債","40.69","+0.08","40.68","40.70","40.61","2162000","87935040","123","40.69","40.70","36011000","9999.95","0.01"
"1150930","00860B","群益1-5Y投資級債","37.74","+0.08","37.71","37.78","37.69","106000","4000430","8","37.70","37.76","2671000","9999.95","0.01"
"1150930","00862B","中信投資級公司債","29.19","-0.06","29.19","29.21","29.19","213000","6218180","12","29.19","29.20","887881000","9999.95","0.01"
"1150930","00863B","中信全球電信債","29.41","+0.03","29.30","29.42","29.30","256000","7524990","9","29.40","29.41","513964000","9999.95","0.01"
"1150930","00864B","中信美國公債0-1","46.22","+0.07","46.15","46.24","46.15","908000","41952650","169","46.21","46.23","114722000","9999.95","0.01"
"1150930","00867B","台新A-BBB電信債","28.34","+0.10","28.28","28.34","28.27","61000","1725140","5","28.31","28.36","565150000","9999.95","0.01"
"1150930","00870B","元大15年EM主權債","26.20","-0.02","26.07","26.20","26.07","86000","2249230","9","26.22","26.25","564151000","9999.95","0.01"
"1150930","00877","復華中國5G","35.28","-0.03","35.79","35.87","35.19","2085000","73926310","860","35.28","35.33","168288000","9999.95","0.01"
"1150930","00884B","中信低碳新興債","27.54","-0.08","27.50","27.55","27.42","209000","5755520","11","27.51","27.53","75440000","9999.95","0.01"
"1150930","00886","永豐美國科技","49.55","+0.07","49.55","49.55","49.55","20000","991000","2","49.20","49.50","4451000","9999.95","0.01"
"1150930","00887","永豐中國科技50大","15.22","-0.08","15.39","15.46","15.21","4675000","71476980","1063","15.21","15.22","454851000","9999.95","0.01"
"1150930","00888","永豐台灣ESG","36.16","+0.31","36.23","36.41","36.13","4940000","179199210","1647","36.16","36.17","624478000","39.77","32.55"
"1150930","00890B","凱基ESG BBB債15+","30.01","+0.07","30.01","30.01","30.01","105000","3151050","3","30.00","30.03","18264000","9999.95","0.01"
"1150930","00928","中信上櫃ESG 30","33.48","+0.38","33.79","33.79","33.41","284000","9518490","69","33.48","33.50","44356000","36.82","30.14"
"1150930","00931B","統一美債20年","12.53","+0.02","12.52","12.54","12.50","2191000","27438070","224","12.52","12.53","2245898000","9999.95","0.01"
"1150930","00933B","國泰10Y+金融債","14.98","+0.01","14.97","14.99","14.95","8220000","123066070","1522","14.97","14.98","6742458000","9999.95","0.01"
"1150930","00937B","群益ESG投等債20+","13.78","-0.02","13.78","13.79","13.73","62645000","862310420","9351","13.77","13.78","17069305000","9999.95","0.01"
"1150930","00942B","台新美A公司債20+","13.19","-0.02","13.18","13.20","13.17","889000","11723120","62","13.19","13.20","2041959000","9999.95","0.01"
"1150930","00948B","中信優息投資級債","8.80","-0.01","8.80","8.81","8.78","3901000","34309600","441","8.79","8.80","4275427000","9999.95","0.01"
"1150930","00950B","凱基A級公司債","13.17","+0.03","13.16","13.17","13.14","1880000","24736670","252","13.16","13.17","4109309000","9999.95","0.01"
"1150930","00955","中信日本商社","16.09","+0.32","15.80","16.09","15.80","1790000","28596120","526","16.07","16.09","482431000","9999.95","0.01"
"1150930","00957B","兆豐US優選投等債","12.48","-0.02","12.49","12.49","12.45","204000","2543320","56","12.47","12.48","188263000","9999.95","0.01"
"1150930","00958B","永豐ESG銀行債15+","8.64","-0.01","8.63","8.65","8.62","427000","3688560","36","8.63","8.64","118771000","9999.95","0.01"
"1150930","00959B","大華投等美債15Y+","8.77","-0.02","8.74","8.78","8.74","1231000","10782120","253","8.76","8.77","510336000","9999.95","0.01"
"1150930","00966B","統一ESG投等債15+","13.01","-0.01","13.00","13.01","12.99","1434000","18648170","54","13.00","13.01","117232000","9999.95","0.01"
"1150930","00967B","元大優息美債","8.53","+0.01","8.53","8.54","8.52","250000","2133550","49","8.53","8.54","181407000","9999.95","0.01"
"1150930","00968B","元大優息投等債","8.66","0.00","8.63","8.66","8.63","1398000","12083030","200","8.65","8.66","796511000","9999.95","0.01"
"1150930","00969B","元大零息超長美債","7.50","-0.02","7.49","7.51","7.46","972000","7278040","125","7.49","7.50","146633000","9999.95","0.01"
"1150930","00970B","台新BBB投等債20+","8.71","-0.03","8.71","8.72","8.69","1722000","14984910","191","8.70","8.71","390229000","9999.95","0.01"
"1150930","00980B","台新特選IG債10+","8.85","-0.01","8.85","8.85","8.82","816000","7205280","41","8.83","8.84","54569000","9999.95","0.01"
"1150930","00980D","主動聯博投等入息","19.48","0.00","19.48","19.48","19.46","682000","13278300","82","19.47","19.48","100457000","9999.95","0.01"
"1150930","00980T","平衡凱基美國TOP","12.02","0.00","12.04","12.04","12.02","48000","577450","12","12.01","12.03","74918000","9999.95","0.01"
"1150930","00981B","第一金優選非投債","8.97","+0.01","8.97","8.97","8.95","6877000","61620590","988","8.96","8.97","1587113000","9999.95","0.01"
"1150930","00981D","主動中信非投等債","10.09","+0.02","10.07","10.09","10.06","4004000","40349910","309","10.08","10.09","520800000","9999.95","0.01"
"1150930","00982B","FT投資級債20+","9.09","-0.07","9.14","9.15","9.07","43000","391120","8","9.08","9.10","25400000","9999.95","0.01"
"1150930","00983B","大華優利美公債20","14.52","+0.03","14.49","14.52","14.49","963000","13973070","19","14.51","14.52","25653000","9999.95","0.01"
"1150930","00984B","大華優利美A債15","15.22","-0.03","15.18","15.22","15.16","491000","7460400","119","15.21","15.22","117933000","9999.95","0.01"
"1150930","00985D","主動貝萊德優投等","9.49","+0.02","9.48","9.49","9.46","759000","7190090","110","9.48","9.49","111732000","9999.95","0.01"
"1150930","00986B","FT金融債10+","9.26","0.00","9.26","9.26","9.26","12000","111120","4","9.24","9.26","20762000","9999.95","0.01"
"1150930","00986D","主動復華金融債息","13.88","-0.01","13.88","13.90","13.87","631000","8759970","90","13.87","13.88","143177000","9999.95","0.01"
"1150930","00987B","野村10+澳洲公債","15.29","-0.03","15.32","15.32","15.28","1667000","25506570","112","15.28","15.29","76327000","9999.95","0.01"
"1150930","00987D","主動統一美債量化","9.50","-0.02","9.50","9.52","9.50","2525000","24003490","90","9.50","9.51","95023000","9999.95","0.01"
"1150930","00988B","玉山嚴選非投債","19.10","-0.08","19.11","19.13","19.08","1272000","24292010","351","19.09","19.10","161333000","9999.95","0.01"
"1150930","00989B","台新美國非投等債","9.85","-0.02","9.85","9.86","9.82","3628000","35700360","276","9.85","9.86","113452000","9999.95","0.01"
"1150930","00990B","國泰收益非投等債","9.82","-0.03","9.84","9.85","9.81","3521000","34564050","452","9.81","9.82","94850000","9999.95","0.01"
"1150930","00998A","主動復華金融股息","16.76","+0.11","16.73","16.76","16.72","2339000","39180460","651","16.75","16.76","331109000","9999.95","0.01"
"1150930","1240","茂生農經","54.30","+0.50","54.10","54.30","53.80","11000","594700","8","53.90","54.10","46443992","59.70","48.90"
"1150930","1259","安心","68.10","+0.10","68.00","68.10","67.80","19000","1291600","11","66.70","68.10","32389500","74.90","61.30"
"1150930","1264","德麥","245.00","+1.00","244.00","245.00","244.00","16000","3908000","12","244.50","245.00","37052367","269.50","220.50"
"1150930","1268","漢來美食","175.00","-0.50","176.00","176.00","175.00","17000","2981000","17","174.50","175.50","42223730","192.50","157.50"
"1150930","1294","漢田生技","50.40","+0.20","50.20","50.40","49.75","20000","998650","16","50.20","50.40","36625875","55.40","45.40"
"1150930","1295","生合","47.40","+0.25","46.90","47.40","46.70","28000","1317000","27","47.05","47.45","37599800","52.10","42.70"
"1150930","1336","台翰","17.35","+0.55","17.00","17.35","17.00","478000","8235150","174","17.35","17.40","77614419","19.05","15.65"
"1150930","1565","精華","96.50","+0.60","95.80","96.70","95.70","59000","5679500","56","96.40","96.50","50416516","106.00","86.90"
"1150930","1569","濱川","62.60","-2.40","64.60","66.00","61.30","4423000","279160300","2455","62.60","62.70","144247441","68.80","56.40"
"1150930","1570","力肯","33.20","+0.20","33.15","33.35","32.85","50000","1654650","26","32.85","33.25","51500839","36.50","29.90"
"1150930","1580","新麥","97.10","0.00","97.60","98.00","97.00","52000","5061500","45","97.10","97.50","49339242","106.50","87.40"
"1150930","1584","精剛","18.85","+0.80","18.15","19.20","18.15","1678000","31665600","825","18.85","18.90","232470533","20.70","17.00"
"1150930","1586","和勤","17.90","-0.10","18.05","18.20","17.70","1235000","21961950","430","17.90","17.95","129500467","19.65","16.15"
"1150930","1591","駿吉-KY","42.75","+1.65","41.40","43.30","41.40","387000","16494050","247","42.50","42.75","38048047","47.00","38.50"
"1150930","1593","祺驊","31.70","+0.05","31.70","31.70","31.70","10000","317000","9","31.65","31.75","39784772","34.85","28.55"
"1150930","1595","川寶","85.30","+7.70","79.40","85.30","76.20","5766000","471145600","3798","85.30","0.00","57724656","93.80","76.80"
"1150930","1599","宏佳騰","23.05","+0.05","23.20","23.20","22.90","13000","298750","10","22.95","23.10","73028764","25.35","20.75"
"1150930","1742","台蠟","17.60","-0.10","17.85","17.85","17.50","68000","1195600","17","17.35","17.60","92671300","19.35","15.85"
"1150930","1777","生泰","73.90","-0.10","74.00","74.00","73.90","4000","295800","4","73.80","74.00","44591713","81.20","66.60"
"1150930","1780","立弘","25.30","+0.10","24.95","25.30","24.65","127000","3185950","54","24.90","25.30","109075173","27.80","22.80"
"1150930","1781","合世","9.99","0.00","9.82","9.99","9.82","21000","207280","17","9.95","10.00","47407605","10.95","9.00"
"1150930","1784","訊聯","61.20","-0.10","60.40","61.30","60.40","76000","4619700","63","61.00","61.30","53121191","66.30","54.30"
"1150930","1785","光洋科","100.50","+2.50","98.90","103.50","98.60","8930000","905386700","5701","100.50","101.00","595980243","110.50","90.50"
"1150930","1788","杏昌","128.00","0.00","128.50","128.50","128.00","4000","513500","4","128.00","128.50","44520971","140.50","115.50"
"1150930","1796","金穎生技","29.15","+0.35","29.30","29.30","29.00","6000","174450","6","29.00","29.20","41459793","32.05","26.25"
"1150930","1799","易威","29.00","+0.60","28.60","29.10","28.45","110000","3161700","79","28.80","29.00","248775894","31.90","26.10"
"1150930","1813","寶利徠","11.30","0.00","11.30","11.30","11.30","5000","56500","5","11.25","11.35","46635510","12.40","10.20"
"1150930","1815","富喬","116.00","0.00","117.00","117.50","116.00","16338000","1907382500","10238","116.00","116.50","614703462","127.50","104.50"
"1150930","2035","唐榮","26.50","0.00","26.50","26.50","26.50","2000","53000","2","26.70","27.00","350000000","29.15","23.85"
"1150930","2061","風青","59.80","+0.40","60.40","63.30","59.20","4798000","292207900","2908","59.80","59.90","57378052","65.70","53.90"
"1150930","2063","世鎧","23.50","+0.05","23.55","23.55","23.25","35000","820050","27","23.50","24.30","48101453","25.85","21.15"
"1150930","2064","晉椿","----","---","----","----","----","0","0","0","11.95","12.00","69330000","13.10","10.80"
"1150930","2065","世豐","35.55","+0.40","35.40","35.80","35.20","48000","1703750","33","35.55","35.60","63516707","39.10","32.00"
"1150930","2066","世德","52.20","-0.50","52.40","52.60","52.20","15000","785000","14","52.20","52.50","44449527","57.40","47.00"
"1150930","2067","嘉鋼","4.91","-0.29","5.39","5.39","4.78","50000","241930","19","4.91","5.19","45138177","5.40","4.42"
"1150930","2070","精湛","63.30","+0.50","63.20","63.60","62.50","69000","4363300","63","63.10","63.30","41782800","69.60","57.00"
"1150930","2073","雄順","25.20","0.00","25.25","25.25","25.20","3000","75700","3","25.00","25.95","27500000","27.70","22.70"
"1150930","2221","大甲","197.50","+17.50","178.00","198.00","170.00","2795000","519021500","2264","197.50","198.00","42325000","217.00","178.00"
"1150930","2230","泰茂","21.80","+0.05","21.70","22.00","21.70","65000","1418950","53","21.75","21.90","68029605","23.95","19.65"
"1150930","2235","謚源","28.00","+0.15","27.10","28.00","27.10","2000","55100","2","27.35","27.70","35878000","30.80","25.20"
"1150930","2596","綠意","35.10","-0.15","34.00","35.45","34.00","66000","2289950","54","35.00","35.10","100000000","38.60","31.60"
"1150930","2640","大車隊","157.00","-1.50","157.50","158.00","157.00","13000","2045000","13","156.50","157.00","59264956","172.50","141.50"
"1150930","2641","正德","17.50","+0.20","17.35","17.55","17.25","1148000","19978600","416","17.50","17.55","330333744","19.25","15.75"
"1150930","2643","捷迅","62.60","-0.10","62.70","62.70","62.40","7000","438400","7","62.50","62.70","35000000","68.80","56.40"
"1150930","2718","全心投控","40.45","-0.20","40.20","40.50","40.05","24000","964650","14","40.30","40.45","87576000","44.45","36.45"
"1150930","2719","燦星旅","19.75","+0.55","19.75","19.75","19.75","1000","19750","1","19.55","19.75","69182500","21.70","17.80"
"1150930","2724","藝舍-KY","----","---","----","----","----","0","0","0","11.70","12.75","59656345","14.00","11.50"
"1150930","2726","雅茗-KY","8.00","-0.03","8.07","8.07","7.93","17000","135690","15","7.92","8.00","37922454","8.80","7.20"
"1150930","2729","瓦城","156.00","-2.00","157.00","157.00","156.00","14000","2189500","13","156.00","157.00","43040783","171.50","140.50"
"1150930","2732","六角","63.10","-1.30","63.10","63.30","63.00","20000","1262800","19","63.00","63.20","46518570","69.40","56.80"
"1150930","2734","易飛網","14.45","+0.05","14.40","14.50","14.40","26000","375950","19","14.40","14.50","57259760","15.85","13.05"
"1150930","2736","富野","11.35","0.00","11.30","11.40","11.30","27000","306350","19","11.30","11.35","79972230","12.45","10.25"
"1150930","2740","華軒","30.15","-0.50","30.40","30.40","27.90","12000","353450","12","27.95","30.10","16762016","33.15","27.15"
"1150930","2743","山富","53.30","0.00","53.90","54.00","53.20","17000","908700","16","53.30","53.50","46815210","58.60","48.00"
"1150930","2745","五福","84.90","+0.90","85.20","85.20","84.90","26000","2208500","26","84.90","85.00","33808526","93.30","76.50"
"1150930","2751","王座","52.70","+0.10","52.60","53.40","52.60","14000","738800","9","52.20","53.10","19844500","57.90","47.45"
"1150930","2752","豆府","177.00","-0.50","177.50","177.50","177.00","10000","1770500","10","176.50","179.00","26693861","194.50","159.50"
"1150930","2754","亞洲藏壽司","68.00","0.00","69.50","69.50","68.00","18000","1228700","14","68.00","68.30","46907000","74.80","61.20"
"1150930","2755","揚秦","98.90","-0.10","98.90","99.10","98.50","24000","2370100","21","98.70","99.00","46799854","108.50","89.10"
"1150930","2756","聯發國際","62.80","+0.30","62.80","62.80","62.80","1000","62800","1","62.10","62.50","24597584","69.00","56.60"
"1150930","2916","滿心","40.55","0.00","40.55","40.55","40.50","10000","405450","7","40.50","40.55","64626878","44.60","36.50"
"1150930","2924","宏太-KY","18.30","-0.15","18.40","18.40","16.70","19000","322550","16","16.75","18.30","52035934","20.10","16.50"
"1150930","2926","誠品生活","30.20","+0.65","29.55","30.20","29.50","12000","358150","11","30.00","30.45","47389650","33.20","27.20"
"1150930","2937","集雅社","44.70","0.00","44.70","44.70","44.70","1000","44700","1","43.25","44.85","47896173","49.15","40.25"
"1150930","2938","床的世界","18.60","+0.05","18.40","18.70","18.40","31000","574600","23","18.50","18.65","22840000","20.45","16.75"
"1150930","2941","米斯特","31.00","-1.15","31.00","31.00","31.00","4000","124000","3","30.25","31.00","15390000","34.10","27.90"
"1150930","2947","振宇五金","60.50","0.00","60.60","60.60","60.50","8000","484500","7","60.10","60.60","23642366","66.50","54.50"
"1150930","2948","寶陞","37.40","+0.60","37.40","37.40","37.40","1000","37400","1","36.10","36.85","32000000","41.10","33.70"
"1150930","2949","欣新網","68.90","+4.90","65.00","70.40","65.00","12000","820200","11","62.40","69.00","30641100","75.70","62.10"
"1150930","3064","泰偉","----","---","----","----","----","0","0","0","16.00","18.00","13011451","18.90","15.50"
"1150930","3066","李洲","29.20","-0.30","29.25","29.75","28.55","2394000","69710850","1486","29.05","29.20","83070612","32.10","26.30"
"1150930","3067","全域","----","---","----","----","----","0","0","0","16.40","17.20","20000000","18.55","15.25"
"1150930","3071","協禧","23.05","+0.15","23.00","23.20","22.90","125000","2876050","90","23.05","23.10","110000000","25.35","20.75"
"1150930","3073","天方能源","20.60","0.00","20.95","21.00","20.55","9000","187100","9","20.55","20.70","39511028","22.65","18.55"
"1150930","3078","僑威","46.15","+0.50","45.85","46.20","45.80","351000","16168250","275","46.10","46.20","227391064","50.70","41.55"
"1150930","3081","聯亞","2695.00","+45.00","2700.00","2730.00","2665.00","1329000","3587440000","1225","2695.00","2700.00","101769004","2960.00","2430.00"
"1150930","3083","網龍","22.60","-0.10","22.70","22.75","22.60","59000","1335550","31","22.70","22.75","86486858","24.85","20.35"
"1150930","3085","新零售","12.10","+0.70","11.50","12.10","11.50","4000","46600","4","11.20","12.15","69019288","13.30","10.90"
"1150930","3086","華義*","27.40","-0.30","27.20","28.10","27.10","95000","2615400","69","27.35","27.75","272710510","30.10","24.70"
"1150930","3088","艾訊","133.50","-2.50","138.00","138.50","133.00","934000","126081500","796","133.50","134.00","111071218","146.50","120.50"
"1150930","3093","港建*","44.70","+0.80","44.50","44.95","44.30","208000","9285300","145","44.70","44.75","145155576","49.15","40.25"
"1150930","3095","及成","33.50","-0.50","33.25","33.55","33.20","8000","267500","8","33.30","33.80","10000000","36.85","30.15"
"1150930","3105","穩懋","542.00","+49.00","509.00","542.00","509.00","41316000","21995126000","26204","542.00","0.00","423940384","596.00","488.00"
"1150930","3114","好德","34.60","-0.40","35.80","35.80","33.90","642000","22120800","473","34.50","34.60","67722584","38.05","31.15"
"1150930","3115","富榮綱","8.50","-0.10","8.50","8.69","8.17","23000","191350","20","8.29","8.61","72197615","9.35","7.65"
"1150930","3118","進階","31.30","-0.05","31.60","31.75","31.30","48000","1517800","26","31.30","31.45","32452860","34.40","28.20"
"1150930","3122","笙泉","24.20","+0.70","23.35","24.45","23.35","73000","1763350","57","24.20","24.40","40771918","26.60","21.80"
"1150930","3128","昇銳","20.35","0.00","20.35","20.35","20.20","49000","993250","43","20.30","20.35","50156538","22.35","18.35"
"1150930","3131","弘塑","2525.00","+50.00","2505.00","2590.00","2435.00","720000","1803635000","668","2525.00","2530.00","29903550","2775.00","2275.00"
"1150930","3141","晶宏","85.30","+0.10","85.70","86.20","84.10","1053000","89529200","855","85.30","85.40","75460728","93.80","76.80"
"1150930","3147","大綜","243.50","+0.50","245.50","250.00","243.50","524000","128811500","444","243.50","244.00","43686831","267.50","219.50"
"1150930","3152","璟德","231.00","+5.00","227.00","235.50","226.50","84000","19501500","81","231.00","232.00","39016200","254.00","208.00"
"1150930","3158","嘉實","84.90","-0.30","85.00","85.10","84.90","20000","1699300","19","84.90","85.90","30665925","93.30","76.50"
"1150930","3162","精確","85.40","+4.50","81.90","87.90","81.70","7047000","595448700","4481","85.30","85.40","154341112","93.90","76.90"
"1150930","3163","波若威","643.00","-3.00","658.00","664.00","643.00","982000","636865000","841","643.00","644.00","94635370","707.00","579.00"
"1150930","3169","亞信","115.00","-0.50","116.00","117.00","115.00","257000","29805500","213","115.00","115.50","63306981","126.50","103.50"
"1150930","3171","炎洲流通","58.80","+0.50","58.60","58.80","58.60","4000","234600","4","58.70","59.00","33118158","64.60","53.00"
"1150930","3176","基亞","37.70","+0.35","37.35","37.95","37.05","287000","10810400","202","37.70","37.75","139306755","41.45","33.95"
"1150930","3178","公準","69.40","0.00","69.90","70.50","68.70","235000","16352500","175","69.30","69.50","45050000","76.30","62.50"
"1150930","3188","鑫龍騰","23.30","-0.15","23.40","23.60","23.30","127000","2966450","77","23.30","23.50","189087767","25.60","21.00"
"1150930","3191","雲嘉南","16.75","+0.25","16.80","16.80","16.50","21000","349650","16","16.60","16.80","43597381","18.40","15.10"
"1150930","3205","佰研","46.80","+0.05","46.80","47.00","46.75","6000","281150","6","46.70","47.40","67545631","51.40","42.15"
"1150930","3206","志豐","34.95","+0.40","34.55","34.95","34.20","17000","587450","16","34.75","34.95","58916621","38.40","31.50"
"1150930","3207","耀勝","38.80","+0.55","38.65","39.05","38.45","185000","7154300","137","38.80","38.85","66422124","42.65","34.95"
"1150930","3211","順達","398.50","+12.50","390.00","406.00","388.00","7930000","3166015500","6607","398.50","399.00","154394021","438.00","359.00"
"1150930","3213","茂訊","124.50","-1.00","126.50","126.50","124.00","120000","14982500","90","124.50","125.00","58685547","136.50","112.50"
"1150930","3217","優群","130.00","0.00","130.50","131.00","129.00","277000","35967500","211","130.00","130.50","90104203","143.00","117.00"
"1150930","3218","大學光","135.00","+1.50","134.00","135.00","133.50","78000","10485500","66","134.50","135.00","84724899","148.50","121.50"
"1150930","3219","倚強科","131.50","+6.00","130.00","134.50","127.50","6580000","861307500","4829","131.50","132.00","71780880","144.50","118.50"
"1150930","3221","台嘉碩","51.20","+0.40","51.90","52.20","50.50","3055000","156709700","2156","51.20","51.30","104989210","56.30","46.10"
"1150930","3224","三顧","31.45","+0.45","31.00","31.45","30.85","18000","559850","16","31.45","31.50","78172648","34.55","28.35"
"1150930","3226","龍鋒","60.40","+0.30","60.80","60.80","59.60","57000","3437500","43","59.60","60.40","64430573","66.40","54.40"
"1150930","3227","原相","185.00","-0.50","187.00","187.50","184.00","699000","129416500","555","184.50","185.00","151912842","203.50","166.50"
"1150930","3228","金麗科","182.00","+2.00","186.50","186.50","177.50","585000","105719000","469","180.50","182.00","71937495","200.00","164.00"
"1150930","3230","錦明","41.40","-0.30","41.90","41.90","41.25","307000","12724400","218","41.40","41.50","86010900","45.50","37.30"
"1150930","3232","昱捷","20.90","+0.10","20.80","21.05","20.80","42000","879800","12","20.85","20.95","46567865","22.95","18.85"
"1150930","3234","光環","173.00","-1.50","177.50","179.00","172.50","1769000","308843000","1347","173.00","173.50","126474692","190.00","156.00"
"1150930","3236","千如","44.15","+0.05","44.60","45.15","44.05","899000","39843250","657","44.15","44.20","105000613","48.55","39.75"
"1150930","3252","海灣","15.30","-0.15","15.50","15.50","15.20","28000","430100","9","15.30","15.40","50195754","16.80","13.80"
"1150930","3259","鑫創","10.65","+0.94","9.60","10.65","8.90","35000","359530","32","10.65","0.00","72965934","11.70","9.59"
"1150930","3260","威剛","377.50","+0.50","380.00","382.50","377.00","3361000","1273208000","2488","377.50","378.00","356463418","415.00","340.00"
"1150930","3264","欣銓","243.50","+2.00","243.50","247.00","238.00","15292000","3722681000","11084","243.50","244.00","490170076","267.50","219.50"
"1150930","3265","台星科","186.00","+5.50","183.50","193.00","182.00","2316000","437516000","1682","186.00","186.50","136261659","204.50","167.50"
"1150930","3268","海德威","21.75","+0.25","21.50","22.00","21.25","138000","2968500","92","21.70","21.75","34720796","23.90","19.60"
"1150930","3272","東碩","13.95","+0.25","14.20","14.50","13.85","21000","295600","19","13.95","14.20","61176789","15.30","12.60"
"1150930","3276","宇環","14.05","+0.20","13.85","14.15","13.85","57000","798950","32","14.05","14.15","69712666","15.45","12.65"
"1150930","3284","太普高","19.90","+0.50","19.50","20.10","19.50","215000","4271350","86","19.85","19.90","108627709","21.85","17.95"
"1150930","3285","微端","41.50","-0.10","41.30","41.55","41.20","11000","455200","11","41.45","41.55","42735324","45.65","37.35"
"1150930","3287","廣寰科","42.15","+0.95","42.00","43.45","41.40","912000","38499800","608","42.15","42.20","43970483","46.35","37.95"
"1150930","3288","點晶","21.20","+0.30","21.20","21.50","20.65","23000","478300","21","20.85","21.25","16380000","23.30","19.10"
"1150930","3289","宜特","139.50","0.00","141.00","143.50","139.50","1516000","215037500","940","139.50","140.00","86746371","153.00","126.00"
"1150930","3290","東浦","52.20","+4.40","48.35","52.40","48.35","2585000","131939650","1436","52.10","52.20","90215034","57.40","47.00"
"1150930","3293","鈊象","788.00","+9.00","781.00","791.00","777.00","1828000","1436147000","1394","787.00","788.00","281801560","866.00","710.00"
"1150930","3294","英濟","32.45","-0.45","33.50","33.55","32.40","972000","31828200","682","32.40","32.45","132015919","35.65","29.25"
"1150930","3297","杭特","32.60","-0.25","33.10","33.50","32.60","169000","5577450","115","32.60","32.80","36049445","35.85","29.35"
"1150930","3303","岱稜","48.65","+0.30","48.65","48.80","48.50","148000","7200950","100","48.65","48.80","94090607","53.50","43.80"
"1150930","3306","鼎天","48.05","+0.45","48.00","48.55","47.70","173000","8332600","124","48.00","48.05","50607702","52.80","43.25"
"1150930","3310","佳穎","68.80","-0.10","67.30","69.20","67.30","12000","821400","11","68.80","68.90","74948402","75.60","62.00"
"1150930","3313","斐成","10.45","-0.05","10.50","10.65","10.45","32000","336200","26","10.45","10.50","221133831","11.45","9.41"
"1150930","3317","尼克森","65.20","-0.20","65.40","65.90","64.60","2088000","135969600","1564","65.20","65.30","90000000","71.70","58.70"
"1150930","3322","建舜電","11.30","+0.20","11.10","11.35","11.05","250000","2804550","145","11.25","11.35","137582157","12.40","10.20"
"1150930","3323","加百裕","29.70","+0.35","29.50","30.25","29.50","682000","20383150","453","29.70","29.75","99593385","32.65","26.75"
"1150930","3324","雙鴻","1530.00","-100.00","1620.00","1645.00","1530.00","4066000","6424405000","3374","1530.00","1535.00","93076837","1680.00","1380.00"
"1150930","3325","旭品","11.90","+0.20","11.70","11.90","11.65","59000","694300","36","11.75","11.90","110168610","13.05","10.75"
"1150930","3332","幸康","63.70","+2.80","61.50","63.90","61.50","18000","1125700","18","62.10","62.80","48104246","70.00","57.40"
"1150930","3339","泰谷","45.65","-0.55","45.90","47.00","45.65","1445000","66515750","992","45.60","45.65","66568300","50.20","41.10"
"1150930","3349","寶德","19.95","0.00","19.95","19.95","19.60","17000","336750","15","19.65","19.95","47821648","21.90","18.00"
"1150930","3354","律勝","32.15","+2.90","29.70","32.15","29.50","2561000","80660650","1547","32.15","0.00","70112426","35.35","28.95"
"1150930","3357","臺慶科","204.50","+1.50","204.50","207.00","204.00","357000","73219500","304","204.50","205.00","117930191","224.50","184.50"
"1150930","3360","尚立","15.35","+0.25","15.15","15.40","15.10","332000","5082100","198","15.30","15.35","76402244","16.85","13.85"
"1150930","3362","先進光","171.00","0.00","173.00","173.50","171.00","631000","108415000","524","171.00","171.50","147445475","188.00","154.00"
"1150930","3363","上詮","649.00","-3.00","661.00","671.00","648.00","1457000","954444000","1245","649.00","650.00","113640567","713.00","585.00"
"1150930","3372","典範","16.55","+0.25","16.30","16.80","16.30","638000","10596850","363","16.50","16.55","235324000","18.20","14.90"
"1150930","3373","熱映","16.00","-0.05","16.05","16.10","16.00","55000","880850","34","16.00","16.05","47618782","17.60","14.40"
"1150930","3374","精材","454.50","-0.50","462.00","462.00","452.00","1120000","510607000","977","453.00","454.50","271364316","499.50","409.50"
"1150930","3379","彬台","27.70","+0.40","27.60","27.85","27.35","39000","1078450","34","27.70","27.80","38041748","30.45","24.95"
"1150930","3388","崇越電","85.30","+3.70","81.80","86.40","81.80","942000","79320900","709","85.30","85.40","81124504","93.80","76.80"
"1150930","3390","旭軟","22.60","+0.30","22.70","22.75","22.30","195000","4406400","100","22.50","22.60","79329659","24.85","20.35"
"1150930","3402","漢科","136.00","+5.00","133.00","137.50","133.00","1006000","136813500","782","135.50","136.00","73047692","149.50","122.50"
"1150930","3430","奇鈦科","111.50","-1.00","112.50","114.00","111.50","183000","20560000","168","111.00","112.50","33716085","122.50","100.50"
"1150930","3434","哲固","31.40","-0.15","31.35","31.60","31.35","46000","1447950","38","31.40","31.45","35754740","34.50","28.30"
"1150930","3438","類比科","61.90","+0.60","61.50","62.00","60.70","84000","5163400","58","61.90","62.00","47165815","68.00","55.80"
"1150930","3441","聯一光","184.50","-0.50","184.50","187.00","181.50","1054000","193777000","833","184.50","185.00","40039920","202.50","166.50"
"1150930","3444","利機","81.30","+0.70","81.10","82.30","80.80","233000","18981000","175","81.10","81.40","44996877","89.40","73.20"
"1150930","3455","由田","267.00","0.00","268.50","279.00","260.50","5673000","1531119000","4505","267.00","267.50","59850750","293.50","240.50"
"1150930","3465","進泰電子","29.70","+0.05","29.65","29.70","29.55","11000","326100","10","29.60","29.70","42329862","32.65","26.75"
"1150930","3466","德晉","23.90","+0.05","23.80","23.95","23.60","372000","8838400","133","23.85","23.90","77892073","26.25","21.55"
"1150930","3467","台灣精材","73.70","-0.90","74.60","77.70","73.60","1015000","76199200","714","73.60","74.10","31106569","81.00","66.40"
"1150930","3479","安勤","136.00","-2.50","140.00","140.00","136.00","693000","95387000","567","136.00","136.50","73026088","149.50","122.50"
"1150930","3483","力致","79.10","+1.60","78.20","79.70","78.20","338000","26722000","242","79.00","79.20","99049257","87.00","71.20"
"1150930","3484","崧騰","46.55","-0.20","47.00","47.20","46.55","85000","3985300","64","46.55","47.00","78828189","51.20","41.90"
"1150930","3485","敘豐","209.00","+8.00","204.00","214.00","204.00","131000","27488500","115","208.50","209.50","38500850","229.50","188.50"
"1150930","3489","森寶","23.35","+0.10","23.10","23.55","23.00","90000","2094000","47","23.30","23.35","90452155","25.65","21.05"
"1150930","3490","單井","44.35","-0.75","45.20","45.90","44.35","1899000","85347400","1249","44.30","44.35","55006435","48.75","39.95"
"1150930","3491","昇達科","1500.00","-10.00","1540.00","1540.00","1480.00","800000","1200950000","734","1495.00","1500.00","68805125","1650.00","1350.00"
"1150930","3492","長盛","19.15","+0.10","19.05","19.15","19.05","18000","343350","11","19.15","19.20","35531600","21.05","17.25"
"1150930","3498","陽程","229.00","-6.00","234.50","234.50","221.00","6669000","1519614500","5058","228.50","229.00","61273008","251.50","206.50"
"1150930","3499","環天科","13.80","+0.10","13.75","13.85","13.70","42000","578950","34","13.75","13.80","54970596","15.15","12.45"
"1150930","3508","位速","25.90","-0.05","25.90","26.90","25.65","506000","13320650","326","25.90","26.25","108866737","28.45","23.35"
"1150930","3511","矽瑪","19.75","+0.30","19.50","19.80","19.50","99000","1947050","70","19.65","19.80","79972945","21.70","17.80"
"1150930","3512","皇龍","19.20","0.00","19.20","19.20","19.10","20000","383250","15","19.15","19.20","113072372","21.10","17.30"
"1150930","3516","亞帝歐","25.40","+0.40","25.00","25.40","25.00","14000","350400","9","25.05","25.25","59560874","27.90","22.90"
"1150930","3520","華盈","17.35","+0.25","17.35","17.35","17.00","158000","2716500","98","17.35","17.40","68846778","19.05","15.65"
"1150930","3521","台鋼建設","11.85","+0.10","11.75","11.90","11.70","20000","235700","12","11.85","11.90","185765552","13.00","10.70"
"1150930","3522","御嵿","12.50","-0.05","12.55","12.60","12.30","109000","1356650","53","12.50","12.55","104096209","13.75","11.25"
"1150930","3523","迎輝","15.00","+0.05","15.00","15.00","14.55","13000","190900","10","14.65","15.00","64257868","16.50","13.50"
"1150930","3526","凡甲","272.00","+1.50","271.50","272.00","270.00","86000","23301000","83","271.50","272.00","67302693","299.00","245.00"
"1150930","3527","聚積","53.10","+1.50","51.10","53.10","51.10","51000","2660300","41","51.60","53.20","44445125","58.40","47.80"
"1150930","3529","力旺","3305.00","0.00","3450.00","3635.00","3305.00","2463000","8564210000","2135","3305.00","3310.00","74686492","3635.00","2975.00"
"1150930","3531","先益","20.90","-0.35","20.85","20.90","20.85","2000","41750","2","20.85","21.05","61175011","22.95","18.85"
"1150930","3537","堡達","53.30","+0.70","53.00","53.30","52.80","112000","5949200","97","53.30","53.40","56242979","58.60","48.00"
"1150930","3540","曜越","23.05","+0.35","22.85","23.05","22.75","155000","3552700","114","23.00","23.05","84458548","25.35","20.75"
"1150930","3541","西柏","24.40","-0.05","24.50","24.60","24.10","66000","1605600","57","24.30","24.40","56349142","26.80","22.00"
"1150930","3546","宇峻","72.60","-0.10","72.70","72.90","72.30","53000","3848700","43","72.50","72.90","61348690","79.80","65.40"
"1150930","3548","兆利","77.30","+0.20","77.20","77.70","77.00","165000","12762900","116","77.30","77.40","67744175","85.00","69.60"
"1150930","3551","世禾","187.50","+1.00","188.00","191.00","187.00","904000","171194500","668","187.00","187.50","62274890","206.00","169.00"
"1150930","3552","同致","44.10","+0.65","43.80","44.55","43.00","399000","17463150","314","44.10","44.15","97918334","48.50","39.70"
"1150930","3555","博士旺","168.50","+0.50","169.00","171.00","168.00","40000","6773000","36","168.00","168.50","39998797","185.00","152.00"
"1150930","3556","禾瑞亞","58.10","+0.20","58.30","58.40","57.80","139000","8072200","122","58.00","58.10","63702844","63.90","52.30"
"1150930","3558","神準","125.00","+0.50","124.50","125.00","123.50","43000","5328000","39","124.50","125.00","59060881","137.50","112.50"
"1150930","3564","其陽","50.60","+0.20","50.80","51.40","50.50","153000","7761900","128","50.60","50.80","59123100","55.60","45.55"
"1150930","3567","逸昌","26.20","+0.40","25.60","26.35","25.60","124000","3241550","67","26.05","26.15","33954000","28.80","23.60"
"1150930","3570","大塚","167.00","0.00","167.50","169.00","167.00","18000","3021500","17","167.00","167.50","17097000","183.50","150.50"
"1150930","3577","泓格","117.50","-4.50","120.50","123.50","116.50","614000","73204000","484","117.00","117.50","63965653","129.00","106.00"
"1150930","3580","友威科","110.50","-0.50","112.00","116.00","108.00","4827000","542565500","3743","110.50","111.00","39470657","121.50","99.50"
"1150930","3581","博磊","117.00","+10.50","109.50","117.00","109.50","555000","63474000","383","117.00","0.00","51006000","128.50","105.50"
"1150930","3587","閎康","238.50","-1.00","240.00","243.00","238.50","317000","76095500","281","238.50","239.00","71684696","262.00","215.00"
"1150930","3594","磐儀","47.90","+0.70","47.30","48.05","46.85","423000","20060750","298","47.80","47.90","95948358","52.60","43.15"
"1150930","3597","映興","28.10","+0.25","27.90","28.20","27.15","71000","1972000","55","27.75","28.10","39236440","30.90","25.30"
"1150930","3609","三一東林","23.00","-0.50","23.90","23.90","23.00","27000","625450","22","23.00","23.10","38419387","25.30","20.70"
"1150930","3611","鼎翰","183.00","0.00","183.00","184.50","183.00","29000","5335000","27","183.00","184.50","47554634","201.00","165.00"
"1150930","3615","安可","45.80","+4.15","42.20","45.80","42.10","2863000","128765450","1504","45.80","0.00","68466976","50.30","41.25"
"1150930","3623","富晶通","29.80","+0.65","29.20","30.30","29.20","364000","10829200","241","29.80","29.90","29185946","32.75","26.85"
"1150930","3624","光頡","137.50","-2.50","140.50","144.00","134.00","16711000","2305794500","11214","137.50","138.00","117340842","151.00","124.00"
"1150930","3625","西勝","11.15","-0.05","11.05","11.30","11.05","95000","1055550","46","11.15","11.25","114246765","12.25","10.05"
"1150930","3628","盈正","72.70","-0.20","73.00","73.30","72.70","78000","5687900","52","72.70","73.00","45000000","79.90","65.50"
"1150930","3629","地心引力","17.30","0.00","17.25","17.30","16.90","4000","68650","4","16.00","17.30","32954782","19.00","15.60"
"1150930","3630","新鉅科","26.95","+0.30","26.70","26.95","26.70","228000","6116700","172","26.90","26.95","204191848","29.60","24.30"
"1150930","3631","晟楠","40.50","+0.55","40.10","40.80","40.00","143000","5773100","122","40.40","40.50","81820909","44.55","36.45"
"1150930","3632","研勤","7.15","-0.04","7.19","7.19","7.15","20000","143360","11","7.15","7.19","40889738","7.86","6.44"
"1150930","3646","艾恩特","24.95","+0.15","25.00","25.00","24.85","18000","448300","11","24.90","24.95","39297371","27.40","22.50"
"1150930","3663","鑫科","67.80","+5.40","63.10","68.60","63.00","2670000","176723500","1884","67.60","67.80","108494074","74.50","61.10"
"1150930","3664","安瑞-KY","8.86","0.00","8.86","8.86","8.86","17000","150620","5","8.86","8.88","75945377","9.74","7.98"
"1150930","3666","光耀","25.30","0.00","25.25","25.30","25.15","38000","958550","28","25.25","25.30","138949850","27.80","22.80"
"1150930","3672","康聯訊","12.35","-0.15","12.20","12.40","12.00","9000","109550","9","12.25","12.35","40790375","13.55","11.15"
"1150930","3675","德微","330.00","-4.00","337.00","338.00","328.50","1302000","432504000","1102","330.00","330.50","53057923","363.00","297.00"
"1150930","3680","家登","555.00","+7.00","553.00","562.00","545.00","1579000","875027000","1358","554.00","555.00","96211690","610.00","499.50"
"1150930","3684","榮昌","52.90","-0.50","53.40","53.60","51.40","82000","4350100","35","52.40","53.40","30309737","58.10","47.65"
"1150930","3685","元創精密","35.00","-0.20","35.20","35.20","34.25","292000","10113150","149","34.80","35.00","79574000","38.50","31.50"
"1150930","3687","歐買尬","60.30","0.00","60.10","61.10","60.10","28000","1692700","27","60.30","60.80","30124059","66.30","54.30"
"1150930","3689","湧德","110.50","+0.50","111.50","111.50","109.50","378000","41821500","282","110.50","111.00","89508815","121.50","99.50"
"1150930","3691","碩禾","119.50","+1.00","118.00","122.50","117.50","964000","115841000","762","119.50","120.00","91883420","131.00","108.00"
"1150930","3693","營邦","687.00","-15.00","708.00","713.00","687.00","1198000","833959000","1072","687.00","689.00","42990694","755.00","619.00"
"1150930","3707","漢磊","75.70","+2.80","72.50","77.30","71.70","30327000","2271467400","18970","75.70","75.80","400746192","83.20","68.20"
"1150930","3709","鑫聯大投控","65.20","+1.20","64.40","65.60","64.40","358000","23238900","263","65.20","65.40","145569450","71.70","58.70"
"1150930","3710","連展投控","8.32","-0.20","8.60","8.62","8.21","250000","2106300","152","8.30","8.36","177086787","9.15","7.49"
"1150930","3713","新晶投控","13.90","0.00","13.85","13.90","13.60","52000","711900","38","13.70","13.90","88099380","15.25","12.55"
"1150930","3718","中光電投控","65.50","+0.90","65.30","66.20","64.90","1478000","96691400","980","65.40","65.50","390981110","72.00","59.00"
"1150930","4102","永日","18.45","+0.10","18.25","18.45","18.25","31000","568000","29","18.40","18.45","42373443","20.25","16.65"
"1150930","4105","東洋","78.50","-0.30","78.80","78.80","78.20","538000","42228000","391","78.50","78.60","248649959","86.30","70.70"
"1150930","4107","邦特","110.50","0.00","111.00","111.50","110.00","25000","2762000","23","110.50","111.00","69298336","121.50","99.50"
"1150930","4109","加捷生醫","11.05","0.00","11.05","11.10","10.95","51000","561600","42","11.05","11.10","118736681","12.15","9.95"
"1150930","4111","濟生","28.90","+0.10","28.65","28.90","28.65","29000","836550","22","28.80","28.85","59832135","31.75","26.05"
"1150930","4113","聯上","15.55","0.00","15.55","15.55","15.20","304000","4651450","64","15.45","15.55","231138137","17.10","14.00"
"1150930","4114","健喬","29.55","+0.25","29.40","29.60","29.35","464000","13672850","253","29.50","29.55","550429688","32.50","26.60"
"1150930","4116","明基醫","39.80","+0.40","39.80","40.00","39.75","17000","678300","12","39.75","39.85","44566000","43.75","35.85"
"1150930","4120","友華","45.90","-0.20","46.10","46.10","45.90","7000","321800","6","45.85","46.30","86747119","50.40","41.35"
"1150930","4121","優盛","12.75","0.00","12.60","12.75","12.55","73000","924150","42","12.70","12.80","83111045","14.00","11.50"
"1150930","4123","晟德","31.25","+0.25","31.00","31.30","30.80","964000","29957250","510","31.20","31.25","807456341","34.35","28.15"
"1150930","4126","太醫","78.10","+0.20","77.90","78.10","77.80","20000","1559400","18","78.00","78.10","72600000","85.90","70.30"
"1150930","4127","天良","45.60","-1.90","46.65","47.35","45.60","418000","19345900","291","45.60","45.95","45760000","50.10","41.05"
"1150930","4128","中天","15.35","+0.35","15.15","15.45","15.05","1707000","26043300","753","15.35","15.40","588170597","16.85","13.85"
"1150930","4129","聯合","83.40","+0.50","82.80","83.70","82.80","99000","8261200","78","83.40","83.50","96437650","91.70","75.10"
"1150930","4131","浩泰","30.65","-1.30","32.25","32.25","30.65","47000","1458700","33","30.65","31.70","39879000","33.70","27.60"
"1150930","4138","曜亞","54.30","-0.80","55.00","55.60","54.00","74000","4046200","46","54.30","54.50","39930000","59.70","48.90"
"1150930","4139","馬光-KY","41.80","+0.15","41.95","42.50","41.20","65000","2715600","41","41.40","41.90","45009911","45.95","37.65"
"1150930","4147","中裕","63.70","+0.70","63.10","64.40","63.00","576000","36675900","393","63.60","63.80","273202425","70.00","57.40"
"1150930","4153","鈺緯","31.45","-0.05","31.20","31.70","31.20","8000","252100","8","31.35","31.60","58668197","34.55","28.35"
"1150930","4154","樂威科-KY","12.50","-0.40","12.50","12.50","12.50","17000","212500","9","12.20","12.80","38390000","13.75","11.25"
"1150930","4157","太景*-KY","8.89","+0.21","8.70","8.91","8.69","668000","5888900","319","8.87","8.89","711833575","9.77","8.01"
"1150930","4160","訊聯基因","39.10","+0.05","39.15","39.15","38.75","47000","1828950","28","38.90","39.35","28013734","43.00","35.20"
"1150930","4161","聿新科","21.75","-0.30","21.90","22.05","21.75","46000","1005800","39","21.75","21.80","59808204","23.90","19.60"
"1150930","4162","智擎","55.60","+0.20","55.40","56.00","55.40","175000","9753600","131","55.60","55.90","143677640","61.10","50.10"
"1150930","4163","鐿鈦","136.00","+1.00","135.00","136.00","134.00","20000","2701500","20","135.50","136.00","50679643","149.50","122.50"
"1150930","4166","友霖","24.10","+0.25","23.85","24.20","23.85","47000","1129300","35","24.05","24.15","243035089","26.50","21.70"
"1150930","4167","松瑞藥","19.85","+0.30","19.65","19.90","19.45","832000","16370950","383","19.80","19.85","331554307","21.80","17.90"
"1150930","4168","醣聯","22.35","+0.65","21.70","22.40","21.60","188000","4146950","114","22.30","22.35","112521318","24.55","20.15"
"1150930","4171","瑞基","16.45","-0.05","16.65","16.80","16.40","57000","939900","37","16.45","16.50","58057469","18.05","14.85"
"1150930","4173","久裕","17.30","+0.20","17.10","17.30","17.00","39000","669050","30","17.25","17.30","74574355","19.00","15.60"
"1150930","4174","浩鼎","39.20","+3.55","39.00","39.20","38.55","1168000","45665350","454","39.20","0.00","131579687","43.10","35.30"
"1150930","4175","杏一","51.00","+0.50","50.60","51.00","50.60","11000","559000","7","51.00","51.20","42323307","56.10","45.90"
"1150930","4183","福永生技","13.55","-0.40","13.90","13.95","13.55","3000","41400","3","13.50","14.20","23800000","14.90","12.20"
"1150930","4188","安克","14.25","+0.35","13.90","14.25","13.70","137000","1904750","90","14.20","14.25","63332900","15.65","12.85"
"1150930","4192","杏國","18.65","+0.20","18.45","18.65","18.45","4000","74000","4","18.05","18.65","35164500","20.50","16.80"
"1150930","4198","欣大健康","49.50","-0.40","49.50","49.50","49.50","2000","99000","2","48.50","49.40","24108000","54.40","44.55"
"1150930","4205","中華食","68.50","0.00","68.50","68.50","68.50","24000","1644000","14","68.40","68.50","97649228","75.30","61.70"
"1150930","4207","環泰","19.35","-0.10","19.40","19.45","19.35","35000","679350","15","19.30","19.40","198538008","21.25","17.45"
"1150930","4303","信立","33.45","+0.05","33.55","33.60","33.20","632000","21084950","429","33.45","33.50","132447444","36.75","30.15"
"1150930","4304","勝昱","17.30","-0.40","17.30","17.70","17.30","45000","788950","28","17.30","17.55","61038065","19.00","15.60"
"1150930","4305","世坤","----","---","----","----","----","0","0","0","42.10","42.30","55014000","46.30","37.90"
"1150930","4401","東隆興","13.90","+0.05","14.00","14.00","13.75","25000","346750","14","13.85","13.90","122692012","15.25","12.55"
"1150930","4402","郡都開發","13.80","-0.35","14.15","14.20","13.75","26000","360450","22","13.75","13.95","67991830","15.15","12.45"
"1150930","4406","新昕纖","10.30","+0.05","10.10","10.30","10.10","18000","184200","11","10.20","10.35","51912000","11.30","9.27"
"1150930","4413","飛寶企業","20.30","-0.20","21.40","21.40","20.30","91000","1864250","32","20.30","20.50","31314689","22.30","18.30"
"1150930","4416","三圓","13.35","-0.40","13.85","13.85","13.35","894000","12082000","552","13.35","13.40","73586213","14.65","12.05"
"1150930","4417","金洲","49.55","-0.10","49.95","50.10","49.55","51000","2541900","39","49.55","49.65","83971399","54.50","44.60"
"1150930","4419","皇家美食","50.20","+1.20","49.00","50.20","49.00","477000","23857950","158","50.00","50.20","169163133","55.20","45.20"
"1150930","4420","光明","36.05","+0.25","35.75","36.20","35.75","34000","1221300","15","35.90","36.15","40455000","39.65","32.45"
"1150930","4430","耀億","17.75","-0.05","17.90","17.90","17.40","27000","475300","22","17.60","17.80","56273609","19.50","16.00"
"1150930","4432","銘旺實","15.40","0.00","15.30","15.45","15.25","30000","459950","26","15.30","15.45","50589000","16.90","13.90"
"1150930","4433","興采","18.05","0.00","18.20","18.20","17.70","131000","2345350","86","18.05","18.10","61299774","19.85","16.25"
"1150930","4442","竣邦-KY","54.10","+0.90","53.80","54.10","53.00","26000","1392300","23","53.60","53.80","32739154","59.50","48.70"
"1150930","4502","健信","15.90","+0.20","15.75","15.90","15.45","47000","733050","35","15.90","16.05","57469686","17.45","14.35"
"1150930","4503","金雨","24.15","+0.15","24.25","24.25","23.80","174000","4177550","104","24.10","24.15","78313326","26.55","21.75"
"1150930","4506","崇友","118.00","0.00","118.00","118.00","117.50","22000","2593500","20","118.00","118.50","177012000","129.50","106.50"
"1150930","4510","高鋒","44.00","+0.95","43.60","44.65","43.60","569000","25131400","406","44.00","44.05","108977724","48.40","39.60"
"1150930","4513","福裕","16.20","-0.10","16.35","16.35","16.20","137000","2229050","92","16.20","16.30","143761921","17.80","14.60"
"1150930","4523","永彰","23.90","+0.05","23.85","24.10","23.85","46000","1100450","32","23.90","23.95","64949000","26.25","21.55"
"1150930","4528","江興鍛","14.95","+0.10","15.10","15.10","14.95","4000","59950","4","14.90","14.95","84165695","16.40","13.50"
"1150930","4529","淳紳","3.33","0.00","3.33","3.33","3.33","17000","56610","7","3.32","3.37","84549096","3.66","3.00"
"1150930","4530","天意能創","24.75","+0.55","24.95","24.95","24.15","10000","247450","9","24.30","24.50","35794959","27.20","22.30"
"1150930","4533","協易機","25.65","+0.15","25.80","25.80","25.50","536000","13763800","315","25.60","25.70","178434110","28.20","23.10"
"1150930","4534","慶騰","30.95","-0.35","31.50","31.55","30.70","632000","19655050","314","30.95","31.00","86788948","34.00","27.90"
"1150930","4535","至興","27.00","+0.20","26.60","27.00","26.60","23000","617250","22","26.90","26.95","75661740","29.70","24.30"
"1150930","4538","大詠城","17.35","-0.20","17.40","17.40","17.25","10000","173200","10","17.35","17.45","59469604","19.05","15.65"
"1150930","4541","晟田","61.60","+2.30","59.40","63.20","59.20","2165000","132763800","1434","61.60","61.70","72647068","67.70","55.50"
"1150930","4542","科嶠","344.00","+5.00","345.00","347.00","338.00","449000","153852500","377","342.00","344.00","35317412","378.00","310.00"
"1150930","4543","萬在","29.45","+0.95","28.75","29.50","28.75","91000","2662900","77","29.45","29.50","62760915","32.35","26.55"
"1150930","4549","桓達","97.10","+0.90","95.80","97.70","95.60","67000","6479000","41","96.90","97.20","58142493","106.50","87.40"
"1150930","4550","長佳","24.45","+0.30","24.60","24.65","24.20","50000","1227550","19","24.15","24.40","37838783","26.85","22.05"
"1150930","4554","橙的","28.25","+0.20","28.30","28.35","28.05","46000","1297450","41","28.25","28.30","30276584","31.05","25.45"
"1150930","4556","旭然","101.50","+9.10","93.70","101.50","93.70","1040000","103227600","740","101.50","0.00","42302840","111.50","91.40"
"1150930","4558","寶緯","16.95","+0.05","17.00","17.15","16.95","25000","425150","20","16.95","17.00","50000000","18.60","15.30"
"1150930","4561","健椿","43.20","+1.30","42.15","43.30","42.15","266000","11349450","187","43.00","43.20","58521619","47.50","38.90"
"1150930","4563","百德","51.70","+0.30","51.50","52.40","49.90","337000","17338350","219","51.60","51.70","54950000","56.80","46.55"
"1150930","4568","科際精密","39.45","+0.40","39.05","39.80","39.05","17000","666450","14","39.20","39.90","32045125","43.35","35.55"
"1150930","4577","達航科技","92.40","+8.40","85.30","92.40","85.30","1075000","96990000","796","92.40","0.00","49137998","101.50","83.20"
"1150930","4580","捷流閥業","81.80","+0.80","82.20","82.20","81.30","95000","7756900","79","81.70","81.90","46803109","89.90","73.70"
"1150930","4584","君帆","37.00","-0.05","37.00","37.00","37.00","11000","407000","7","36.50","37.65","30002400","40.70","33.30"
"1150930","4609","唐鋒","4.15","-0.10","4.25","4.25","4.15","6000","25000","3","4.15","4.50","47946820","4.56","3.74"
"1150930","4702","中美實","9.31","-0.01","9.43","9.43","9.31","63000","589400","43","9.31","9.33","72333200","10.20","8.38"
"1150930","4706","大恭","33.85","0.00","33.85","33.85","33.85","2000","67700","2","33.65","34.05","79030093","37.20","30.50"
"1150930","4707","磐亞","30.35","+0.70","29.75","30.70","29.60","1476000","44506900","847","30.35","30.50","413808151","33.35","27.35"
"1150930","4711","永純","16.35","+0.15","16.50","16.60","16.20","18000","294750","18","16.35","16.45","61056000","17.95","14.75"
"1150930","4714","永捷","12.05","+0.25","11.90","12.10","11.90","622000","7451550","313","12.00","12.05","221838188","13.25","10.85"
"1150930","4716","大立","16.85","-0.05","17.05","17.05","16.75","677000","11442750","291","16.85","16.90","94427191","18.50","15.20"
"1150930","4721","美琪瑪","82.50","+2.70","79.00","84.30","78.90","1257000","103765800","941","82.40","82.50","74986304","90.70","74.30"
"1150930","4726","永昕","22.95","+0.30","22.35","22.95","22.35","61000","1381500","53","22.85","22.95","207041800","25.20","20.70"
"1150930","4728","雙美","399.00","-0.50","399.00","399.00","399.00","1000","399000","1","395.50","398.00","54463000","438.50","359.50"
"1150930","4729","熒茂","20.65","+1.85","19.10","20.65","19.10","1063000","21736950","504","20.65","0.00","79226741","22.70","18.60"
"1150930","4735","豪展","36.10","-0.10","36.20","36.50","36.10","13000","472000","12","36.10","36.40","41568758","39.70","32.50"
"1150930","4741","泓瀚","40.80","+0.75","40.65","42.25","40.40","171000","7004800","120","40.80","40.95","34812079","44.85","36.75"
"1150930","4743","合一","47.15","+1.45","45.85","47.35","45.40","1975000","92334900","1250","47.10","47.15","480533486","51.80","42.45"
"1150930","4744","皇將","29.20","+0.55","28.70","29.45","28.70","101000","2944600","55","29.10","29.20","56948450","32.10","26.30"
"1150930","4745","合富-KY","12.20","+0.10","12.10","12.20","12.10","28000","339650","17","12.15","12.25","69705547","13.40","11.00"
"1150930","4747","強生*","23.60","0.00","23.20","23.60","22.60","86000","1978300","70","23.20","23.60","90922064","25.95","21.25"
"1150930","4749","新應材","766.00","+2.00","782.00","788.00","752.00","818000","629257000","696","766.00","767.00","94732865","842.00","690.00"
"1150930","4754","國碳科","37.90","+0.20","37.70","37.90","37.50","44000","1663300","32","37.80","37.90","30283215","41.65","34.15"
"1150930","4760","勤凱","262.50","+2.50","264.00","264.50","260.00","111000","29135000","104","262.50","263.00","32778289","288.50","236.50"
"1150930","4767","誠泰科技","28.20","-0.10","28.35","28.35","28.00","6000","169300","6","28.00","28.20","31415000","31.00","25.40"
"1150930","4768","晶呈科技","380.00","+22.50","365.00","382.00","360.00","2834000","1058847500","2519","380.00","380.50","48200288","418.00","342.00"
"1150930","4772","台特化","269.00","-2.00","274.00","280.50","268.50","2219000","605602500","1795","269.00","269.50","147681552","295.50","242.50"
"1150930","4903","聯光通","42.90","+0.10","42.60","43.15","42.00","3403000","144947300","2197","42.90","42.95","105343714","47.15","38.65"
"1150930","4905","台聯電","76.50","-0.20","77.20","77.70","76.00","37000","2829300","22","76.30","76.90","29260044","84.10","68.90"
"1150930","4907","富宇","45.00","-0.25","45.25","45.25","44.75","23000","1033450","22","44.90","45.05","118145778","49.50","40.50"
"1150930","4908","前鼎","207.00","+1.50","210.50","212.00","205.50","1262000","262877500","1089","207.00","207.50","78216907","227.50","186.50"
"1150930","4909","新復興","36.40","+0.60","36.60","36.60","35.80","367000","13288200","299","36.35","36.40","93356864","40.00","32.80"
"1150930","4911","德英","28.20","-0.25","28.20","28.40","28.15","17000","480200","14","28.25","28.85","68817133","31.00","25.40"
"1150930","4923","力士","61.40","+0.20","61.40","62.70","60.80","658000","40522100","534","61.30","61.50","37373129","67.50","55.30"
"1150930","4924","欣厚-KY","16.50","+1.50","15.40","16.50","15.35","437000","7084350","183","16.50","0.00","37164409","18.15","14.85"
"1150930","4931","新盛力","252.00","+6.00","248.50","262.00","248.00","8627000","2203786500","6534","252.00","252.50","65565761","277.00","227.00"
"1150930","4933","友輝","54.40","+1.00","53.50","54.50","53.20","63000","3404700","55","54.40","54.60","82662675","59.80","49.00"
"1150930","4939","亞電","82.80","+7.50","77.00","82.80","77.00","10725000","871193100","5041","82.80","0.00","98200868","91.00","74.60"
"1150930","4946","辣椒","101.50","-0.50","101.00","101.50","100.00","17000","1713500","15","100.50","101.00","8852816","111.50","91.40"
"1150930","4950","金耘國際","15.65","+0.10","15.60","15.65","15.60","9000","140600","6","15.60","15.80","57729107","17.20","14.10"
"1150930","4951","精拓科","91.50","+1.30","90.30","93.20","89.60","534000","49008700","424","91.50","91.60","34148713","100.50","82.40"
"1150930","4953","緯致","117.00","+0.50","117.00","118.00","116.50","144000","16866500","113","117.00","117.50","73147014","128.50","105.50"
"1150930","4966","譜瑞-KY","571.00","+2.00","572.00","575.00","568.00","308000","176142000","284","571.00","573.00","78957788","628.00","514.00"
"1150930","4971","IET-KY","539.00","-1.00","553.00","558.00","537.00","869000","472814000","789","539.00","541.00","47185743","592.00","485.50"
"1150930","4972","湯石照明","16.30","-0.05","16.25","16.30","16.20","13000","211400","12","16.20","16.30","56888587","17.90","14.70"
"1150930","4973","廣穎","138.00","+3.00","136.00","138.50","136.00","386000","53011500","342","138.00","138.50","65292843","151.50","124.50"
"1150930","4974","亞泰","71.00","+0.40","71.00","71.10","70.60","73000","5178500","48","70.80","71.00","72500104","78.10","63.90"
"1150930","4979","華星光","569.00","+2.00","576.00","576.00","561.00","615000","350612000","541","569.00","570.00","142820039","625.00","513.00"
"1150930","4991","環宇-KY","488.00","+13.50","485.00","498.00","471.50","5006000","2425632500","4058","488.00","488.50","121343559","536.00","439.50"
"1150930","4995","晶達","50.50","+0.40","51.80","51.80","50.30","57000","2899900","14","50.40","50.80","42592036","55.50","45.45"
"1150930","5009","榮剛","33.10","+0.50","32.75","33.55","32.70","6137000","203649750","3009","33.10","33.15","602471197","36.40","29.80"
"1150930","5011","久陽","18.80","+0.05","18.90","19.25","18.80","281000","5331950","138","18.80","18.90","100673922","20.65","16.95"
"1150930","5013","強新","38.75","+3.50","38.50","38.75","38.05","1214000","46849500","405","38.75","0.00","133416000","42.60","34.90"
"1150930","5014","建錩","10.25","+0.05","10.20","10.35","10.20","373000","3829000","149","10.25","10.30","183265054","11.25","9.23"
"1150930","5015","華祺","21.90","+0.55","21.75","21.90","21.45","35000","758250","19","21.85","21.95","60639189","24.05","19.75"
"1150930","5016","松和","25.55","+0.75","24.95","25.85","24.95","137000","3483600","91","25.55","25.60","49622076","28.10","23.00"
"1150930","5201","凱衛","29.95","+0.40","29.75","30.20","29.45","119000","3541850","30","29.70","30.00","38674600","32.90","27.00"
"1150930","5202","力新","14.15","-0.10","14.55","14.75","14.10","622000","8875050","371","14.15","14.20","89094000","15.55","12.75"
"1150930","5205","中茂","18.90","+1.70","17.30","18.90","17.30","12000","220600","11","18.90","0.00","13500000","20.75","17.05"
"1150930","5206","坤悅","22.70","-0.05","22.75","22.85","22.50","128000","2897600","78","22.60","22.70","201093375","24.95","20.45"
"1150930","5209","新鼎","167.50","+1.00","166.50","168.50","166.50","37000","6208500","31","167.00","167.50","28663072","184.00","151.00"
"1150930","5210","寶碩","30.60","+0.35","30.35","30.90","30.30","241000","7351800","141","30.40","30.60","82177779","33.65","27.55"
"1150930","5211","蒙恬","20.65","+0.45","20.40","20.65","20.20","19000","388150","18","20.45","20.55","32024727","22.70","18.60"
"1150930","5212","凌網","48.90","0.00","49.15","49.15","48.15","20000","970450","16","48.40","48.95","34633000","53.70","44.05"
"1150930","5213","亞昕","20.90","+0.10","20.95","20.95","20.75","57000","1188800","41","20.85","20.90","762148960","22.95","18.85"
"1150930","5220","萬達光電","24.20","+2.20","22.80","24.20","22.00","1471000","34157350","792","24.20","0.00","39667000","26.60","21.80"
"1150930","5223","安力-KY","23.10","+0.10","23.10","23.10","23.10","1000","23100","1","22.80","23.00","44549781","25.40","20.80"
"1150930","5227","立凱-KY","31.50","+0.85","30.65","32.00","30.65","441000","13823750","231","31.25","31.75","96000000","34.65","28.35"
"1150930","5228","鈺鎧","39.75","+0.40","39.45","40.55","39.40","89000","3550850","73","39.60","39.80","38056253","43.70","35.80"
"1150930","5230","雷笛克光學","23.35","+1.20","22.45","24.10","21.70","1601000","36617350","1054","23.35","23.40","56303831","25.65","21.05"
"1150930","5245","智晶","20.85","+0.25","20.85","20.90","20.45","248000","5108150","126","20.85","20.90","45127141","22.90","18.80"
"1150930","5251","天鉞電","30.00","0.00","30.20","30.30","29.95","67000","2014200","58","30.00","30.05","33733377","33.00","27.00"
"1150930","5263","智崴","89.10","-0.50","89.60","89.90","88.60","198000","17634400","137","89.00","89.30","78936891","98.00","80.20"
"1150930","5272","笙科","18.00","+0.85","17.20","18.60","17.20","544000","9831800","397","18.00","18.05","55276118","19.80","16.20"
"1150930","5274","信驊","18750.00","-645.00","19525.00","19675.00","18680.00","206000","3921415000","200","18735.00","18785.00","41582953","20625.00","16875.00"
"1150930","5276","達輝-KY","17.60","-0.85","18.45","18.45","17.60","10000","180200","10","17.55","18.15","39500000","19.35","15.85"
"1150930","5278","尚凡*","23.95","+0.05","23.90","23.95","23.75","93000","2219050","56","23.85","23.95","300000000","26.30","21.60"
"1150930","5287","數字","137.50","0.00","137.00","137.50","136.50","24000","3293000","24","137.00","137.50","65738500","151.00","124.00"
"1150930","5289","宜鼎","1290.00","+10.00","1300.00","1325.00","1290.00","815000","1061735000","721","1290.00","1295.00","98335431","1415.00","1165.00"
"1150930","5291","邑昇","61.60","+2.80","59.90","62.50","59.80","661000","40549200","487","61.40","61.60","41890606","67.70","55.50"
"1150930","5299","杰力","102.50","+2.50","102.00","103.50","99.90","437000","44653300","278","102.00","103.00","51064781","112.50","92.30"
"1150930","5302","太欣","9.81","+0.09","9.75","9.88","9.75","159000","1559510","103","9.81","9.88","159888349","10.75","8.83"
"1150930","5309","系統電","62.70","+3.60","60.50","64.00","60.00","21584000","1350694100","12316","62.70","62.80","231653594","68.90","56.50"
"1150930","5310","天剛","27.60","-1.40","29.30","29.30","27.55","40000","1119150","34","27.60","28.00","28943517","30.35","24.85"
"1150930","5312","寶島科","89.90","0.00","89.90","90.10","89.80","27000","2427700","19","89.90","90.00","60059898","98.80","81.00"
"1150930","5314","世紀*","28.85","+1.40","28.05","29.00","28.05","10014000","285899150","4433","28.80","28.85","1205960000","31.70","26.00"
"1150930","5315","光聯","18.75","+0.05","18.75","18.90","18.75","84000","1580450","63","18.75","18.85","106351832","20.60","16.90"
"1150930","5321","美而快","67.70","+0.20","66.60","68.20","66.60","202000","13649900","141","67.70","67.80","59543149","74.40","61.00"
"1150930","5324","士開","12.45","+0.05","12.40","12.50","12.35","175000","2175000","50","12.40","12.50","226379090","13.65","11.25"
"1150930","5328","華容","53.10","+0.80","53.30","53.80","52.80","1682000","89443600","1173","53.10","53.20","172710724","58.40","47.80"
"1150930","5340","建榮","81.00","+0.50","81.00","81.70","80.60","943000","76485600","642","81.00","81.20","194893964","89.10","72.90"
"1150930","5344","立衛","13.85","+0.50","13.35","14.20","13.25","209000","2884700","91","13.85","13.90","79447460","15.20","12.50"
"1150930","5345","馥鴻","21.50","-0.50","22.00","22.00","20.80","11000","234850","10","21.50","21.95","37795000","23.65","19.35"
"1150930","5347","世界","181.00","+2.50","184.50","185.00","179.00","23437000","4245936000","13687","181.00","181.50","1878502192","199.00","163.00"
"1150930","5348","正能量智能","16.35","0.00","16.30","16.35","16.30","2000","32650","2","15.70","16.30","14775917","17.95","14.75"
"1150930","5351","鈺創","110.50","+1.00","111.50","112.50","109.50","7445000","825259000","4234","110.50","111.00","328770781","121.50","99.50"
"1150930","5353","台林","28.45","0.00","28.60","28.60","28.20","39000","1106900","25","28.45","28.50","75765000","31.25","25.65"
"1150930","5355","佳總","7.05","+0.05","7.00","7.09","7.00","103000","724140","42","6.98","7.05","166122792","7.75","6.35"
"1150930","5356","協益","25.70","+0.20","25.55","25.90","25.55","30000","772250","26","25.60","25.80","103040000","28.25","23.15"
"1150930","5364","力麗店","8.39","+0.04","8.40","8.45","8.32","10000","83870","10","8.35","8.36","63849940","9.22","7.56"
"1150930","5381","光譜","23.65","+0.45","23.35","23.85","23.35","305000","7198200","192","23.65","23.75","207690562","26.00","21.30"
"1150930","5386","青雲","290.00","+5.00","290.50","291.50","285.50","706000","204148000","601","289.50","290.00","54121322","319.00","261.00"
"1150930","5392","能率","40.10","+0.70","39.40","40.20","39.40","632000","25228000","440","40.10","40.15","180093388","44.10","36.10"
"1150930","5398","慕康生醫","13.85","-0.05","14.05","14.10","13.65","26000","357850","21","13.70","13.95","49465460","15.20","12.50"
"1150930","5403","中菲","92.80","-0.10","92.90","93.00","92.80","33000","3066100","24","92.90","93.00","78176123","102.00","83.60"
"1150930","5410","國眾","32.95","-0.25","33.40","33.40","32.85","240000","7925200","160","32.95","33.00","93368623","36.20","29.70"
"1150930","5425","台半","96.00","+0.20","96.40","97.00","94.50","6999000","669954200","4984","95.90","96.00","263485486","105.50","86.40"
"1150930","5426","振發","28.45","+0.65","28.00","28.50","28.00","300000","8466950","215","28.40","28.45","143800000","31.25","25.65"
"1150930","5432","新門","160.00","-0.50","162.00","162.50","159.50","70000","11253000","65","160.00","160.50","20687804","176.00","144.00"
"1150930","5438","東友","17.35","+0.35","17.45","17.65","17.00","189000","3293550","114","17.35","17.45","112536565","19.05","15.65"
"1150930","5439","高技","254.00","+1.00","259.00","267.50","253.00","2547000","655726500","1813","253.50","254.00","92976751","279.00","229.00"
"1150930","5443","均豪","113.00","+3.50","118.50","119.50","112.50","5723000","658643500","3867","112.50","113.00","164746644","124.00","102.00"
"1150930","5450","南良","14.80","+0.05","14.65","14.95","14.65","108000","1600400","81","14.75","14.80","122403239","16.25","13.35"
"1150930","5452","佶優","27.40","+0.25","27.30","27.50","27.25","225000","6158800","166","27.40","27.45","148763669","30.10","24.70"
"1150930","5455","昇益","----","---","----","----","----","0","0","0","30.10","30.95","65501813","33.75","27.65"
"1150930","5457","宣德","24.35","+0.85","23.65","24.35","23.60","544000","13136500","391","24.35","24.40","196428800","26.75","21.95"
"1150930","5460","同協","17.15","+0.25","16.85","17.15","16.60","60000","1014950","43","17.00","17.15","58778130","18.85","15.45"
"1150930","5464","霖宏","88.20","-1.80","91.60","91.60","88.10","470000","41965800","373","88.10","88.30","71071490","97.00","79.40"
"1150930","5465","富驊","33.05","-1.65","32.80","34.35","32.80","1745000","58234900","951","33.05","33.10","147682629","36.35","29.75"
"1150930","5468","凱鈺","25.85","+0.30","25.60","26.45","25.20","214000","5476450","146","25.85","26.15","58922909","28.40","23.30"
"1150930","5474","聰泰","164.00","+6.00","160.00","165.00","158.50","209000","34007500","190","163.50","164.50","39756944","180.00","148.00"
"1150930","5475","德宏","179.50","-1.00","183.00","185.00","178.50","3866000","703647000","2772","179.50","180.00","127127017","197.00","162.00"
"1150930","5478","智冠","97.10","+0.10","97.10","97.40","97.00","27000","2622300","27","97.10","97.20","156074332","106.50","87.40"
"1150930","5481","新華","21.80","-0.20","22.10","22.10","21.80","419000","9210550","132","21.80","21.85","71402891","23.95","19.65"
"1150930","5483","中美晶","207.50","+18.50","193.00","207.50","192.00","36608000","7352924000","20650","207.50","0.00","641221651","228.00","187.00"
"1150930","5487","通泰","28.60","+0.10","28.90","29.55","28.50","113000","3256050","94","28.60","28.80","24222516","31.45","25.75"
"1150930","5488","松普","12.10","+0.35","11.80","12.15","11.75","156000","1862200","98","12.10","12.15","91586124","13.30","10.90"
"1150930","5489","彩富","42.55","+0.35","42.45","43.10","42.35","34000","1448200","29","42.35","42.70","102706441","46.80","38.30"
"1150930","5490","同亨","25.65","+0.20","25.50","25.70","25.50","118000","3022600","84","25.65","25.70","96152201","28.20","23.10"
"1150930","5493","三聯","90.60","0.00","91.00","91.50","90.50","109000","9916200","95","90.60","91.00","43689255","99.60","81.60"
"1150930","5498","凱崴","51.20","+1.35","50.60","51.40","50.40","1041000","53004600","666","51.10","51.20","193548545","56.30","46.10"
"1150930","5508","永信建","53.10","+0.10","53.00","53.40","52.70","224000","11867800","120","53.10","53.20","217428133","58.40","47.80"
"1150930","5511","德昌","69.60","-0.10","70.10","70.10","69.30","119000","8258600","66","69.60","69.90","136000000","76.50","62.70"
"1150930","5512","力麒","7.71","+0.01","7.78","7.78","7.66","517000","3976610","162","7.71","7.72","766312494","8.48","6.94"
"1150930","5514","三豐","15.05","-0.05","15.05","15.05","15.05","9000","135450","5","14.80","15.05","236118280","16.55","13.55"
"1150930","5516","雙喜","12.00","0.00","12.00","12.10","12.00","4000","48100","3","11.90","12.05","51545223","13.20","10.80"
"1150930","5520","力泰","----","---","----","----","----","0","0","0","83.40","83.60","59975245","91.70","75.10"
"1150930","5523","豐謙","30.35","0.00","30.20","30.35","30.20","24000","726750","20","30.20","30.35","155001464","33.35","27.35"
"1150930","5529","鉅陞","26.45","-0.05","26.20","26.60","26.20","151000","4000450","54","26.40","26.55","105769350","29.05","23.85"
"1150930","5530","龍巖","48.85","+0.10","48.80","48.85","48.40","190000","9232800","127","48.80","48.85","420084199","53.70","44.00"
"1150930","5536","聖暉*","919.00","+17.00","908.00","935.00","908.00","1430000","1321619000","1303","918.00","919.00","124080930","1010.00","828.00"
"1150930","5543","桓鼎-KY","26.70","-0.25","26.95","27.20","26.50","9000","241400","9","26.50","26.65","46703593","29.35","24.05"
"1150930","5547","久舜","20.15","+0.15","20.00","20.20","20.00","27000","542500","19","20.05","20.10","51000000","22.15","18.15"
"1150930","5548","安倉","20.15","-0.05","20.20","20.20","20.05","41000","826050","31","20.10","20.20","63735065","22.15","18.15"
"1150930","5601","台聯櫃","----","---","----","----","----","0","0","0","29.30","30.20","64800000","32.20","26.40"
"1150930","5603","陸海","13.35","-0.05","13.40","13.45","13.35","84000","1124450","59","13.35","13.45","104876607","14.65","12.05"
"1150930","5604","中連","31.20","+0.25","31.25","31.30","31.00","10000","311900","10","30.95","31.30","108782968","34.30","28.10"
"1150930","5609","中菲行","78.10","-0.10","78.20","78.60","78.00","121000","9455600","68","78.00","78.20","142884000","85.90","70.30"
"1150930","5701","劍湖山","4.06","-0.01","4.02","4.06","3.99","76000","304990","34","4.02","4.07","143000000","4.46","3.66"
"1150930","5703","亞都","13.35","-0.55","13.50","13.50","13.35","3000","40250","3","13.40","14.45","70239594","14.65","12.05"
"1150930","5704","老爺知","22.65","+0.15","22.50","22.65","22.20","85000","1906150","24","22.50","22.70","58861658","24.90","20.40"
"1150930","5864","致和證","39.20","+2.30","37.45","39.35","37.35","5176000","198605650","2129","39.20","39.25","504490084","43.10","35.30"
"1150930","5878","台名","37.85","-0.05","38.00","38.00","37.85","5000","189500","5","37.90","38.00","25024303","41.60","34.10"
"1150930","5902","德記","34.50","+0.30","34.45","34.70","34.45","75000","2584150","5","34.30","34.50","94500000","37.95","31.05"
"1150930","5903","全家","186.00","-0.50","186.50","186.50","186.00","16000","2981000","10","186.00","186.50","223220000","204.50","167.50"
"1150930","5904","寶雅*","69.70","+0.90","68.90","70.10","68.80","4825000","335810200","2631","69.70","69.90","1064438260","76.60","62.80"
"1150930","5905","南仁湖","7.32","-0.08","7.40","7.40","7.29","354000","2591100","161","7.32","7.35","281623235","8.05","6.59"
"1150930","6015","宏遠證","17.95","+0.55","17.60","18.10","17.55","2620000","46914450","843","17.90","17.95","403665050","19.70","16.20"
"1150930","6016","康和證","24.30","+0.80","23.75","24.40","23.65","5258000","127004850","1845","24.25","24.30","772419946","26.70","21.90"
"1150930","6020","大展證","20.75","+0.25","20.70","20.75","20.70","12000","248700","10","20.60","20.70","252353154","22.80","18.70"
"1150930","6021","美好證","41.80","+0.70","41.70","41.95","41.45","116000","4835000","86","41.80","41.85","312230974","45.95","37.65"
"1150930","6023","元大期","85.00","-1.00","86.70","86.70","85.00","733000","62756300","413","85.00","85.20","447972732","93.50","76.50"
"1150930","6026","福邦證","16.10","+0.20","16.00","16.15","15.90","1096000","17606450","432","16.05","16.10","396161841","17.70","14.50"
"1150930","6028","公勝保經","99.00","+0.20","98.70","99.00","98.50","7000","690500","7","98.60","99.40","25000000","108.50","89.10"
"1150930","6101","寬魚國際","37.40","+0.15","37.85","37.85","37.00","226000","8431900","183","37.35","37.40","116601850","41.10","33.70"
"1150930","6103","合邦","38.30","-3.50","38.60","39.30","37.70","131000","5038250","112","38.20","38.55","13604891","42.10","34.50"
"1150930","6104","創惟","91.50","+0.50","90.90","91.60","90.70","412000","37587500","332","91.30","91.50","91129107","100.50","82.40"
"1150930","6109","亞元","10.55","+0.20","10.50","10.65","10.50","131000","1382000","56","10.50","10.60","87825414","11.60","9.50"
"1150930","6111","光聚晶電","38.65","+0.85","37.80","38.70","37.55","231000","8867800","166","38.50","38.65","108511051","42.50","34.80"
"1150930","6113","亞矽","22.65","+0.50","22.30","22.80","22.30","72000","1632850","52","22.60","22.70","52549455","24.90","20.40"
"1150930","6114","久威","23.45","+0.20","24.10","24.10","23.35","99000","2324550","22","23.40","23.45","43911937","25.75","21.15"
"1150930","6118","建達","16.05","+0.10","16.40","16.80","16.00","699000","11373300","420","16.05","16.10","90889573","17.65","14.45"
"1150930","6121","新普","377.00","-2.50","381.00","381.00","376.50","389000","147123000","304","377.00","377.50","184970519","414.50","339.50"
"1150930","6122","擎邦","60.50","+0.80","60.30","60.90","59.20","2280000","137009700","1308","60.40","60.50","78091632","66.50","54.50"
"1150930","6123","上奇","43.05","-0.15","43.10","43.30","42.00","87000","3727300","52","42.90","43.10","62089430","47.35","38.75"
"1150930","6124","業強","27.20","-0.25","27.85","27.85","27.20","12000","330300","11","27.20","27.40","182479945","29.90","24.50"
"1150930","6125","廣運","49.90","+0.65","49.80","50.00","49.60","480000","23901150","314","49.85","49.90","259011150","54.80","44.95"
"1150930","6126","信音","30.90","+0.10","30.80","31.05","30.70","282000","8688100","168","30.85","30.90","130218658","33.95","27.85"
"1150930","6127","九豪","51.70","+0.70","52.00","52.30","50.00","4064000","208984200","2754","51.60","51.70","108079751","56.80","46.55"
"1150930","6129","普誠","14.90","+0.25","14.65","15.05","14.60","393000","5864150","239","14.90","14.95","160574120","16.35","13.45"
"1150930","6130","上亞科技","23.75","-0.05","23.80","23.85","23.50","155000","3676800","37","23.75","23.85","46300000","26.10","21.40"
"1150930","6134","萬旭","29.20","-0.05","29.30","29.45","29.05","168000","4903400","116","29.20","29.25","81882117","32.10","26.30"
"1150930","6138","茂達","276.00","-2.50","280.00","281.00","276.00","319000","88480000","273","276.00","276.50","75633500","303.50","248.50"
"1150930","6140","訊達","20.20","-0.55","20.75","20.95","20.10","315000","6401800","195","20.20","20.35","54897760","22.20","18.20"
"1150930","6143","振曜","81.00","0.00","80.90","81.50","80.90","179000","14518300","144","80.90","81.20","86058897","89.10","72.90"
"1150930","6144","得利影","12.55","0.00","12.45","12.55","12.45","5000","62650","4","12.30","12.55","38273701","13.80","11.30"
"1150930","6146","耕興","181.50","+1.50","180.00","182.50","180.00","202000","36699000","177","181.00","181.50","101867199","199.50","163.50"
"1150930","6147","頎邦","209.50","+1.00","211.50","214.50","209.00","20808000","4411863500","12179","209.50","210.00","744577539","230.00","189.00"
"1150930","6148","驊宏資","38.10","-0.40","37.95","39.40","37.90","1353000","51886400","952","38.10","38.20","46603757","41.90","34.30"
"1150930","6150","撼訊","63.60","+1.50","62.20","64.10","62.20","340000","21510800","254","63.50","63.80","48345985","69.90","57.30"
"1150930","6151","晉倫","34.75","0.00","34.75","35.05","34.30","117000","4055200","76","34.70","35.00","55257300","38.20","31.30"
"1150930","6154","順發","14.20","+0.05","14.15","14.25","14.15","33000","468350","19","14.20","14.25","80080000","15.60","12.80"
"1150930","6156","松上","21.85","+0.20","21.80","22.10","21.55","741000","16097900","391","21.80","21.85","107875010","24.00","19.70"
"1150930","6158","禾昌","17.20","-0.05","17.35","17.40","17.05","88000","1509300","54","17.10","17.25","55698288","18.90","15.50"
"1150930","6160","欣技","13.90","0.00","13.95","14.10","13.85","59000","820600","30","13.85","13.90","68489120","15.25","12.55"
"1150930","6161","捷波","51.50","+2.50","50.10","51.50","49.70","203000","10298400","124","51.00","51.50","56237477","56.60","46.35"
"1150930","6163","華電網","41.70","+0.20","42.00","42.30","41.20","1247000","51949550","550","41.70","41.85","148838747","45.85","37.55"
"1150930","6167","久正","10.30","+0.10","10.25","10.35","10.25","199000","2046700","94","10.30","10.35","146000000","11.30","9.27"
"1150930","6169","昱泉","12.00","0.00","12.00","12.00","12.00","2000","24000","2","11.95","12.00","23394960","13.20","10.80"
"1150930","6170","統振","48.65","-0.15","48.80","48.90","48.50","125000","6091300","61","48.65","48.80","97260038","53.50","43.80"
"1150930","6171","大城地產","26.75","+0.15","26.70","26.90","26.60","149000","3985000","79","26.70","26.75","100000000","29.40","24.10"
"1150930","6173","信昌電","288.50","-9.00","301.00","303.50","288.00","10697000","3143980000","7946","288.00","288.50","171200000","317.00","260.00"
"1150930","6174","安碁","45.50","+0.45","45.35","46.20","44.65","499000","22599300","390","45.45","45.50","50000000","50.00","40.95"
"1150930","6175","立敦","70.40","+1.20","70.00","70.90","69.90","504000","35481100","388","70.30","70.40","150121812","77.40","63.40"
"1150930","6179","亞通","36.30","-1.15","37.80","37.80","35.70","7509000","272522550","3850","36.30","36.35","177324650","39.90","32.70"
"1150930","6180","橘子","41.40","+0.30","41.10","41.40","40.80","229000","9412500","141","41.35","41.40","175493573","45.50","37.30"
"1150930","6182","合晶","133.00","+12.00","123.00","133.00","121.00","155900000","19877805000","78961","133.00","0.00","635459979","146.00","120.00"
"1150930","6185","幃翔","12.50","+0.15","12.45","12.50","12.35","101000","1254500","50","12.45","12.55","149867531","13.75","11.25"
"1150930","6186","新潤","29.15","+0.15","28.85","29.20","28.85","282000","8200350","178","29.10","29.20","226907598","32.05","26.25"
"1150930","6187","萬潤","1310.00","0.00","1375.00","1420.00","1275.00","4915000","6602535000","4016","1310.00","1315.00","98262739","1440.00","1180.00"
"1150930","6188","廣明","62.10","+0.50","61.80","62.40","61.80","657000","40790400","344","62.10","62.30","278358910","68.30","55.90"
"1150930","6190","萬泰科","70.40","+1.10","70.10","71.20","69.60","1946000","137482600","1327","70.40","70.50","195820796","77.40","63.40"
"1150930","6194","育富","29.85","+0.25","30.50","30.50","29.85","42000","1257050","21","29.85","29.95","48000000","32.80","26.90"
"1150930","6195","詩肯","28.25","-0.05","28.35","28.35","28.20","9000","254250","6","28.20","28.30","50192942","31.05","25.45"
"1150930","6198","瑞築","20.05","+0.65","20.05","20.05","20.05","1000","20050","1","19.45","19.90","171400350","22.05","18.05"
"1150930","6199","天品","127.50","+1.50","126.00","128.00","125.00","6632000","844532000","1795","127.00","127.50","61760018","140.00","115.00"
"1150930","006201","元大富櫃50","46.50","+0.50","46.53","46.85","46.44","105000","4890470","57","46.50","46.51","22946000","51.15","41.85"
"1150930","6203","海韻電","60.00","+0.10","59.60","60.20","59.60","87000","5219500","61","60.00","60.10","82401370","66.00","54.00"
"1150930","6204","艾華","103.00","0.00","105.00","108.00","103.00","345000","36075500","306","103.00","103.50","23102080","113.00","92.70"
"1150930","6207","雷科","151.00","+13.50","141.00","151.00","140.00","20628000","3036753000","11429","151.00","0.00","93066484","166.00","136.00"
"1150930","6208","日揚","76.00","+1.40","75.40","76.30","75.10","111000","8407100","94","75.60","76.00","94462343","83.60","68.40"
"1150930","6210","慶生","17.90","+0.15","17.55","17.95","17.50","21000","373150","14","17.60","17.90","35048000","19.65","16.15"
"1150930","6212","理銘","----","---","----","----","----","0","0","0","32.00","32.80","102000000","36.05","29.55"
"1150930","6217","中探針","176.50","+3.50","173.00","178.00","173.00","3088000","542658500","2188","176.00","176.50","117210018","194.00","159.00"
"1150930","6218","豪勉","61.90","-1.30","63.30","63.30","61.60","1257000","78137300","994","61.90","62.00","64262000","68.00","55.80"
"1150930","6219","富旺","12.20","+0.05","12.10","12.30","12.00","82000","994200","35","12.10","12.30","124967090","13.40","11.00"
"1150930","6220","岳豐","25.20","-0.05","25.20","25.30","25.10","71000","1787800","53","25.10","25.30","146462640","27.70","22.70"
"1150930","6221","晉泰","31.00","-1.85","31.75","32.90","30.55","2236000","70212400","1434","31.00","31.15","168612206","34.10","27.90"
"1150930","6222","立軒","19.30","+0.50","19.40","20.05","18.95","6000","117050","6","18.90","19.15","95688878","21.20","17.40"
"1150930","6223","旺矽","5125.00","-60.00","5275.00","5320.00","5100.00","897000","4636075000","833","5120.00","5125.00","97981309","5635.00","4615.00"
"1150930","6227","茂綸","132.00","-4.00","136.00","137.50","132.00","918000","123180500","786","132.00","132.50","76111786","145.00","119.00"
"1150930","6228","全譜","18.80","-1.00","20.60","20.60","18.80","28000","547150","27","18.70","20.00","29000000","20.65","16.95"
"1150930","6229","研通","24.20","+0.20","23.95","24.25","23.65","128000","3064250","97","24.05","24.20","40360700","26.60","21.80"
"1150930","6231","系微","235.00","-6.00","240.50","243.00","234.50","407000","96675500","367","235.00","235.50","45652186","258.50","211.50"
"1150930","6233","旺玖","22.80","+1.00","21.80","22.90","21.80","311000","6958150","149","22.60","22.80","80971896","25.05","20.55"
"1150930","6234","高僑","39.75","+0.85","39.00","40.80","38.85","1409000","56075700","762","39.70","39.75","100386398","43.70","35.80"
"1150930","6236","中湛","18.50","+0.05","19.05","19.05","18.50","2000","37550","2","0.00","18.50","41654039","20.35","16.65"
"1150930","6237","驊訊","36.50","+0.30","36.25","37.20","36.20","240000","8769650","194","36.25","36.50","79645371","40.15","32.85"
"1150930","6240","松崗","25.55","+0.05","25.50","26.45","25.45","33000","851650","25","25.55","25.90","22867370","28.10","23.00"
"1150930","6241","鑫永洋","16.30","+0.75","15.55","16.95","15.55","121000","1979300","88","16.30","16.35","45533670","17.90","14.70"
"1150930","6242","立康","34.05","-0.05","34.50","34.50","34.05","6000","205050","6","34.00","34.25","31806500","37.45","30.65"
"1150930","6244","茂迪","25.05","+1.55","23.60","25.10","23.60","10277000","254568250","5037","25.00","25.05","387041875","27.55","22.55"
"1150930","6245","立端","87.80","-0.90","88.90","90.60","87.10","975000","86275100","749","87.60","87.80","146608303","96.50","79.10"
"1150930","6246","臺龍","12.85","-0.05","13.20","13.20","12.85","26000","338300","20","12.80","12.90","37851415","14.10","11.60"
"1150930","6248","沛波","17.15","+0.30","17.00","17.15","17.00","82000","1397250","56","17.10","17.15","99956149","18.85","15.45"
"1150930","6259","百徽","30.25","+0.95","29.60","30.35","29.30","182000","5430300","134","30.00","30.25","28056146","33.25","27.25"
"1150930","6261","久元","79.10","+0.70","78.60","79.90","78.10","356000","28074100","307","79.00","79.20","128497989","87.00","71.20"
"1150930","6263","普萊德","158.50","+3.00","157.50","159.00","157.50","87000","13735000","74","158.00","158.50","62500964","174.00","143.00"
"1150930","6264","富裔","6.03","+0.02","6.01","6.04","5.97","35000","209280","13","5.97","6.03","136355291","6.63","5.43"
"1150930","6265","方土昶","48.65","+0.85","48.35","48.95","48.20","898000","43547350","629","48.60","48.70","118172151","53.50","43.80"
"1150930","6266","泰詠","25.00","+0.15","25.00","25.00","24.85","151000","3764750","72","24.85","25.00","153871641","27.50","22.50"
"1150930","6270","倍微","30.00","-0.25","30.20","30.40","30.00","164000","4941000","128","30.00","30.15","72145759","33.00","27.00"
"1150930","6274","台燿","1520.00","+35.00","1500.00","1550.00","1485.00","5953000","9031760000","4835","1520.00","1525.00","299460093","1670.00","1370.00"
"1150930","6275","元山","47.15","+0.60","47.35","47.45","46.90","216000","10185700","165","47.10","47.20","80344567","51.80","42.45"
"1150930","6276","安鈦克","19.30","-0.15","19.00","19.35","19.00","10000","191350","10","19.20","19.35","22043000","21.20","17.40"
"1150930","6279","胡連","112.50","+1.00","113.00","113.00","111.00","328000","36659500","233","112.00","112.50","119015736","123.50","101.50"
"1150930","6284","佳邦","75.60","-1.40","78.20","78.60","75.60","1449000","110928900","1089","75.60","75.70","148980341","83.10","68.10"
"1150930","6290","良維","280.00","+10.50","272.00","283.50","270.00","3313000","921732000","2353","279.50","280.00","169652410","308.00","252.00"
"1150930","6291","沛亨","500.00","+1.00","504.00","510.00","494.00","897000","450945000","824","500.00","501.00","42000000","550.00","450.00"
"1150930","6292","迅德","66.60","-0.20","67.00","67.30","66.20","171000","11395700","148","66.40","66.60","46600712","73.20","60.00"
"1150930","6294","智基","28.25","0.00","29.00","29.00","28.25","27000","776350","15","28.25","28.50","26047106","31.05","25.45"
"1150930","6411","晶焱","77.60","+0.10","78.20","78.30","77.40","191000","14831300","147","77.60","77.80","99508031","85.30","69.90"
"1150930","6417","韋僑","102.00","0.00","102.50","103.50","102.00","68000","6981500","48","102.00","102.50","42274000","112.00","91.80"
"1150930","6418","詠昇","34.65","+0.05","34.50","35.20","34.50","81000","2810500","44","34.65","34.85","34522000","38.10","31.20"
"1150930","6419","京晨科","156.00","+4.00","155.00","158.50","153.00","268000","41828500","216","156.00","156.50","13159170","171.50","140.50"
"1150930","6423","億而得","85.90","0.00","86.30","86.30","84.60","28000","2394900","27","85.20","85.90","31016000","94.40","77.40"
"1150930","6425","易發","79.00","+5.00","74.20","79.80","74.20","4319000","337806300","2993","78.90","79.00","51382317","86.90","71.10"
"1150930","6432","今展科","63.50","+4.00","60.30","65.10","59.80","1287000","81357600","832","63.50","63.70","40017865","69.80","57.20"
"1150930","6435","大中","252.00","-0.50","255.50","259.00","252.00","284000","72115500","259","252.00","252.50","37461300","277.00","227.00"
"1150930","6441","廣錠","24.70","-0.05","24.80","25.30","24.55","118000","2922700","98","24.70","24.85","53318429","27.15","22.25"
"1150930","6461","益得","24.45","+0.15","24.00","24.50","24.00","61000","1479100","40","24.10","24.45","110324527","26.85","22.05"
"1150930","6462","神盾","106.00","+3.00","105.50","106.50","102.50","1032000","107677500","718","105.50","106.00","91250754","116.50","95.40"
"1150930","6465","威潤","41.75","+0.30","41.15","41.80","40.30","59000","2431200","48","41.65","41.70","59073685","45.90","37.60"
"1150930","6469","大樹","64.40","-0.10","64.50","64.70","64.30","221000","14258900","153","64.40","64.70","159104252","70.80","58.00"
"1150930","6470","宇智","42.70","0.00","42.35","42.70","42.00","32000","1352600","30","42.45","42.75","37694100","46.95","38.45"
"1150930","6474","華豫寧","35.70","+0.20","35.50","35.70","35.50","16000","570000","15","35.65","35.70","52526199","39.25","32.15"
"1150930","6482","弘煜科","23.50","+0.15","23.40","23.50","23.40","4000","93700","3","23.40","23.65","28634463","25.85","21.15"
"1150930","6485","點序","77.00","+7.00","70.60","77.00","70.60","2135000","161513700","1297","77.00","0.00","47366493","84.70","69.30"
"1150930","6486","互動","80.60","0.00","80.80","80.90","80.60","43000","3472400","32","80.60","80.70","50893286","88.60","72.60"
"1150930","6488","環球晶","1035.00","+90.00","966.00","1035.00","953.00","17757000","17666364000","13668","1035.00","0.00","478113725","1135.00","932.00"
"1150930","6492","生華科","34.35","+0.20","34.35","34.40","34.05","191000","6532300","122","34.20","34.35","114903620","37.75","30.95"
"1150930","6494","九齊","51.80","+1.00","51.00","51.80","51.00","68000","3500400","58","51.50","51.90","31559690","56.90","46.65"
"1150930","6496","科懋","23.65","+0.25","23.40","23.85","23.05","157000","3683000","23","23.40","23.60","47290220","26.00","21.30"
"1150930","6498","久禾光","66.80","-0.70","67.80","67.80","66.30","78000","5202200","64","66.70","67.00","47475892","73.40","60.20"
"1150930","6499","益安","77.70","+3.20","73.90","78.00","73.90","484000","37225700","295","77.60","77.70","96944893","85.40","70.00"
"1150930","6506","雙邦","18.60","+0.10","18.40","18.60","18.40","51000","943000","18","18.50","18.65","82360826","20.45","16.75"
"1150930","6508","惠光","26.95","-0.05","27.10","27.45","26.95","30000","811700","28","26.95","27.20","86538864","29.60","24.30"
"1150930","6509","聚和","49.10","+0.95","48.50","50.10","48.30","1798000","88877100","1031","49.10","49.15","197434268","54.00","44.20"
"1150930","6510","精測","3065.00","-75.00","3170.00","3240.00","3065.00","965000","3021440000","891","3065.00","3070.00","32929138","3370.00","2760.00"
"1150930","6512","啟發電","20.25","0.00","20.10","20.25","20.10","3000","60550","3","20.25","20.30","25260000","22.25","18.25"
"1150930","6516","勤崴國際","56.50","+0.30","57.50","57.50","56.20","31000","1747200","29","56.30","56.50","56336935","62.10","50.90"
"1150930","6517","保勝光學","63.60","+0.80","63.20","63.60","63.10","89000","5641200","76","63.50","63.60","30579053","69.90","57.30"
"1150930","6523","達爾膚","91.00","+0.60","91.00","93.00","90.60","109000","9990600","82","91.00","91.20","45047625","97.90","80.10"
"1150930","6527","明達醫","75.00","0.00","73.10","75.00","73.10","37000","2768600","21","74.60","75.20","25458550","82.50","67.50"
"1150930","6530","創威","104.50","+5.00","100.00","105.00","100.00","3494000","358600000","2461","104.00","104.50","33750000","114.50","94.10"
"1150930","6532","瑞耘","118.50","+10.50","114.00","118.50","114.00","1499000","175628000","815","118.50","0.00","37445147","130.00","107.00"
"1150930","6535","順藥","82.20","+1.50","80.70","82.90","80.70","241000","19786700","225","82.20","82.40","167840825","90.40","74.00"
"1150930","6538","倉和","356.00","-2.50","360.50","374.50","355.00","2075000","755522500","1724","355.50","356.50","38443145","391.50","320.50"
"1150930","6542","隆中","40.50","-0.45","40.25","40.50","40.25","8000","322500","6","40.65","40.95","42000630","44.55","36.45"
"1150930","6546","正基","59.40","+0.80","59.50","60.10","59.20","219000","13068700","169","59.40","59.50","66848449","65.30","53.50"
"1150930","6547","高端疫苗","62.40","+1.50","61.00","63.40","60.80","3686000","230124900","1985","62.40","62.50","329459855","68.60","56.20"
"1150930","6548","長科*","72.20","+0.40","72.20","73.50","72.10","993000","71876800","716","72.20","72.50","950464700","79.40","65.00"
"1150930","6556","勝品","62.10","+0.20","62.00","62.10","62.00","4000","248200","4","61.90","62.10","28750000","68.30","55.90"
"1150930","6560","欣普羅","32.20","-0.20","32.45","32.45","32.10","19000","613000","17","32.20","32.60","32474715","35.40","29.00"
"1150930","6561","是方","307.00","-1.50","309.00","309.50","306.50","93000","28573000","84","307.00","309.00","77958370","337.50","276.50"
"1150930","6568","宏觀","142.50","-1.50","146.50","150.00","142.50","206000","30009500","153","142.50","143.00","30799700","156.50","128.50"
"1150930","6569","醫揚","92.20","+0.20","92.10","92.20","91.60","12000","1102300","12","91.90","92.20","42820745","101.00","83.00"
"1150930","6570","維田","47.55","-0.20","47.85","47.85","47.15","98000","4652000","71","47.55","47.70","37119170","52.30","42.80"
"1150930","6574","霈方","118.50","-1.00","118.50","119.00","118.00","27000","3193500","21","118.00","119.00","21990000","130.00","107.00"
"1150930","6576","逸達","79.50","-0.20","79.50","79.60","79.30","56000","4450800","47","79.40","80.00","157579266","87.40","71.60"
"1150930","6577","勁豐","80.00","+0.60","79.40","80.00","79.30","26000","2070800","20","79.80","80.10","60060145","88.00","72.00"
"1150930","6578","達邦蛋白","16.45","-0.10","16.40","16.50","16.30","47000","771450","33","16.40","16.45","71941901","18.05","14.85"
"1150930","6584","南俊國際","540.00","-3.00","545.00","549.00","540.00","160000","86838000","150","540.00","542.00","71381810","594.00","486.00"
"1150930","6588","東典光電","108.00","+0.50","109.50","113.50","108.00","1068000","118000000","858","108.00","109.00","34700825","118.50","97.20"
"1150930","6590","普鴻","65.90","-0.30","66.20","66.30","65.90","25000","1651800","21","65.90","66.30","28695603","72.40","59.40"
"1150930","6593","台灣銘板","32.25","0.00","32.10","32.25","31.70","10000","319900","9","32.05","32.25","31856609","35.45","29.05"
"1150930","6596","寬宏藝術","97.30","+0.40","97.80","97.80","97.00","89000","8661300","72","97.20","97.30","38000000","107.00","87.60"
"1150930","6597","立誠","68.70","+0.20","65.60","68.70","65.60","6000","402800","6","65.80","68.80","30042250","75.50","61.90"
"1150930","6603","富強鑫","28.80","-0.45","30.00","30.70","28.60","6951000","205003750","3818","28.80","28.85","167442946","31.65","25.95"
"1150930","6609","瀧澤科","39.95","+0.35","39.70","40.00","39.45","75000","2972000","51","39.80","39.95","72456246","43.90","36.00"
"1150930","6612","奈米醫材","72.50","+0.70","72.00","72.50","71.80","36000","2594300","32","72.00","72.30","52266043","79.70","65.30"
"1150930","6613","朋億*","274.00","+4.00","272.00","276.50","272.00","206000","56488500","180","273.50","274.00","77801485","301.00","247.00"
"1150930","6615","慧智","33.50","+0.10","33.40","33.50","33.40","3000","100300","3","33.50","34.00","21593400","36.85","30.15"
"1150930","6616","特昇-KY","8.18","-0.05","8.25","8.25","8.05","7000","57310","7","8.13","8.19","35478473","8.99","7.37"
"1150930","6617","共信-KY","138.50","+5.50","135.00","142.00","135.00","688000","95485500","590","137.50","138.50","127506100","152.00","125.00"
"1150930","6620","漢達","141.00","+5.00","137.50","145.00","133.00","7305000","1019699000","4860","140.50","141.00","169981900","155.00","127.00"
"1150930","6624","萬年清","38.25","-0.95","39.45","39.45","38.15","10000","385350","10","38.20","38.40","22579482","42.05","34.45"
"1150930","6629","泰金-KY","103.50","0.00","102.50","103.50","102.50","4000","412000","4","103.00","103.50","38379563","113.50","93.20"
"1150930","6637","醫影","53.80","-0.30","54.40","54.50","53.60","15000","813400","15","53.60","53.90","26810000","59.10","48.45"
"1150930","6640","均華","1040.00","0.00","1065.00","1090.00","1030.00","259000","274225000","243","1040.00","1045.00","28911500","1140.00","936.00"
"1150930","6642","富致","81.70","+1.00","80.80","82.00","80.80","161000","13143500","130","81.70","81.80","37399662","89.80","73.60"
"1150930","6643","M31","555.00","+50.00","506.00","555.00","500.00","2551000","1362317000","2292","555.00","0.00","42090160","610.00","499.50"
"1150930","6649","台生材","36.50","-0.30","36.50","36.50","36.45","3000","109450","3","36.30","36.75","42000000","40.15","32.85"
"1150930","6651","全宇昕","146.00","-4.50","151.50","151.50","145.00","334000","49235500","212","146.00","146.50","34601541","160.50","131.50"
"1150930","6654","天正國際","216.00","+16.00","206.50","217.50","203.00","83000","17640500","74","215.00","216.00","40962720","237.50","194.50"
"1150930","6661","威健生技","----","---","----","----","----","0","0","0","16.10","16.85","23304248","17.80","14.60"
"1150930","6662","樂斯科","----","---","----","----","----","0","0","0","27.90","28.50","25612400","31.35","25.65"
"1150930","6664","群翊","376.00","+6.00","373.50","387.00","370.50","800000","302434500","685","375.50","376.00","61151307","413.50","338.50"
"1150930","6667","信紘科","262.00","+3.00","261.00","263.50","259.50","229000","59928500","213","261.50","262.50","53478878","288.00","236.00"
"1150930","6679","鈺太","206.00","0.00","209.00","210.00","205.00","268000","55514000","243","205.50","206.50","54975335","226.50","185.50"
"1150930","6680","鑫創電子","51.90","+0.60","51.00","51.90","51.00","3000","154200","3","51.50","52.00","24671427","57.00","46.75"
"1150930","6683","雍智科技","1590.00","+115.00","1495.00","1605.00","1490.00","1158000","1801870000","1094","1585.00","1590.00","27557161","1745.00","1435.00"
"1150930","6684","安格","50.20","-0.70","50.70","51.10","50.10","95000","4796100","80","50.10","50.30","44559496","55.20","45.20"
"1150930","6690","安碁資訊","177.00","-0.50","178.00","179.50","175.00","182000","32149500","158","176.50","177.00","29999720","194.50","159.50"
"1150930","6692","進能服","23.85","+0.65","22.50","23.85","22.50","8000","185350","7","23.40","23.80","58843890","26.20","21.50"
"1150930","6693","廣閎科","211.50","-6.50","222.50","223.50","210.00","2952000","632399000","2437","211.50","212.00","45720000","232.50","190.50"
"1150930","6697","東捷資訊","41.30","+0.20","41.65","41.70","41.10","33000","1366500","27","41.10","41.50","27323364","45.40","37.20"
"1150930","6703","軒郁","100.50","+0.50","100.00","100.50","99.80","44000","4396900","41","100.00","100.50","36257210","110.50","90.50"
"1150930","6708","天擎","51.70","+4.65","51.70","51.70","51.70","879000","45444300","318","51.70","0.00","29008779","56.80","46.55"
"1150930","6712","長聖","162.00","+0.50","163.50","163.50","161.00","172000","27882000","149","161.50","162.00","100488861","178.00","146.00"
"1150930","6716","應廣","114.00","-0.50","116.00","116.50","114.00","195000","22493500","157","114.00","114.50","30241814","125.00","103.00"
"1150930","6720","久昌","127.50","0.00","128.00","129.00","127.50","12000","1536000","8","127.50","128.00","30225741","140.00","115.00"
"1150930","6721","信實","50.00","0.00","50.20","50.20","50.00","9000","450400","9","49.90","50.40","24500000","55.00","45.00"
"1150930","6725","矽科宏晟","218.00","+0.50","219.00","221.00","216.50","48000","10526000","41","217.50","218.50","37130000","239.50","196.50"
"1150930","6727","亞泰金屬","485.00","+2.00","487.50","499.50","485.00","969000","475282000","851","485.00","486.00","26884177","533.00","436.50"
"1150930","6728","上洋","109.00","+1.00","108.50","109.00","108.50","17000","1847500","9","108.00","109.00","30120000","119.50","98.10"
"1150930","6730","常廣","32.00","0.00","32.30","32.30","31.70","7000","223400","6","31.65","32.20","36298151","35.20","28.80"
"1150930","6732","昇佳電子","151.50","+0.50","152.00","153.50","151.00","70000","10626000","62","151.00","151.50","48912618","166.50","136.50"
"1150930","6733","博晟生醫","24.95","-0.15","25.20","25.30","24.85","98000","2447950","63","24.95","25.05","134316026","27.40","22.50"
"1150930","6735","美達科技","67.30","+2.40","65.50","67.70","64.70","108000","7185000","94","67.00","67.40","46182292","74.00","60.60"
"1150930","6739","竹陞科技","1135.00","+10.00","1140.00","1140.00","1100.00","246000","276690000","230","1130.00","1135.00","23392500","1245.00","1025.00"
"1150930","6741","91APP*-KY","55.10","-0.30","56.50","56.50","55.00","292000","16146000","220","55.00","55.20","120577997","60.60","49.60"
"1150930","6751","智聯服務","44.50","-0.45","44.95","44.95","44.50","6000","267550","5","44.55","44.60","22200000","48.95","40.05"
"1150930","6752","叡揚","96.00","+0.10","97.60","97.60","95.60","10000","960100","10","95.70","96.60","38258471","105.50","86.40"
"1150930","6761","穩得","165.00","+1.50","164.50","165.50","163.50","97000","15953500","90","165.00","165.50","34955867","181.50","148.50"
"1150930","6762","達亞","158.00","-1.00","158.00","158.00","158.00","4000","632000","4","156.50","162.00","36930288","173.50","142.50"
"1150930","6763","綠界科技*","41.30","+0.15","41.20","41.40","41.10","116000","4779550","85","41.25","41.30","184039130","45.40","37.20"
"1150930","6767","台微醫","24.50","+0.05","24.10","24.50","24.10","3000","73100","3","24.15","24.65","39183630","26.95","22.05"
"1150930","6785","昱展新藥","95.10","-1.10","96.30","97.70","94.80","66000","6334200","61","95.10","96.50","66800000","104.50","85.60"
"1150930","6788","華景電","349.00","+4.50","346.00","351.50","346.00","161000","56289500","150","348.00","350.00","38739683","383.50","314.50"
"1150930","6791","虎門科技","99.50","+0.40","99.90","99.90","99.20","7000","695500","7","99.30","99.70","20847000","109.00","89.60"
"1150930","6803","崑鼎","267.00","+0.50","267.00","267.00","266.00","31000","8270000","30","266.50","267.00","72794385","293.50","240.50"
"1150930","6804","明係","18.35","+0.25","18.10","18.50","18.10","53000","972900","24","18.25","18.45","47500000","20.15","16.55"
"1150930","6811","宏碁資訊","240.50","+1.00","241.00","241.00","237.50","223000","53349500","186","240.00","241.00","41449000","264.50","216.50"
"1150930","6821","聯寶","42.80","+1.85","41.10","42.80","40.95","153000","6374300","110","42.55","42.80","35767479","47.05","38.55"
"1150930","6823","濾能","60.80","-2.20","63.40","63.40","60.80","88000","5408700","72","60.70","61.40","30533920","66.80","54.80"
"1150930","6829","千附精密","208.50","0.00","210.00","210.50","208.00","464000","96941000","367","208.50","209.00","59169000","229.00","188.00"
"1150930","6840","東研信超","98.90","-0.60","100.50","100.50","97.80","209000","20706400","164","98.90","99.20","30767284","108.50","89.10"
"1150930","6841","長佳智能","58.80","+3.50","57.70","58.80","56.50","796000","45903000","513","58.60","58.80","95223000","64.60","53.00"
"1150930","6843","進典","38.55","+0.20","39.05","39.05","38.55","3000","116600","3","38.15","38.95","33304000","42.40","34.70"
"1150930","6844","諾貝兒","57.50","+0.10","57.40","57.50","57.00","13000","746000","12","57.00","57.50","37428440","63.20","51.80"
"1150930","6846","綠茵","58.50","+0.30","59.20","59.20","58.10","6000","351500","6","58.10","58.80","27066039","64.30","52.70"
"1150930","6855","數泓科","116.00","+2.00","111.00","116.00","110.50","8000","901000","8","111.50","117.00","23249716","127.50","104.50"
"1150930","6856","鑫傳","42.00","+0.20","41.10","42.00","41.05","13000","538350","13","41.05","42.00","28200000","46.20","37.80"
"1150930","6859","伯特光","120.50","+0.50","120.00","120.50","119.00","21000","2519000","17","119.50","121.00","41588600","132.50","108.50"
"1150930","6865","偉康科技","29.15","+1.15","28.00","29.15","27.05","59000","1651550","50","27.35","29.20","15840645","32.05","26.25"
"1150930","6870","騰雲","323.50","-7.00","331.00","331.00","315.00","124000","39805000","121","320.50","324.00","28462772","355.50","291.50"
"1150930","6872","浩宇生醫","24.05","+0.05","25.80","25.80","23.60","238000","5775300","128","24.05","24.30","70750511","26.45","21.65"
"1150930","6874","倍力","69.80","-0.40","69.70","70.70","69.70","20000","1400300","20","69.70","70.30","24156200","76.70","62.90"
"1150930","6875","國邑*","31.35","0.00","31.50","32.00","31.35","183000","5775050","96","31.30","31.35","129182804","34.45","28.25"
"1150930","6877","鏵友益","126.00","-2.00","129.00","129.00","124.00","64000","8079000","56","125.50","127.00","46967122","138.50","113.50"
"1150930","6881","潤德","214.50","0.00","214.50","214.50","214.50","4000","858000","3","215.00","216.00","15000000","235.50","193.50"
"1150930","6884","海柏特","30.55","-0.55","31.10","31.10","30.55","13000","398550","9","30.60","30.95","18390000","33.60","27.50"
"1150930","6894","衛司特","361.00","-1.00","365.50","368.50","361.00","42000","15332000","32","361.00","362.50","23800000","397.00","325.00"
"1150930","6895","宏碩系統","151.50","+6.50","147.00","151.50","146.50","17000","2521500","16","150.00","152.00","34100000","166.50","136.50"
"1150930","6899","創為精密","49.80","+0.30","50.00","50.00","48.90","11000","545200","11","49.35","49.80","42398491","54.70","44.85"
"1150930","6903","巨漢","315.50","+11.00","306.50","318.50","306.50","544000","171536000","449","315.50","316.50","66676000","347.00","284.00"
"1150930","6904","伯鑫","123.00","+1.50","123.00","123.00","123.00","1000","123000","1","110.00","121.50","18500000","135.00","111.00"
"1150930","6907","雅特力-KY","188.00","+7.50","184.00","189.50","182.00","739000","138489000","629","187.50","188.00","62542400","206.50","169.50"
"1150930","6910","德鴻","26.95","+0.45","26.90","26.95","26.60","16000","428650","16","26.75","26.80","30521000","29.60","24.30"
"1150930","6913","鴻呈","128.50","+1.50","128.50","129.50","128.50","71000","9153000","65","128.50","129.00","43848863","141.00","116.00"
"1150930","6922","宸曜","221.00","-4.00","228.50","230.00","218.50","193000","43112500","176","220.00","221.00","27155385","243.00","199.00"
"1150930","6925","意藍","73.80","-1.20","74.80","75.00","72.70","1217000","90058500","974","73.80","73.90","20000300","81.10","66.50"
"1150930","6929","佑全","21.80","+0.15","22.10","22.10","21.80","4000","87600","3","21.50","21.90","45090000","23.95","19.65"
"1150930","6945","圓祥生技","148.50","+8.50","140.00","149.00","140.00","692000","100213500","467","148.00","148.50","97531160","163.00","134.00"
"1150930","6953","家碩","245.00","+4.00","243.00","246.50","241.00","40000","9738500","34","243.50","245.00","30014600","269.50","220.50"
"1150930","6961","旅天下","48.10","+0.45","47.65","48.10","47.50","31000","1483800","18","48.00","48.05","26834000","52.90","43.30"
"1150930","6967","汎瑋材料","70.20","+3.00","67.20","71.10","67.10","277000","19303200","188","70.00","70.50","30404477","77.20","63.20"
"1150930","6968","萬達寵物","41.45","-0.10","41.35","41.55","41.25","20000","827000","19","41.45","41.55","50436279","45.55","37.35"
"1150930","6971","惠民實業","23.50","-0.20","23.50","23.50","23.50","6000","141000","5","23.50","23.70","38668000","25.85","21.15"
"1150930","6982","大井泵浦","44.10","+0.60","44.00","44.50","43.50","21000","926700","20","43.90","44.20","40752381","48.50","39.70"
"1150930","6983","華洋精機","348.00","+2.00","350.50","350.50","340.00","42000","14481000","42","341.50","348.00","18020000","382.50","313.50"
"1150930","6986","和迅","44.05","+0.05","44.05","44.25","44.00","148000","6516600","50","44.00","44.10","52134000","48.45","39.65"
"1150930","6996","力領科技","169.50","+1.00","169.00","170.50","169.00","11000","1865500","11","169.00","169.50","41997833","186.00","153.00"
"1150930","6997","博弘","67.00","-1.00","67.00","67.00","67.00","1000","67000","1","66.80","67.70","22100500","73.70","60.30"
"1150930","7402","邑錡","101.00","+1.90","99.90","102.50","99.50","190000","19170100","166","101.00","101.50","35280646","111.00","90.90"
"1150930","7547","碩網","64.80","-0.50","64.40","66.30","62.80","812000","52231800","574","64.80","65.00","33963000","71.20","58.40"
"1150930","7556","意德士","264.50","-3.00","272.00","272.00","264.50","72000","19233000","53","264.00","265.50","29083868","290.50","238.50"
"1150930","7584","樂意","28.70","-0.25","28.55","28.70","28.50","6000","171250","3","28.15","28.60","17055469","31.55","25.85"
"1150930","7642","昶瑞機電","68.50","0.00","68.50","69.30","68.00","33000","2254200","26","68.10","68.80","30150000","75.30","61.70"
"1150930","7703","銳澤","201.50","+2.00","199.00","204.00","199.00","46000","9272500","45","201.50","202.00","34745000","221.50","181.50"
"1150930","7704","明遠精密","61.40","+0.10","61.30","62.00","61.00","73000","4487100","51","61.40","61.50","33769804","67.50","55.30"
"1150930","7708","全家餐飲","92.20","+0.30","92.00","92.20","92.00","10000","920400","8","92.10","92.50","25500000","101.00","83.00"
"1150930","7709","榮田","86.30","-0.20","87.20","88.20","86.00","105000","9123600","85","86.20","86.80","39102740","94.90","77.70"
"1150930","7712","博盛半導體","161.00","0.00","164.50","165.50","160.50","176000","28522000","154","160.50","161.00","32561873","177.00","145.00"
"1150930","7713","威力德生醫","74.30","+0.20","74.10","74.30","74.00","5000","371000","4","74.10","74.30","45478843","81.70","66.90"
"1150930","7714","創泓科技","172.00","+10.00","164.50","177.00","162.00","557000","95689000","425","171.50","172.00","21000000","189.00","155.00"
"1150930","7715","裕山","28.40","+0.80","30.35","30.35","28.30","141000","4137900","101","28.40","28.60","32756500","31.20","25.60"
"1150930","7716","昱臺國際","23.90","0.00","23.90","23.90","23.90","1000","23900","1","23.70","23.90","22500000","26.25","21.55"
"1150930","7717","萊德光電-KY","604.00","+12.00","600.00","618.00","590.00","625000","377735000","576","604.00","605.00","24831518","664.00","544.00"
"1150930","7718","友鋮","45.80","-0.90","46.80","47.00","45.80","38000","1755800","25","45.70","45.80","46356484","50.30","41.25"
"1150930","7723","築間","18.40","+0.10","18.35","18.40","18.20","43000","786000","33","18.35","18.40","49619550","20.20","16.60"
"1150930","7728","光焱科技","667.00","+60.00","615.00","667.00","615.00","142000","93229000","132","667.00","0.00","13992621","733.00","601.00"
"1150930","7734","印能科技","2665.00","-15.00","2740.00","2780.00","2630.00","138000","371780000","138","2665.00","2675.00","28000000","2930.00","2400.00"
"1150930","7738","東聯互動","155.50","-0.50","158.00","158.00","154.50","14000","2181000","14","155.00","156.00","27355799","171.00","140.00"
"1150930","7743","金利食安","25.00","+0.70","24.60","25.00","24.00","49000","1206900","35","24.65","25.00","36483338","27.50","22.50"
"1150930","7744","崴寶","523.00","0.00","532.00","540.00","523.00","82000","43431000","78","523.00","526.00","32076710","575.00","471.00"
"1150930","7747","昕奇雲端","111.50","+0.50","111.50","111.50","111.50","1000","111500","1","111.00","112.00","30168600","122.50","100.50"
"1150930","7751","竑騰","1625.00","+70.00","1625.00","1650.00","1530.00","326000","519895000","307","1610.00","1625.00","26888600","1785.00","1465.00"
"1150930","7753","星亞","35.60","0.00","35.40","35.60","35.40","18000","638100","14","35.45","35.65","25000000","39.15","32.05"
"1150930","7757","金色三麥","90.20","-0.30","90.50","90.50","89.50","19000","1710200","15","89.80","90.10","24100000","99.20","81.20"
"1150930","7767","仁大資訊","46.30","+0.10","46.35","46.35","46.30","2000","92650","2","46.30","46.55","30100000","50.90","41.70"
"1150930","7770","君曜","42.60","-0.35","42.95","42.95","41.50","21000","879050","16","41.60","42.55","30062053","46.85","38.35"
"1150930","7772","耀穎","176.00","0.00","180.00","180.00","175.00","95000","16801000","86","175.50","176.00","26498600","193.50","158.50"
"1150930","7777","能率亞洲","38.00","+2.40","36.05","38.35","35.80","2284000","84132000","1340","38.00","38.05","202606250","41.80","34.20"
"1150930","7782","光速火箭","25.25","+0.30","25.15","25.25","25.10","3000","75500","3","25.10","25.25","23213000","27.75","22.75"
"1150930","7792","安葆","424.00","+8.00","420.00","424.00","413.00","328000","137280000","304","424.00","424.50","46662000","466.00","382.00"
"1150930","7794","宏碁智新","30.60","+0.35","30.25","30.70","30.25","11000","335450","11","30.30","30.60","28000000","33.65","27.55"
"1150930","7805","威聯通","494.00","+5.00","498.00","498.00","491.50","23000","11338500","23","491.00","494.50","39750122","543.00","445.00"
"1150930","7810","捷創科技","235.00","+7.50","229.00","236.00","228.50","200000","46731000","142","233.00","235.00","20250000","258.50","211.50"
"1150930","7811","民盛","73.50","0.00","73.50","73.50","73.50","1000","73500","1","73.50","74.90","33377000","80.80","66.20"
"1150930","7814","海昌生技","28.25","-0.15","28.40","28.40","28.25","17000","481950","13","28.35","28.70","45000000","31.05","25.45"
"1150930","7819","精誠金融","33.70","-0.60","34.25","34.30","33.50","50000","1694850","40","33.75","34.40","25263500","37.05","30.35"
"1150930","7820","立盈","110.50","+2.00","106.50","111.00","106.50","20000","2195500","16","109.50","110.50","37768096","121.50","99.50"
"1150930","7825","和亞智慧","84.40","+0.80","82.60","86.50","81.40","366000","30490400","277","84.40","84.50","25614500","92.80","76.00"
"1150930","7828","創新服務","1885.00","-15.00","1920.00","1965.00","1875.00","211000","401175000","202","1885.00","1900.00","40493911","2070.00","1700.00"
"1150930","7839","達人網","43.20","-0.10","43.20","43.20","42.50","9000","386700","9","43.10","43.20","15096025","47.50","38.90"
"1150930","7842","天能綠電","98.30","-0.30","94.30","98.40","94.30","14000","1341600","14","95.40","98.40","18250000","108.00","88.50"
"1150930","7856","漢測","4250.00","-65.00","4340.00","4400.00","4235.00","221000","946665000","215","4250.00","4265.00","33000000","9995.00","0.01"
"1150930","8024","佑華","12.55","0.00","11.60","13.10","11.60","84000","1035650","61","12.55","12.95","45160100","13.80","11.30"
"1150930","8027","鈦昇","222.00","+20.00","222.00","222.00","219.00","1773000","393580500","974","222.00","0.00","112903169","244.00","200.00"
"1150930","8032","光菱","36.20","+0.40","35.80","36.50","35.80","47000","1696200","38","36.05","36.30","51810300","39.80","32.60"
"1150930","8034","榮群","20.35","-0.15","20.50","20.85","20.25","72000","1465950","48","20.30","20.40","56586353","22.35","18.35"
"1150930","8038","長園科","34.60","+2.15","31.90","34.70","31.90","381000","12775250","239","34.60","34.65","62278190","38.05","31.15"
"1150930","8040","九暘","98.50","-1.50","101.00","102.50","98.00","4575000","454908200","3630","98.40","98.50","96413874","108.00","88.70"
"1150930","8042","金山電","111.50","0.00","113.00","114.00","111.00","1324000","148305500","1027","111.50","112.00","142855368","122.50","100.50"
"1150930","8043","蜜望實","130.50","-1.00","133.00","133.50","130.50","757000","99544500","642","130.50","131.00","79907170","143.50","117.50"
"1150930","8044","網家","24.30","+0.20","24.20","24.30","24.05","195000","4722250","145","24.25","24.30","204768065","26.70","21.90"
"1150930","8047","星雲","50.80","-0.20","51.20","51.50","50.20","409000","20836400","106","50.80","50.90","41666343","55.80","45.75"
"1150930","8048","德勝","50.60","+0.20","49.95","50.90","49.70","91000","4590500","71","50.40","50.90","59436924","55.60","45.55"
"1150930","8049","晶采","24.60","+0.10","24.60","24.65","24.55","118000","2903950","75","24.55","24.60","118279808","27.05","22.15"
"1150930","8050","廣積","63.60","-2.10","67.10","68.00","63.00","6071000","394352500","4112","63.60","63.70","205204891","69.90","57.30"
"1150930","8054","安國","88.60","+1.40","89.00","89.00","86.60","1030000","90636100","833","88.60","88.70","108732566","97.40","79.80"
"1150930","8059","凱碩","17.15","-0.15","17.05","17.50","17.00","146000","2496300","99","17.15","17.35","116466300","18.85","15.45"
"1150930","8064","東捷","145.50","+4.00","144.00","155.00","144.00","22916000","3417386500","15984","145.00","146.00","184817836","160.00","131.00"
"1150930","8066","來思達","15.15","+0.15","15.25","15.25","14.80","7000","105000","6","14.85","15.15","36642304","16.65","13.65"
"1150930","8067","志旭","12.35","+0.05","12.30","12.50","12.30","8000","99050","8","11.70","12.35","20700000","13.55","11.15"
"1150930","8068","全達","17.75","+0.15","17.60","18.00","17.55","128000","2271450","82","17.75","17.90","80765949","19.50","16.00"
"1150930","8069","元太","144.00","+1.50","145.00","146.50","143.50","5385000","779136000","2837","144.00","144.50","1154695380","158.00","130.00"
"1150930","8071","能率網通","22.05","+0.20","21.80","22.10","21.80","329000","7216000","237","22.05","22.10","60084283","24.25","19.85"
"1150930","8074","鉅橡","51.60","+0.80","51.20","51.80","51.10","261000","13411300","209","51.60","51.70","86974466","56.70","46.45"
"1150930","8076","伍豐","21.80","+0.30","21.70","21.80","21.55","516000","11178100","286","21.75","21.80","292213592","23.95","19.65"
"1150930","8077","洛碁","42.15","-0.65","42.30","42.35","42.15","10000","422350","7","42.10","42.90","21945669","46.35","37.95"
"1150930","8080","泰霖","27.80","-0.20","27.70","27.85","27.70","10000","278000","9","27.80","28.40","67163821","30.55","25.05"
"1150930","8083","瑞穎","156.00","+0.50","156.00","157.00","155.50","48000","7480500","41","156.00","157.00","35133193","171.50","140.50"
"1150930","8084","巨虹","26.85","-2.95","26.85","26.85","26.85","1004000","26957400","505","0.00","26.85","174754149","29.50","24.20"
"1150930","8085","福華","14.40","+0.15","14.15","14.55","14.15","132000","1885250","75","14.35","14.45","139983060","15.80","13.00"
"1150930","8086","宏捷科","114.50","+4.50","111.00","116.00","111.00","4687000","536217000","2716","114.50","115.00","196516123","125.50","103.50"
"1150930","8087","麗升能源","22.80","-0.20","23.30","23.30","22.60","20000","455650","18","22.75","23.00","38646042","25.05","20.55"
"1150930","8088","品安","44.40","+2.15","42.30","44.55","42.30","692000","30300800","514","44.40","44.45","60921749","48.80","40.00"
"1150930","8089","康全電訊","19.50","+0.35","19.05","19.50","18.95","129000","2477650","94","19.50","19.55","65998718","21.45","17.55"
"1150930","8091","翔名","217.00","-3.00","221.50","223.00","215.50","316000","69085000","280","216.50","217.00","56943651","238.50","195.50"
"1150930","8092","建暐","12.60","+0.05","12.85","12.85","12.50","28000","354100","23","12.55","12.65","57172325","13.85","11.35"
"1150930","8093","保銳","23.65","-0.20","24.30","24.65","23.65","32000","765150","25","23.60","24.75","56567567","26.00","21.30"
"1150930","8096","擎亞","88.30","-0.40","89.30","91.10","88.20","3177000","283616100","2302","88.30","88.40","149343066","97.10","79.50"
"1150930","8097","常珵","48.50","+0.35","48.85","49.30","48.00","111000","5399300","72","48.40","48.50","63802468","53.30","43.65"
"1150930","8099","大世科","59.60","-0.20","60.20","60.20","59.10","45000","2674900","40","59.40","59.60","100072800","65.50","53.70"
"1150930","8102","傑霖科技","59.90","+0.40","57.50","60.40","57.30","14000","829100","14","58.40","60.00","23358350","65.80","54.00"
"1150930","8107","大億金茂","12.00","-0.05","12.05","12.10","11.70","69000","827450","38","11.90","12.05","75000000","13.20","10.80"
"1150930","8109","博大","135.00","+0.50","134.50","136.00","133.50","189000","25501000","123","134.50","135.00","82161236","148.50","121.50"
"1150930","8111","立碁","79.30","-0.40","80.40","81.20","78.90","8529000","680972400","5682","79.30","79.40","109102223","87.20","71.40"
"1150930","8121","越峰","31.50","-0.40","32.00","32.00","31.15","1220000","38426000","798","31.45","31.50","212993743","34.65","28.35"
"1150930","8147","正淩","158.50","+10.50","149.50","160.50","148.00","1203000","188526000","987","158.00","158.50","42086166","174.00","143.00"
"1150930","8155","博智","316.00","+10.00","310.00","318.50","302.00","1174000","363363000","950","316.00","317.00","62555193","347.50","284.50"
"1150930","8171","天宇","20.80","+0.20","20.70","20.80","20.50","196000","4049800","98","20.75","20.80","112853326","22.85","18.75"
"1150930","8176","智捷","9.76","-0.02","9.62","9.78","9.62","88000","855440","30","9.74","9.77","71701000","10.70","8.79"
"1150930","8182","加高","41.40","+0.20","41.50","42.40","41.05","702000","29194050","581","41.40","41.45","107041215","45.50","37.30"
"1150930","8227","巨有科技","370.50","+33.50","370.50","370.50","370.50","718000","266019000","442","370.50","0.00","39543000","407.50","333.50"
"1150930","8234","新漢","62.60","+0.50","62.40","63.00","62.20","247000","15443400","182","62.60","62.70","141226472","68.80","56.40"
"1150930","8240","華宏","57.30","+2.80","54.30","57.30","54.00","2426000","135058000","1621","57.00","57.30","100004414","63.00","51.60"
"1150930","8255","朋程","147.00","+2.00","147.00","149.00","145.50","553000","81327000","407","146.50","147.00","101961041","161.50","132.50"
"1150930","8272","全景軟體","64.50","-1.00","63.60","64.50","63.50","4000","255200","4","63.50","64.60","18997755","70.90","58.10"
"1150930","8277","商丞","15.50","-0.10","15.50","15.50","15.15","150000","2296350","62","15.50","15.60","39500000","17.05","13.95"
"1150930","8279","生展","78.00","-0.70","78.80","78.80","78.00","10000","782700","10","78.00","78.20","27100851","85.80","70.20"
"1150930","8284","三竹","68.00","0.00","68.00","68.00","66.90","55000","3709900","28","67.60","68.10","47303000","74.80","61.20"
"1150930","8289","泰藝","46.40","+0.35","46.25","46.95","45.70","424000","19667550","306","46.35","46.40","68333765","51.00","41.80"
"1150930","8291","尚茂","28.55","-0.35","28.90","29.95","28.55","50000","1442050","28","28.55","29.75","17478450","31.40","25.70"
"1150930","8299","群聯","2150.00","+35.00","2150.00","2215.00","2140.00","2781000","6022850000","2382","2145.00","2150.00","221337247","2365.00","1935.00"
"1150930","8342","益張","83.50","0.00","83.50","83.50","83.50","1000","83500","1","84.80","86.00","33536692","91.80","75.20"
"1150930","8349","恒耀","40.40","+0.80","39.50","40.40","39.40","150000","5984450","99","40.05","40.50","208821391","44.40","36.40"
"1150930","8349A","恒耀甲特","----","---","----","----","----","0","0","0","45.30","45.45","10000000","49.85","40.85"
"1150930","8354","冠好","16.90","0.00","16.80","17.30","16.80","18000","303900","9","16.85","16.95","78532263","18.55","15.25"
"1150930","8358","金居","495.00","-3.00","509.00","515.00","495.00","8233000","4113300500","6760","495.00","495.50","252588000","544.00","445.50"
"1150930","8383","千附","68.40","+0.80","67.70","68.60","67.70","694000","47337500","493","68.30","68.40","113760482","75.20","61.60"
"1150930","8390","金益鼎","90.40","+1.00","90.20","90.60","89.60","177000","15965800","136","90.40","90.60","96116128","99.40","81.40"
"1150930","8401","白紗科","22.75","0.00","22.80","22.80","22.45","11000","249400","8","22.60","22.65","70669058","25.00","20.50"
"1150930","8403","盛弘","18.95","-0.10","19.05","19.05","18.90","136000","2575250","65","18.95","19.05","137640343","20.80","17.10"
"1150930","8409","商之器","18.00","0.00","18.05","18.05","18.00","6000","108150","4","18.00","18.20","32000000","19.80","16.20"
"1150930","8410","森田","27.80","-0.20","28.00","28.00","27.70","26000","723200","21","27.75","27.80","36589200","30.55","25.05"
"1150930","8415","大國鋼","35.20","+0.05","35.20","35.65","35.15","491000","17343600","355","35.20","35.35","1031500000","38.70","31.70"
"1150930","8416","實威","169.00","0.00","169.00","169.00","169.00","1000","169000","1","168.50","170.00","28210710","185.50","152.50"
"1150930","8421","旭源","12.95","+0.10","12.90","12.95","12.85","63000","811000","27","12.95","13.00","63817140","14.20","11.70"
"1150930","8423","保綠-KY","18.20","+0.15","18.15","18.20","17.95","9000","162800","7","18.00","18.10","41714030","20.00","16.40"
"1150930","8424","惠普","70.70","+0.70","69.50","70.70","69.50","14000","986000","9","69.60","70.70","36054368","77.70","63.70"
"1150930","8426","紅木-KY","20.65","0.00","20.50","20.75","20.30","50000","1023400","43","20.55","20.70","50242500","22.70","18.60"
"1150930","8431","匯鑽科","66.80","+0.50","65.70","67.10","65.30","1210000","80010500","865","66.50","66.80","48778331","73.40","60.20"
"1150930","8432","東生華","50.70","+0.10","50.80","50.90","50.60","54000","2744100","44","50.70","50.80","38398140","55.70","45.65"
"1150930","8433","弘帆","52.80","-0.20","53.20","53.20","52.80","6000","318800","5","52.80","53.10","54506098","58.00","47.55"
"1150930","8435","鉅邁","53.40","+0.40","53.00","53.40","53.00","45000","2394400","32","53.10","53.40","35200450","58.70","48.10"
"1150930","8436","大江","106.50","+1.00","106.50","107.50","106.00","312000","33293000","238","106.00","106.50","117728830","117.00","95.90"
"1150930","8437","大地-KY","10.20","+0.10","10.25","10.50","10.10","51000","528400","23","10.20","10.25","47014070","11.20","9.18"
"1150930","8440","綠電","20.35","除息","20.25","20.40","20.20","76000","1541000","50","20.25","20.45","50255299","22.35","18.35"
"1150930","8444","綠河-KY","4.35","-0.05","4.35","4.35","4.28","8000","34410","6","4.35","4.39","125104845","4.78","3.92"
"1150930","8446","華研","84.80","+0.40","84.40","85.00","84.30","48000","4052800","18","84.40","85.00","52914405","93.20","76.40"
"1150930","8450","霹靂","14.30","-0.10","14.15","14.30","14.10","24000","340550","23","14.10","14.30","51309947","15.70","12.90"
"1150930","8455","大拓-KY","22.10","0.00","22.10","22.10","22.10","4000","88400","4","22.10","22.80","25219056","24.30","19.90"
"1150930","8472","納維康","69.50","-3.60","74.40","74.40","69.50","21000","1480200","19","69.30","70.40","17735800","76.40","62.60"
"1150930","8477","創業家","14.10","0.00","14.10","14.35","14.10","12000","170000","11","14.10","14.35","84170616","15.50","12.70"
"1150930","8489","三貝德","22.45","+0.20","22.00","22.45","21.95","38000","844450","30","22.30","22.45","59948960","24.65","20.25"
"1150930","8905","裕國","34.65","-0.50","34.70","34.70","34.65","3000","104050","3","34.70","34.85","119440000","38.10","31.20"
"1150930","8906","花王","28.60","-0.20","29.00","29.00","28.50","15000","429800","12","28.60","28.80","44037370","31.45","25.75"
"1150930","8908","欣雄","40.35","+0.10","40.00","40.35","40.00","12000","480850","10","40.05","40.35","324764524","44.35","36.35"
"1150930","8916","光隆","41.05","-0.05","41.25","41.30","41.00","27000","1110200","21","41.05","41.10","150384146","45.15","36.95"
"1150930","8917","欣泰","53.70","-0.80","55.00","55.50","53.70","4000","218200","4","52.50","54.50","162652459","59.00","48.35"
"1150930","8921","沈氏","16.80","-0.25","16.25","16.80","16.25","2000","33050","2","16.40","16.75","46592159","18.45","15.15"
"1150930","8923","時報","18.00","-0.45","18.00","18.00","18.00","1000","18000","1","18.10","18.60","30375800","19.80","16.20"
"1150930","8924","大田","49.45","+0.05","49.15","49.50","49.10","26000","1281150","24","49.35","49.50","83800000","54.30","44.55"
"1150930","8927","北基","18.75","-0.05","18.85","18.90","18.70","122000","2294050","79","18.75","18.80","419068367","20.60","16.90"
"1150930","8928","鉅明","22.95","+0.05","22.70","22.95","22.70","9000","205500","7","22.90","23.00","50854015","25.20","20.70"
"1150930","8929","富堡","13.20","+0.30","12.85","13.25","12.80","25000","326800","19","13.20","13.25","50580862","14.50","11.90"
"1150930","8930","青鋼","28.75","+0.05","28.70","28.75","28.60","38000","1088550","17","28.70","28.75","81809406","31.60","25.90"
"1150930","8931","大汽電","43.25","+0.10","43.00","43.50","42.90","244000","10500350","36","43.10","43.20","122254862","47.55","38.95"
"1150930","8932","智通*","92.60","-0.80","93.40","94.10","92.50","822000","76456200","533","92.60","92.70","426013152","101.50","83.40"
"1150930","8933","愛地雅","4.50","-0.08","4.41","4.57","4.40","108000","480130","57","4.40","4.50","326724305","4.95","4.05"
"1150930","8935","邦泰","19.65","+0.35","19.00","20.40","18.80","599000","11661900","289","19.60","19.80","113495000","21.60","17.70"
"1150930","8936","國統","52.60","+0.70","52.30","52.70","52.10","1068000","56002600","579","52.60","52.70","248078157","57.80","47.35"
"1150930","8937","合騏*","26.20","+1.10","25.10","26.20","24.40","339000","8439950","152","24.80","26.20","431680272","28.80","23.60"
"1150930","8938","明安","52.60","-0.10","52.50","53.00","52.50","33000","1739900","28","52.60","52.80","156986490","57.80","47.35"
"1150930","8941","關中","43.80","-0.20","44.00","44.00","43.80","5000","219750","4","43.15","44.00","34972071","48.15","39.45"
"1150930","8942","森鉅","40.20","0.00","40.30","40.55","40.05","143000","5755700","95","40.15","40.30","198842255","44.20","36.20"
"1150930","009806","台新標普500","13.77","+0.08","13.74","13.77","13.74","15000","206130","3","13.74","13.78","13661000","9999.95","0.01"
"1150930","009807","台新標普科技精選","17.80","+0.14","17.79","17.82","17.79","283000","5037930","11","17.74","17.80","13760000","9999.95","0.01"
"1150930","009814","富邦標普500","11.42","+0.04","11.38","11.42","11.38","646000","7367190","112","11.40","11.42","153076000","9999.95","0.01"
"1150930","009815","大華美國MAG7+","11.93","+0.04","11.89","11.96","11.89","1573000","18779780","272","11.92","11.93","419170000","9999.95","0.01"
"1150930","009822","華南永昌未來金融","9.46","0.00","9.50","9.50","9.44","504000","4763720","92","9.46","9.48","68056000","9999.95","0.01"
"1150930","009823","群益S&P500","10.47","+0.04","10.45","10.48","10.45","2071000","21692660","595","10.47","10.48","328817000","9999.95","0.01"
"1150930","009825","聯邦美國金融創新","9.78","-0.02","9.85","9.85","9.73","179000","1746030","83","9.78","9.79","116708000","9999.95","0.01"
"1150930","9949","琉園","24.30","+0.05","24.05","24.40","24.00","65000","1567800","38","24.30","24.40","44860763","26.70","21.90"
"1150930","9950","萬國通","10.20","-0.05","10.70","10.70","10.20","23000","235300","13","10.20","10.25","167716000","11.20","9.18"
"1150930","9951","皇田","47.00","-0.10","47.15","47.15","47.00","73000","3433200","47","46.95","47.00","73300000","51.70","42.30"
"1150930","9960","邁達康","41.50","+0.30","41.20","41.95","40.40","66000","2724500","56","41.20","41.55","33592500","45.65","37.35"
"1150930","9962","有益","10.35","+0.20","10.20","10.35","10.15","93000","953300","41","10.25","10.35","90220260","11.35","9.32"
"1150930","020001","富邦存股雙十N","----","---","----","----","----","0","0","0","28.33","28.42","40000000","31.16","25.50"
"1150930","020025","統一亞洲半導體N","40.23","+0.54","40.00","40.31","40.00","88000","3542690","6","40.23","40.50","200000000","9999.95","0.01"
"1150930","020033","統一恒生科期N","3.37","-0.07","3.38","3.38","3.36","107000","361630","4","3.36","3.39","200000000","9999.95","0.01"
"1150930","020035","元大上櫃ESG高息N","----","---","----","----","----","0","0","0","13.97","13.99","200000000","15.36","12.58"
"1150930","020040","元大上櫃ESG龍頭N","----","---","----","----","----","0","0","0","11.83","11.85","200000000","13.01","10.65"
"1150930","020041","兆豐半導體氣候N","21.21","+0.39","21.21","21.24","20.94","72000","1525170","19","21.16","21.17","40000000","23.33","19.09"
