資料日期,代號,名稱,收盤,漲跌,開盤,最高,最低,成交股數,成交金額,成交筆數,最後買價,最後賣價,發行股數,次日漲停價,次日跌停價
"1151005","00411A","主動統一前沿科技","10.94","+0.23","10.88","10.98","10.86","13470000","147526050","1578","10.93","10.94","412076000","9999.95","0.01"
"1151005","00679B","元大美債20年","24.50","-0.11","24.61","24.61","24.50","25215000","618555520","5305","24.50","24.51","6223692000","9999.95","0.01"
"1151005","00687B","國泰20年美債","25.46","-0.10","25.54","25.54","25.44","16674000","424901070","3255","25.45","25.46","4307380380","9999.95","0.01"
"1151005","00687C","國泰20年美債+櫃U","8.65","+0.01","8.66","8.66","8.65","34800","301068","7","8.62","8.64","1942268","9999.95","0.01"
"1151005","00694B","富邦美債1-3","41.66","-0.18","41.84","41.84","41.60","1530000","63708640","314","41.66","41.69","30076000","9999.95","0.01"
"1151005","00695B","富邦美債7-10","33.63","-0.16","33.79","33.79","33.58","340000","11424070","42","33.62","33.63","42686000","9999.95","0.01"
"1151005","00696B","富邦美債20年","26.70","-0.11","26.76","26.76","26.68","2206000","58941670","399","26.69","26.70","633181000","9999.95","0.01"
"1151005","00697B","元大美債7-10","33.91","-0.12","34.03","34.03","33.84","1214000","41132680","292","33.90","33.91","67712000","9999.95","0.01"
"1151005","00719B","元大美債1-3","30.98","-0.15","31.10","31.10","30.96","3984000","123499800","986","30.98","31.01","320014000","9999.95","0.01"
"1151005","00720B","元大投資級公司債","30.61","-0.08","30.68","30.68","30.59","4876000","149276700","1536","30.60","30.61","4069109000","9999.95","0.01"
"1151005","00722B","群益投資級電信債","32.90","-0.09","32.99","32.99","32.89","3979000","130932370","402","32.89","32.90","1465239000","9999.95","0.01"
"1151005","00723B","群益投資級科技債","28.11","-0.12","28.23","28.23","28.10","196000","5517760","22","28.09","28.11","1519083000","9999.95","0.01"
"1151005","00724B","群益投資級金融債","31.37","-0.12","31.49","31.49","31.35","4730000","148369250","197","31.36","31.37","3059775000","9999.95","0.01"
"1151005","00725B","國泰投資級公司債","32.63","-0.11","32.74","32.74","32.61","3864000","126221390","1194","32.62","32.63","3745206000","9999.95","0.01"
"1151005","00726B","國泰新興投等債","30.91","-0.14","30.90","30.91","30.88","153000","4728930","33","30.88","30.91","1186989000","9999.95","0.01"
"1151005","00727B","國泰優選非投等債","38.84","-0.05","38.88","38.88","38.81","137000","5320970","19","38.83","38.84","57189000","9999.95","0.01"
"1151005","00734B","台新JPM新興債","14.76","0.00","14.83","14.83","14.76","121000","1786030","4","14.75","14.77","24979000","9999.95","0.01"
"1151005","00740B","富邦全球投等債","35.69","-0.13","35.77","35.77","35.67","1326000","47331410","149","35.68","35.69","2243471000","9999.95","0.01"
"1151005","00741B","富邦全球非投等債","36.52","-0.10","36.60","36.60","36.40","206000","7512430","27","36.50","36.52","13128000","9999.95","0.01"
"1151005","00746B","富邦A級公司債","33.08","-0.14","33.17","33.17","33.07","332000","10989260","43","33.05","33.08","2554964000","9999.95","0.01"
"1151005","00749B","凱基新興債10+","29.28","-0.09","29.25","29.28","29.25","101000","2957250","3","29.23","29.28","1110500000","9999.95","0.01"
"1151005","00750B","凱基科技債10+","30.47","-0.11","30.46","30.47","30.46","101000","3077460","3","30.42","30.55","148000000","9999.95","0.01"
"1151005","00751B","元大AAA至A公司債","28.68","-0.08","28.76","28.77","28.67","5979000","171565990","1762","28.67","28.68","5244603000","9999.95","0.01"
"1151005","00754B","群益AAA-AA公司債","30.20","-0.01","30.22","30.22","30.19","147000","4438970","11","30.10","30.15","1303900000","9999.95","0.01"
"1151005","00755B","群益投資級公用債","30.22","-0.03","30.25","30.28","30.22","109000","3295220","11","30.21","30.22","296230000","9999.95","0.01"
"1151005","00756B","群益投等新興公債","28.60","-0.11","28.71","28.71","28.59","244000","6979520","52","28.60","28.62","1335800000","9999.95","0.01"
"1151005","00758B","復華能源債","48.08","-0.15","48.08","48.08","48.08","100000","4808000","2","47.87","47.88","5525000","9999.95","0.01"
"1151005","00759B","復華製藥債","50.50","-0.15","50.50","50.50","50.50","100000","5050000","2","50.25","50.45","47525000","9999.95","0.01"
"1151005","00760B","復華新興企業債","49.76","-0.24","49.77","49.80","49.55","115000","5722230","10","49.65","49.89","435020000","9999.95","0.01"
"1151005","00761B","國泰A級公司債","31.69","-0.12","31.82","31.82","31.69","195000","6185280","65","31.69","31.70","2735089000","9999.95","0.01"
"1151005","00764B","群益25年美債","25.42","-0.08","25.46","25.46","25.41","12507000","317891380","165","25.41","25.42","1553500000","9999.95","0.01"
"1151005","00768B","復華20年美債","45.58","-0.19","45.77","45.77","45.56","2288000","104364760","111","45.57","45.58","791100000","9999.95","0.01"
"1151005","00772B","中信高評級公司債","30.96","-0.10","31.06","31.06","30.94","2692000","83388170","800","30.95","30.96","3370790000","9999.95","0.01"
"1151005","00773B","中信優先金融債","33.14","-0.12","33.26","33.26","33.11","1338000","44351760","108","33.13","33.14","2598790000","9999.95","0.01"
"1151005","00777B","凱基AAA至A公司債","29.86","-0.12","29.83","29.87","29.83","111000","3314530","4","29.82","29.85","2140150000","9999.95","0.01"
"1151005","00778B","凱基金融債20+","31.57","-0.05","31.61","31.61","31.57","103000","3254790","5","31.51","31.56","1522150000","9999.95","0.01"
"1151005","00779B","凱基美債25+","25.63","-0.08","25.70","25.70","25.63","372000","9542990","11","25.61","25.63","1298650000","9999.95","0.01"
"1151005","00780B","國泰A級金融債","35.22","-0.18","34.71","35.23","34.71","110000","3873120","9","35.20","35.22","249102000","9999.95","0.01"
"1151005","00781B","國泰A級科技債","25.57","-0.12","25.64","25.64","25.57","149000","3812000","33","25.56","25.59","9336000","9999.95","0.01"
"1151005","00782B","國泰A級公用債","28.17","-0.10","28.27","28.27","28.16","494000","13922140","73","28.16","28.17","21967000","9999.95","0.01"
"1151005","00785B","富邦金融投等債","32.60","-0.17","32.66","32.66","32.60","52000","1696760","4","32.60","32.63","1063466000","9999.95","0.01"
"1151005","00786B","元大10年IG銀行債","30.42","-0.11","30.50","30.50","30.40","68000","2068880","15","30.40","30.44","19566000","9999.95","0.01"
"1151005","00787B","元大10年IG醫療債","30.08","-0.11","30.18","30.18","30.06","10000","301000","9","30.05","30.08","11306000","9999.95","0.01"
"1151005","00788B","元大10年IG電能債","27.95","-0.04","27.96","27.96","27.95","8000","223620","7","27.94","27.95","24706000","9999.95","0.01"
"1151005","00789B","復華公司債A3","44.15","-0.15","44.15","44.15","44.15","100000","4415000","2","44.08","44.16","455600000","9999.95","0.01"
"1151005","00791B","復華信用債1-5","56.05","-0.40","56.05","56.05","56.05","100000","5605000","2","55.95","56.05","281100000","9999.95","0.01"
"1151005","00792B","群益A級公司債","28.92","-0.05","28.96","29.01","28.92","138000","3996180","17","28.91","28.95","2317615000","9999.95","0.01"
"1151005","00795B","中信美國公債20年","24.64","-0.08","24.70","24.70","24.63","6867000","169279930","732","24.63","24.64","1539098000","9999.95","0.01"
"1151005","00799B","國泰A級醫療債","27.31","-0.11","27.36","27.36","27.30","216000","5901070","45","27.30","27.31","26036000","9999.95","0.01"
"1151005","00834B","第一金金融債10+","31.87","-0.07","31.87","31.87","31.87","100000","3187000","2","31.85","31.87","23198000","9999.95","0.01"
"1151005","00836B","永豐10年A公司債","26.34","-0.05","26.34","26.34","26.34","2000","52680","2","26.28","26.34","665541000","9999.95","0.01"
"1151005","00840B","凱基IG精選15+","27.43","-0.11","27.42","27.43","27.42","101000","2770420","3","27.36","27.44","59431000","9999.95","0.01"
"1151005","00841B","凱基AAA-AA公司債","26.09","-0.17","26.21","26.22","26.09","102000","2674300","4","26.09","26.21","70440000","9999.95","0.01"
"1151005","00842B","台新美元銀行債","27.97","-0.17","28.11","28.15","27.97","309000","8664790","70","27.98","28.02","22767000","9999.95","0.01"
"1151005","00844B","台新15年IG金融債","29.10","-0.02","29.10","29.10","29.10","80000","2328000","2","29.06","29.12","213175000","9999.95","0.01"
"1151005","00845B","富邦新興投等債","31.22","-0.13","31.24","31.24","31.22","101000","3153240","3","31.20","31.23","237051000","9999.95","0.01"
"1151005","00846B","富邦歐洲銀行債","33.88","-0.22","33.89","33.89","33.88","104000","3523560","5","33.87","33.90","74350000","9999.95","0.01"
"1151005","00848B","中信新興亞洲債","32.07","-0.16","32.03","32.07","32.03","204000","6542120","8","32.06","32.08","136066000","9999.95","0.01"
"1151005","00849B","中信EM主權債0-5","37.12","-0.22","37.27","37.27","37.09","218000","8096650","14","37.08","37.14","485606000","9999.95","0.01"
"1151005","00853B","統一美債10年Aa-A","25.36","-0.06","25.42","25.42","25.36","1043000","26471450","45","25.37","25.38","178134000","9999.95","0.01"
"1151005","00856B","永豐1-3年美公債","37.14","-0.12","37.12","37.14","37.12","10000","371220","4","37.06","37.15","6792000","9999.95","0.01"
"1151005","00857B","永豐20年美公債","21.18","-0.08","21.25","21.25","21.16","1079000","22865030","155","21.18","21.19","600768000","9999.95","0.01"
"1151005","00858","永豐美國500大","36.30","+0.05","36.30","36.40","36.28","296000","10753100","115","36.27","36.30","117874000","9999.95","0.01"
"1151005","00859B","群益0-1年美債","40.64","-0.16","40.84","40.84","40.58","3288000","133582840","260","40.63","40.64","36011000","9999.95","0.01"
"1151005","00860B","群益1-5Y投資級債","37.68","-0.15","37.73","37.73","37.66","128000","4821340","8","37.66","37.68","2671000","9999.95","0.01"
"1151005","00862B","中信投資級公司債","29.01","-0.08","29.07","29.07","29.01","232000","6737460","12","29.01","29.02","890381000","9999.95","0.01"
"1151005","00863B","中信全球電信債","29.32","-0.02","29.35","29.35","29.32","205000","6016600","6","29.30","29.32","515464000","9999.95","0.01"
"1151005","00864B","中信美國公債0-1","46.18","-0.17","46.30","46.30","46.10","1587000","73236520","400","46.17","46.18","113722000","9999.95","0.01"
"1151005","00867B","台新A-BBB電信債","28.41","+0.01","28.41","28.41","28.41","1000","28410","1","28.43","28.48","565150000","9999.95","0.01"
"1151005","00870B","元大15年EM主權債","25.96","-0.02","25.98","25.98","25.96","46000","1194570","8","25.96","25.97","564151000","9999.95","0.01"
"1151005","00877","復華中國5G","34.87","+0.03","34.92","34.99","34.80","1427000","49792500","474","34.86","34.87","171288000","9999.95","0.01"
"1151005","00884B","中信低碳新興債","27.19","+0.05","27.18","27.20","27.18","213000","5791360","8","27.14","27.17","75440000","9999.95","0.01"
"1151005","00886","永豐美國科技","49.75","+0.08","49.75","49.75","49.75","20000","995000","2","49.51","49.72","4451000","9999.95","0.01"
"1151005","00887","永豐中國科技50大","15.03","+0.03","15.00","15.12","15.00","3131000","47034320","602","15.03","15.04","460351000","9999.95","0.01"
"1151005","00888","永豐台灣ESG","36.96","+0.29","37.24","37.42","36.92","9673000","359257080","2575","36.96","36.97","626978000","40.65","33.27"
"1151005","00890B","凱基ESG BBB債15+","29.83","-0.08","29.91","29.94","29.83","104000","3102690","5","29.83","29.91","18264000","9999.95","0.01"
"1151005","00928","中信上櫃ESG 30","35.61","+1.10","35.37","35.72","35.15","1073000","38121440","361","35.61","35.62","45356000","39.17","32.05"
"1151005","00931B","統一美債20年","12.40","-0.02","12.42","12.42","12.39","3256000","40389200","344","12.40","12.41","2249398000","9999.95","0.01"
"1151005","00933B","國泰10Y+金融債","14.86","-0.06","14.91","14.91","14.85","11883000","176648180","2649","14.85","14.86","6852958000","9999.95","0.01"
"1151005","00937B","群益ESG投等債20+","13.62","-0.07","13.67","13.68","13.61","65129000","887789020","12069","13.61","13.62","17321305000","9999.95","0.01"
"1151005","00942B","台新美A公司債20+","13.09","-0.04","13.13","13.13","13.06","2169000","28392840","123","13.08","13.09","2073959000","9999.95","0.01"
"1151005","00948B","中信優息投資級債","8.74","-0.03","8.77","8.77","8.73","4544000","39739750","943","8.73","8.74","4275427000","9999.95","0.01"
"1151005","00950B","凱基A級公司債","13.00","除息","13.06","13.08","12.99","5070000","65940900","725","12.99","13.00","4115809000","9999.95","0.01"
"1151005","00955","中信日本商社","15.87","+0.01","15.95","15.95","15.81","2738000","43445110","845","15.87","15.88","481431000","9999.95","0.01"
"1151005","00957B","兆豐US優選投等債","12.37","-0.05","12.42","12.42","12.37","331000","4099250","60","12.36","12.37","188263000","9999.95","0.01"
"1151005","00958B","永豐ESG銀行債15+","8.56","-0.04","8.60","8.60","8.54","246000","2107690","66","8.55","8.56","118771000","9999.95","0.01"
"1151005","00959B","大華投等美債15Y+","8.64","除息","8.67","8.68","8.64","1627000","14069660","347","8.63","8.64","511336000","9999.95","0.01"
"1151005","00966B","統一ESG投等債15+","12.85","除息","12.92","12.92","12.83","676000","8692160","78","12.84","12.85","115232000","9999.95","0.01"
"1151005","00967B","元大優息美債","8.47","-0.04","8.63","8.63","8.46","687000","5816220","69","8.46","8.47","181407000","9999.95","0.01"
"1151005","00968B","元大優息投等債","8.59","-0.01","8.60","8.61","8.58","973000","8359580","170","8.58","8.59","796511000","9999.95","0.01"
"1151005","00969B","元大零息超長美債","7.36","-0.02","7.38","7.39","7.34","636000","4682850","56","7.35","7.36","145133000","9999.95","0.01"
"1151005","00970B","台新BBB投等債20+","8.62","-0.05","8.67","8.67","8.62","1657000","14317040","200","8.62","8.64","391229000","9999.95","0.01"
"1151005","00980B","台新特選IG債10+","8.76","-0.03","8.79","8.79","8.75","365000","3202730","24","8.75","8.77","54569000","9999.95","0.01"
"1151005","00980D","主動聯博投等入息","19.38","-0.06","19.42","19.42","19.37","943000","18277280","147","19.38","19.39","100457000","9999.95","0.01"
"1151005","00980T","平衡凱基美國TOP","12.14","+0.03","12.11","12.16","12.11","467000","5678220","34","12.13","12.15","74918000","9999.95","0.01"
"1151005","00981B","第一金優選非投債","8.92","-0.04","8.96","8.96","8.91","15492000","138186600","2139","8.91","8.92","1618613000","9999.95","0.01"
"1151005","00981D","主動中信非投等債","10.05","-0.06","10.10","10.10","10.03","6677000","67081930","773","10.04","10.05","530300000","9999.95","0.01"
"1151005","00982B","FT投資級債20+","9.02","0.00","9.02","9.02","9.02","6000","54120","2","9.02","9.07","24900000","9999.95","0.01"
"1151005","00983B","大華優利美公債20","14.30","除息","14.37","14.37","14.30","472000","6753390","40","14.29","14.30","22153000","9999.95","0.01"
"1151005","00984B","大華優利美A債15","14.99","除息","15.06","15.07","14.99","865000","12980100","189","14.99","15.00","118433000","9999.95","0.01"
"1151005","00985D","主動貝萊德優投等","9.42","-0.02","9.44","9.45","9.41","1353000","12751990","181","9.41","9.42","111732000","9999.95","0.01"
"1151005","00986B","FT金融債10+","9.15","除息","9.15","9.15","9.11","27000","246590","6","9.11","9.15","20762000","9999.95","0.01"
"1151005","00986D","主動復華金融債息","13.83","-0.05","13.88","13.88","13.81","678000","9374610","90","13.82","13.83","143177000","9999.95","0.01"
"1151005","00987B","野村10+澳洲公債","15.17","-0.04","15.16","15.21","15.13","1732000","26241640","109","15.15","15.17","76327000","9999.95","0.01"
"1151005","00987D","主動統一美債量化","9.43","-0.03","9.48","9.48","9.43","2815000","26563460","72","9.42","9.43","93023000","9999.95","0.01"
"1151005","00988B","玉山嚴選非投債","19.02","-0.04","19.10","19.10","19.01","1483000","28222940","303","19.01","19.02","161333000","9999.95","0.01"
"1151005","00989B","台新美國非投等債","9.82","0.00","9.83","9.84","9.80","4648000","45608500","267","9.81","9.82","113952000","9999.95","0.01"
"1151005","00990B","國泰收益非投等債","9.81","-0.02","9.83","9.84","9.79","2302000","22578230","437","9.81","9.82","97350000","9999.95","0.01"
"1151005","00998A","主動復華金融股息","16.15","-0.09","16.21","16.21","16.12","12979000","209817280","4444","16.14","16.15","340609000","9999.95","0.01"
"1151005","1240","茂生農經","53.90","-0.10","54.00","54.20","53.80","61000","3293100","28","53.80","54.00","46443992","59.20","48.55"
"1151005","1259","安心","----","---","----","----","----","0","0","0","66.20","68.00","32389500","74.80","61.20"
"1151005","1264","德麥","246.50","+1.50","246.00","246.50","245.00","15000","3686500","15","246.50","249.00","37052367","271.00","222.00"
"1151005","1268","漢來美食","176.00","-1.50","177.00","177.00","176.00","9000","1585500","9","175.50","176.50","42223730","193.50","158.50"
"1151005","1294","漢田生技","49.80","+0.05","49.75","49.90","49.40","32000","1589600","21","49.70","49.80","36625875","54.70","44.85"
"1151005","1295","生合","49.05","+0.35","49.00","49.25","48.65","53000","2596100","39","48.85","49.05","37599800","53.90","44.15"
"1151005","1336","台翰","18.00","-0.05","18.25","18.25","17.55","270000","4815050","164","17.95","18.10","77614419","19.80","16.20"
"1151005","1565","精華","96.70","-0.50","97.20","97.20","96.50","124000","12001800","102","96.60","97.20","50416516","106.00","87.10"
"1151005","1569","濱川","68.50","+2.00","68.70","71.00","67.50","7438000","512828800","4423","68.40","68.50","144247441","75.30","61.70"
"1151005","1570","力肯","32.50","-0.40","32.70","32.70","32.50","12000","390550","10","32.45","32.55","51500839","35.75","29.25"
"1151005","1580","新麥","95.80","-1.40","97.10","97.10","95.50","98000","9397100","86","95.70","96.00","49339242","105.00","86.30"
"1151005","1584","精剛","18.10","-0.50","18.60","18.70","18.05","647000","11798350","352","18.05","18.10","232470533","19.90","16.30"
"1151005","1586","和勤","17.80","-0.10","17.95","18.00","17.65","403000","7167050","230","17.80","17.85","129500467","19.55","16.05"
"1151005","1591","駿吉-KY","41.85","+0.60","42.20","42.20","40.50","400000","16667300","262","41.80","41.95","38048047","46.00","37.70"
"1151005","1593","祺驊","31.40","-0.30","31.60","31.60","31.40","15000","473050","13","31.30","31.65","39784772","34.50","28.30"
"1151005","1595","川寶","73.50","-5.80","79.40","79.40","71.60","3553000","264194900","2423","73.40","73.50","57724656","80.80","66.20"
"1151005","1599","宏佳騰","23.10","-0.10","23.15","23.20","22.90","14000","322750","13","23.00","23.10","73028764","25.40","20.80"
"1151005","1742","台蠟","17.35","-0.15","17.35","17.50","17.35","42000","728850","10","17.35","17.45","92671300","19.05","15.65"
"1151005","1777","生泰","74.40","0.00","74.00","74.40","74.00","14000","1040000","11","74.30","74.40","44591713","81.80","67.00"
"1151005","1780","立弘","25.15","-0.20","25.05","25.25","24.85","50000","1251600","26","24.90","25.00","109075173","27.65","22.65"
"1151005","1781","合世","9.80","-0.19","9.99","9.99","9.80","35000","348230","14","9.89","9.97","47407605","10.75","8.82"
"1151005","1784","訊聯","59.50","-1.00","59.90","60.20","59.00","82000","4873000","74","59.20","59.90","53121191","65.40","53.60"
"1151005","1785","光洋科","102.50","0.00","105.00","105.00","102.50","5913000","611420500","3781","102.50","103.00","595950743","112.50","92.30"
"1151005","1788","杏昌","128.00","0.00","127.50","128.00","127.50","12000","1532000","12","127.50","128.00","44520971","140.50","115.50"
"1151005","1796","金穎生技","29.50","-0.40","29.50","29.50","29.50","4000","118000","3","29.65","29.80","41459793","32.45","26.55"
"1151005","1799","易威","28.60","-0.40","29.20","29.20","28.50","195000","5599350","112","28.55","28.60","248775894","31.45","25.75"
"1151005","1813","寶利徠","11.25","0.00","11.30","11.30","11.25","3000","33850","3","11.25","11.30","46635510","12.35","10.15"
"1151005","1815","富喬","128.50","+7.50","124.50","128.50","123.50","72517000","9162386000","40174","128.50","129.00","614703462","141.00","116.00"
"1151005","2035","唐榮","----","---","----","----","----","0","0","0","26.60","26.70","350000000","29.35","24.05"
"1151005","2061","風青","65.20","-2.60","69.30","71.80","63.60","5388000","357285500","3407","64.50","65.20","57378052","71.70","58.70"
"1151005","2063","世鎧","23.80","+0.15","23.65","23.90","23.50","47000","1110100","23","23.65","23.90","48101453","26.15","21.45"
"1151005","2064","晉椿","11.95","-0.05","12.00","12.35","11.90","357000","4329900","44","11.90","11.95","69330000","13.10","10.80"
"1151005","2065","世豐","35.55","-0.10","35.75","35.75","35.50","65000","2311050","31","35.50","35.65","63516707","39.10","32.00"
"1151005","2066","世德","52.40","-0.10","52.40","52.60","52.00","33000","1726400","22","52.20","52.30","44449527","57.60","47.20"
"1151005","2067","嘉鋼","4.89","0.00","4.93","5.00","4.81","44000","216580","22","4.81","4.89","45138177","5.37","4.41"
"1151005","2070","精湛","62.60","-0.50","64.10","64.10","62.50","89000","5595500","79","62.60","62.70","41782800","68.80","56.40"
"1151005","2073","雄順","25.60","0.00","25.60","25.60","25.60","2000","51200","2","25.60","26.45","27500000","28.15","23.05"
"1151005","2221","大甲","186.00","-2.00","189.00","191.00","181.00","726000","135465000","636","186.00","188.00","42325000","204.50","167.50"
"1151005","2230","泰茂","21.80","-0.40","22.05","22.40","21.70","127000","2781850","81","21.75","22.10","68029605","23.95","19.65"
"1151005","2235","謚源","27.20","-0.90","27.15","27.20","27.15","6000","163050","6","27.20","27.35","35878000","29.90","24.50"
"1151005","2596","綠意","34.30","-0.50","34.80","35.25","34.10","73000","2514400","53","34.25","34.30","100000000","37.70","30.90"
"1151005","2640","大車隊","154.00","-2.50","156.50","156.50","153.00","56000","8675500","46","154.00","155.00","59264956","169.00","139.00"
"1151005","2641","正德","17.25","-0.20","17.50","17.50","17.20","1604000","27718150","681","17.20","17.25","330333744","18.95","15.55"
"1151005","2643","捷迅","62.60","+0.60","61.80","62.60","61.80","10000","619800","8","62.10","62.30","35000000","68.80","56.40"
"1151005","2718","全心投控","40.30","0.00","40.40","40.45","40.30","6000","242250","6","40.25","40.30","87576000","44.30","36.30"
"1151005","2719","燦星旅","19.40","-0.30","19.70","19.80","19.40","5000","97900","5","19.45","19.50","69455500","21.30","17.50"
"1151005","2724","藝舍-KY","12.45","-0.25","12.45","12.45","12.45","1000","12450","1","11.75","12.45","59656345","13.65","11.25"
"1151005","2726","雅茗-KY","8.00","-0.02","8.03","8.03","7.97","23000","183910","19","7.99","8.00","37689817","8.80","7.20"
"1151005","2729","瓦城","154.50","-1.00","155.00","155.00","154.00","17000","2630500","14","154.50","155.00","43040783","169.50","139.50"
"1151005","2732","六角","63.30","-0.10","63.40","63.50","63.10","18000","1139500","13","63.30","63.40","46518570","69.60","57.00"
"1151005","2734","易飛網","14.35","-0.05","14.30","14.40","14.20","69000","984500","36","14.35","14.40","57259760","15.75","12.95"
"1151005","2736","富野","11.20","0.00","11.30","11.30","11.20","8000","89900","6","11.20","11.25","79972230","12.30","10.10"
"1151005","2740","華軒","30.95","+0.45","30.20","30.95","30.00","4000","121350","4","27.55","30.85","16762016","34.00","27.90"
"1151005","2743","山富","51.30","-1.40","52.30","52.30","51.00","105000","5393200","92","51.30","51.40","46815210","56.40","46.20"
"1151005","2745","五福","84.90","0.00","84.60","84.90","84.20","38000","3213300","33","84.80","85.00","33808526","93.30","76.50"
"1151005","2751","王座","53.00","+0.30","52.30","53.00","52.00","7000","366000","7","52.70","53.40","19844500","58.30","47.70"
"1151005","2752","豆府","176.00","-1.00","177.50","177.50","176.00","19000","3359500","16","176.50","177.00","26693861","193.50","158.50"
"1151005","2754","亞洲藏壽司","67.20","-0.90","69.40","69.40","67.00","56000","3778400","42","67.20","68.10","46907000","73.90","60.50"
"1151005","2755","揚秦","99.50","+0.80","99.00","100.00","98.80","41000","4069100","37","99.50","100.00","46889686","109.00","89.60"
"1151005","2756","聯發國際","62.00","+0.10","62.90","62.90","60.90","4000","248100","4","61.80","62.30","24597584","68.20","55.80"
"1151005","2916","滿心","40.50","-0.15","40.60","40.60","40.45","42000","1701000","24","40.45","40.50","64626878","44.55","36.45"
"1151005","2924","宏太-KY","19.30","+0.60","18.95","19.30","18.95","3000","57250","3","17.15","18.90","52035934","21.20","17.40"
"1151005","2926","誠品生活","30.10","+0.15","29.45","30.10","29.45","8000","239700","8","29.70","30.15","47389650","33.10","27.10"
"1151005","2937","集雅社","----","---","----","----","----","0","0","0","42.75","45.00","47896173","49.40","40.50"
"1151005","2938","床的世界","18.15","-0.35","18.40","18.60","18.05","76000","1386950","49","18.15","18.25","22840000","19.95","16.35"
"1151005","2941","米斯特","30.75","+0.60","30.75","30.75","30.75","1000","30750","1","30.00","30.70","15390000","33.80","27.70"
"1151005","2947","振宇五金","61.00","+0.20","61.50","61.50","60.90","23000","1401400","16","60.90","61.40","23642366","67.10","54.90"
"1151005","2948","寶陞","37.25","+0.75","36.50","37.25","35.90","4000","146550","4","36.50","37.10","32000000","40.95","33.55"
"1151005","2949","欣新網","62.50","-2.70","62.50","62.50","62.50","1000","62500","1","62.60","67.00","30641100","68.70","56.30"
"1151005","3064","泰偉","14.30","-1.50","15.80","15.80","14.25","17000","244400","15","14.30","16.75","13011451","15.70","12.90"
"1151005","3066","李洲","28.05","-0.95","29.20","29.65","28.05","1530000","43921750","925","28.05","28.20","83070612","30.85","25.25"
"1151005","3067","全域","----","---","----","----","----","0","0","0","16.40","17.50","20000000","18.55","15.25"
"1151005","3071","協禧","22.70","-0.25","23.00","23.05","22.70","185000","4218450","127","22.70","22.85","110000000","24.95","20.45"
"1151005","3073","天方能源","20.55","-0.05","20.80","20.80","20.45","19000","391150","19","20.45","20.55","39511028","22.60","18.50"
"1151005","3078","僑威","46.00","+0.05","45.95","46.20","45.65","474000","21783450","305","46.00","46.05","227391064","50.60","41.40"
"1151005","3081","聯亞","3000.00","+75.00","3000.00","3105.00","2900.00","6757000","20309950000","5878","2995.00","3000.00","101769004","3300.00","2700.00"
"1151005","3083","網龍","23.75","0.00","24.00","24.00","23.75","29000","690450","20","23.75","23.80","86486858","26.10","21.40"
"1151005","3086","華義*","27.40","-1.00","28.95","28.95","27.35","99000","2750150","79","27.35","27.45","272710510","30.10","24.70"
"1151005","3088","艾訊","134.50","+2.50","133.50","136.00","132.00","754000","101606000","552","134.50","135.00","113011197","147.50","121.50"
"1151005","3093","港建*","46.70","+0.50","47.30","47.30","45.90","281000","13042050","179","46.70","46.75","145155576","51.30","42.05"
"1151005","3095","及成","33.50","+0.40","33.50","33.50","33.50","1000","33500","1","33.00","33.95","14680000","36.85","30.15"
"1151005","3105","穩懋","615.00","+24.00","614.00","630.00","604.00","47142000","29087508000","28010","615.00","616.00","423940384","676.00","554.00"
"1151005","3114","好德","43.60","+3.95","42.70","43.60","42.05","1914000","82521200","1027","43.60","0.00","67722584","47.95","39.25"
"1151005","3115","富榮綱","8.50","+0.11","8.59","8.59","8.50","2000","17090","2","8.05","8.35","72197615","9.35","7.65"
"1151005","3118","進階","31.20","-0.30","31.70","31.70","31.00","15000","469500","14","31.15","31.25","32452860","34.30","28.10"
"1151005","3122","笙泉","23.35","-0.85","24.20","24.20","23.30","57000","1349000","39","23.35","23.60","40771918","25.65","21.05"
"1151005","3128","昇銳","20.05","-0.30","20.50","20.50","20.00","73000","1470900","60","20.00","20.10","50156538","22.05","18.05"
"1151005","3131","弘塑","2530.00","+100.00","2470.00","2580.00","2455.00","478000","1210465000","463","2530.00","2535.00","30144198","2780.00","2280.00"
"1151005","3141","晶宏","88.00","+0.90","88.10","92.60","87.70","3506000","314388200","2369","87.90","88.10","75460728","96.80","79.20"
"1151005","3147","大綜","275.00","+10.50","264.50","275.00","257.00","1454000","384868000","1176","275.00","275.50","43686831","302.50","247.50"
"1151005","3152","璟德","240.00","+4.50","237.50","240.50","235.00","135000","32084500","96","239.50","240.00","39016200","264.00","216.00"
"1151005","3158","嘉實","86.00","0.00","85.60","86.30","85.50","10000","857800","9","85.30","85.90","30675925","94.60","77.40"
"1151005","3162","精確","86.90","-2.70","89.20","90.00","86.20","2750000","241039400","1816","86.60","86.90","154153162","95.50","78.30"
"1151005","3163","波若威","709.00","-4.00","722.00","725.00","707.00","4765000","3402965000","4081","709.00","710.00","94635370","779.00","639.00"
"1151005","3169","亞信","113.50","-1.50","115.50","115.50","113.00","203000","23190000","168","113.00","113.50","63306981","124.50","102.50"
"1151005","3171","炎洲流通","57.20","+0.50","57.30","57.50","57.20","6000","343900","5","57.30","57.40","33118158","62.90","51.50"
"1151005","3176","基亞","38.25","+0.70","37.80","38.25","37.35","444000","16856950","273","38.20","38.25","139306755","42.05","34.45"
"1151005","3178","公準","69.80","-1.60","72.10","72.80","69.10","288000","20421100","220","69.70","69.80","45050000","76.70","62.90"
"1151005","3188","鑫龍騰","22.65","-0.45","23.00","23.00","22.65","395000","9010950","220","22.65","22.70","189087767","24.90","20.40"
"1151005","3191","雲嘉南","17.00","-0.45","17.45","17.50","17.00","21000","366050","10","16.95","17.50","43597381","18.70","15.30"
"1151005","3205","佰研","47.00","-0.20","47.10","47.40","46.90","25000","1177450","23","47.05","47.20","67545631","51.70","42.30"
"1151005","3206","志豐","34.00","0.00","34.05","34.70","33.80","50000","1705800","34","33.85","34.20","58916621","37.40","30.60"
"1151005","3207","耀勝","40.00","+0.25","40.50","41.00","39.20","216000","8655950","186","40.00","40.40","66422124","44.00","36.00"
"1151005","3211","順達","399.00","+2.00","404.00","406.50","394.00","3636000","1456107000","3042","399.00","399.50","154414021","438.50","359.50"
"1151005","3213","茂訊","125.50","+2.50","123.50","126.00","123.50","315000","39483500","245","125.50","126.00","58685547","138.00","113.00"
"1151005","3217","優群","129.00","0.00","130.00","130.00","128.50","245000","31610500","193","128.50","129.00","90104203","141.50","116.50"
"1151005","3218","大學光","133.50","0.00","133.50","134.00","132.50","192000","25619500","143","133.00","133.50","84724899","146.50","120.50"
"1151005","3219","倚強科","128.00","-0.50","129.00","131.00","125.50","1027000","131430000","748","127.50","128.00","71780880","140.50","115.50"
"1151005","3221","台嘉碩","55.70","-0.30","56.30","59.10","55.60","8395000","478531100","5130","55.60","56.00","104989210","61.20","50.20"
"1151005","3224","三顧","31.45","+0.20","31.80","32.45","31.35","63000","2004100","40","31.45","31.60","78172648","34.55","28.35"
"1151005","3226","龍鋒","62.80","-0.30","62.50","62.80","61.70","10000","619900","9","62.20","62.90","64430573","69.00","56.60"
"1151005","3227","原相","188.50","+1.00","189.00","190.00","187.50","934000","176017500","738","188.50","189.00","151912842","207.00","170.00"
"1151005","3228","金麗科","172.00","-3.50","177.00","177.00","171.50","328000","57154500","279","171.50","172.00","71937495","189.00","155.00"
"1151005","3230","錦明","40.75","-1.20","41.95","41.95","40.50","574000","23540000","393","40.75","40.80","86010900","44.80","36.70"
"1151005","3232","昱捷","20.25","-0.30","20.60","20.60","20.25","17000","345850","12","20.20","20.35","46567865","22.25","18.25"
"1151005","3234","光環","180.00","-1.50","185.00","190.00","178.50","4181000","767379500","3140","180.00","180.50","126474692","198.00","162.00"
"1151005","3236","千如","53.50","+0.10","54.00","57.70","52.50","24806000","1364125800","15095","53.40","53.50","105000613","58.80","48.15"
"1151005","3252","海灣","15.30","0.00","15.40","15.40","15.10","16000","245050","8","15.20","15.35","50195754","16.80","13.80"
"1151005","3259","鑫創","13.00","+0.15","12.85","13.40","12.85","129000","1677200","75","12.85","13.05","72965934","14.30","11.70"
"1151005","3260","威剛","378.00","-4.00","382.50","384.00","376.00","4241000","1610880000","3029","378.00","378.50","356463418","415.50","340.50"
"1151005","3264","欣銓","241.50","-3.50","249.00","249.00","239.50","18954000","4590513500","12827","241.50","242.00","490170076","265.50","217.50"
"1151005","3265","台星科","188.00","0.00","191.50","193.00","185.00","1637000","307379500","1111","188.00","188.50","136261659","206.50","169.50"
"1151005","3268","海德威","23.10","+1.45","21.90","23.75","21.90","1034000","23820850","480","23.10","23.15","34720796","25.40","20.80"
"1151005","3272","東碩","14.15","+0.05","14.30","14.30","14.10","13000","184350","11","14.10","14.15","61176789","15.55","12.75"
"1151005","3276","宇環","14.15","-0.35","14.40","14.40","14.10","51000","725450","33","14.10","14.15","69712666","15.55","12.75"
"1151005","3284","太普高","21.60","+1.50","20.20","22.10","19.80","829000","17704300","503","21.50","21.60","108627709","23.75","19.45"
"1151005","3285","微端","41.95","+0.05","42.00","42.00","41.75","25000","1047600","14","42.00","42.35","42735324","46.10","37.80"
"1151005","3287","廣寰科","40.55","-1.50","42.65","42.65","40.55","498000","20564550","377","40.50","40.60","43970483","44.60","36.50"
"1151005","3288","點晶","21.55","+0.50","21.05","21.95","21.00","16000","340600","15","21.05","21.60","16380000","23.70","19.40"
"1151005","3289","宜特","141.00","-2.00","144.50","144.50","140.50","1096000","156631000","632","141.00","141.50","86746371","155.00","127.00"
"1151005","3290","東浦","49.95","-0.35","51.00","51.30","49.60","563000","28278800","389","49.95","50.00","90215034","54.90","45.00"
"1151005","3293","鈊象","794.00","+3.00","797.00","798.00","787.00","1230000","974143000","1022","794.00","795.00","281801560","873.00","715.00"
"1151005","3294","英濟","32.35","-0.45","33.25","33.30","32.35","721000","23594800","512","32.35","32.40","132015919","35.55","29.15"
"1151005","3297","杭特","32.10","-0.40","32.85","33.40","31.80","239000","7740750","184","32.10","32.35","36049445","35.30","28.90"
"1151005","3303","岱稜","48.90","+0.10","49.20","49.20","48.75","176000","8613150","124","48.85","48.90","94790607","53.70","44.05"
"1151005","3306","鼎天","47.50","+0.45","47.10","47.80","47.05","64000","3024950","53","47.30","47.50","50607702","52.20","42.75"
"1151005","3310","佳穎","67.60","0.00","68.60","68.60","67.00","11000","743900","9","67.00","67.60","74948402","74.30","60.90"
"1151005","3313","斐成","10.30","-0.20","10.40","10.50","10.30","84000","870650","55","10.25","10.30","221133831","11.30","9.27"
"1151005","3317","尼克森","71.80","+6.50","67.50","71.80","67.30","6638000","469133000","4024","71.80","0.00","90000000","78.90","64.70"
"1151005","3322","建舜電","11.20","-0.15","11.35","11.35","10.95","356000","3963650","181","11.15","11.20","137582157","12.30","10.10"
"1151005","3323","加百裕","30.60","+0.25","30.80","31.05","30.00","849000","26008950","570","30.55","30.60","99593385","33.65","27.55"
"1151005","3324","雙鴻","1550.00","+45.00","1515.00","1575.00","1490.00","4406000","6757030000","3503","1545.00","1550.00","93076837","1705.00","1395.00"
"1151005","3325","旭品","11.60","-0.20","11.80","11.95","11.60","110000","1282850","57","11.55","11.60","110168610","12.75","10.45"
"1151005","3332","幸康","64.90","+0.60","64.50","65.00","64.00","32000","2064400","29","64.90","65.00","48104246","71.30","58.50"
"1151005","3339","泰谷","45.90","-1.10","47.30","47.90","45.90","1789000","83644000","1126","45.90","45.95","66568300","50.40","41.35"
"1151005","3349","寶德","19.00","0.00","19.50","19.50","18.60","87000","1646100","57","18.95","19.00","47821648","20.90","17.10"
"1151005","3354","律勝","31.60","+1.50","30.30","33.10","29.45","4267000","135258850","2812","31.55","31.60","70112426","34.75","28.45"
"1151005","3357","臺慶科","218.00","+2.50","222.00","227.00","217.50","2308000","510985000","1778","217.50","218.00","117953863","239.50","196.50"
"1151005","3360","尚立","15.30","-0.25","15.70","15.75","15.25","286000","4410750","170","15.30","15.35","76402244","16.80","13.80"
"1151005","3362","先進光","191.00","+15.50","178.00","193.00","178.00","7741000","1444042000","5655","190.00","191.00","147445475","210.00","172.00"
"1151005","3363","上詮","664.00","-7.00","682.00","688.00","663.00","2773000","1864460000","2390","664.00","665.00","113640567","730.00","598.00"
"1151005","3372","典範","16.35","-0.55","16.90","16.95","16.30","801000","13264850","385","16.35","16.40","235324000","17.95","14.75"
"1151005","3373","熱映","15.90","0.00","16.10","16.10","15.90","38000","605700","21","15.85","15.95","47618782","17.45","14.35"
"1151005","3374","精材","498.50","+31.00","478.50","505.00","471.50","3380000","1661436000","2641","498.50","499.00","271364316","548.00","449.00"
"1151005","3379","彬台","27.70","-0.10","28.35","28.45","27.50","40000","1115550","39","27.65","27.80","38041748","30.45","24.95"
"1151005","3388","崇越電","84.60","+0.10","85.00","87.20","84.10","553000","47265800","411","84.60","84.70","84999435","93.00","76.20"
"1151005","3390","旭軟","22.20","-0.20","22.50","22.60","22.00","155000","3435750","106","22.10","22.20","79329659","24.40","20.00"
"1151005","3402","漢科","140.00","+0.50","140.50","142.50","139.50","727000","102473500","523","139.50","140.00","73047692","154.00","126.00"
"1151005","3430","奇鈦科","113.00","-0.50","114.50","116.00","112.50","290000","33012500","244","113.00","113.50","33716085","124.00","102.00"
"1151005","3434","哲固","31.00","-0.20","31.50","31.50","30.50","73000","2249800","61","30.75","31.00","35754740","34.10","27.90"
"1151005","3438","類比科","61.80","-0.20","62.70","63.10","61.70","66000","4111200","59","61.80","62.10","47165815","67.90","55.70"
"1151005","3441","聯一光","232.00","+21.00","215.00","232.00","215.00","9599000","2168091000","6031","232.00","0.00","40039920","255.00","209.00"
"1151005","3444","利機","77.00","-3.80","81.40","81.40","76.80","417000","32626800","316","77.00","77.20","44996877","84.70","69.30"
"1151005","3455","由田","283.50","+3.50","286.00","295.50","274.00","8634000","2467470000","6638","283.00","283.50","59850750","311.50","255.50"
"1151005","3465","進泰電子","29.85","-0.20","30.05","30.05","29.65","16000","478200","14","29.85","30.05","42329862","32.80","26.90"
"1151005","3466","德晉","24.30","+0.10","24.05","24.30","24.00","136000","3278600","82","24.30","24.50","77892073","26.70","21.90"
"1151005","3467","台灣精材","71.10","-2.10","73.60","74.80","70.50","763000","55094100","563","71.00","71.20","31106569","78.20","64.00"
"1151005","3479","安勤","136.00","0.00","137.00","138.50","136.00","513000","70331000","417","136.00","136.50","73036534","149.50","122.50"
"1151005","3483","力致","81.30","+0.40","81.50","84.80","79.90","1040000","86172800","722","81.30","81.50","99049257","89.40","73.20"
"1151005","3484","崧騰","49.15","+0.25","49.40","49.45","48.55","328000","16115300","208","49.10","49.25","78828189","54.00","44.25"
"1151005","3485","敘豐","217.00","+1.00","217.00","219.50","213.50","121000","26131000","104","215.50","217.00","38500850","238.50","195.50"
"1151005","3489","森寶","22.95","-0.25","23.25","23.30","22.85","87000","2003100","52","22.90","23.00","90452155","25.20","20.70"
"1151005","3490","單井","46.15","-4.55","49.70","50.00","46.10","8201000","391029450","5511","46.15","46.20","55006435","50.70","41.55"
"1151005","3491","昇達科","1630.00","+145.00","1530.00","1630.00","1515.00","2059000","3274000000","1670","1630.00","0.00","68805125","1790.00","1470.00"
"1151005","3492","長盛","19.70","+0.25","19.45","19.85","19.45","74000","1454350","53","19.70","19.75","35531600","21.65","17.75"
"1151005","3498","陽程","236.50","+21.50","215.00","236.50","214.00","4750000","1077308500","3530","236.50","0.00","61273008","260.00","213.00"
"1151005","3499","環天科","13.50","-0.30","13.80","13.80","13.20","118000","1598950","56","13.50","13.55","54970596","14.85","12.15"
"1151005","3508","位速","24.90","-0.85","25.85","26.15","24.75","426000","10685150","292","24.90","25.00","108866737","27.35","22.45"
"1151005","3511","矽瑪","20.25","+0.50","19.75","20.50","19.75","296000","5973700","200","20.25","20.30","79972945","22.25","18.25"
"1151005","3512","皇龍","18.95","-0.15","19.05","19.10","18.95","40000","760200","31","18.95","19.05","113072372","20.80","17.10"
"1151005","3516","亞帝歐","26.25","+0.90","25.90","26.30","25.40","74000","1917550","45","26.25","26.30","59560874","28.85","23.65"
"1151005","3520","華盈","18.05","+0.85","17.70","18.85","17.50","849000","15399850","475","17.95","18.10","83846778","19.85","16.25"
"1151005","3521","台鋼建設","11.55","-0.25","11.80","11.80","11.55","109000","1266600","32","11.55","11.70","185765552","12.70","10.40"
"1151005","3522","御嵿","12.15","-0.30","12.40","12.45","12.00","53000","644400","33","12.10","12.15","104096209","13.35","10.95"
"1151005","3523","迎輝","14.10","-0.20","14.25","14.25","13.75","23000","322050","17","14.00","14.20","64257868","15.50","12.70"
"1151005","3526","凡甲","276.00","+1.50","277.00","277.00","274.00","144000","39683500","130","275.50","276.00","67464795","303.50","248.50"
"1151005","3527","聚積","50.90","-0.50","51.50","51.70","50.90","54000","2765600","49","50.90","51.40","44445125","55.90","45.85"
"1151005","3529","力旺","3155.00","-15.00","3220.00","3250.00","3145.00","927000","2940420000","885","3150.00","3155.00","74686492","3470.00","2840.00"
"1151005","3531","先益","21.15","0.00","21.25","21.25","21.15","3000","63550","2","20.50","21.25","61175011","23.25","19.05"
"1151005","3537","堡達","56.00","-0.80","57.30","57.50","55.60","618000","34916700","504","55.90","56.00","56242979","61.60","50.40"
"1151005","3540","曜越","24.60","+1.20","23.65","25.15","23.45","1593000","39061000","1004","24.60","24.80","84458548","27.05","22.15"
"1151005","3541","西柏","24.60","+0.05","24.55","24.85","24.40","53000","1302050","39","24.55","24.60","56349142","27.05","22.15"
"1151005","3546","宇峻","72.20","-0.80","73.20","73.30","72.00","117000","8471700","91","72.20","72.40","61348690","79.40","65.00"
"1151005","3548","兆利","75.60","-1.60","77.20","77.20","75.60","510000","38875000","255","75.60","75.80","68244175","83.10","68.10"
"1151005","3551","世禾","199.00","-0.50","202.50","205.00","198.00","1575000","316936500","1198","199.00","199.50","62274890","218.50","179.50"
"1151005","3552","同致","44.40","-1.40","46.10","46.10","44.20","468000","20955750","338","44.40","44.60","97918334","48.80","40.00"
"1151005","3555","博士旺","166.50","-0.50","168.00","169.00","166.00","35000","5850000","33","167.00","168.00","39998797","183.00","150.00"
"1151005","3556","禾瑞亞","58.50","-0.60","60.00","60.00","58.30","172000","10103800","120","58.50","58.60","63702844","64.30","52.70"
"1151005","3558","神準","130.50","-0.50","132.00","132.00","130.00","152000","19923000","133","130.00","130.50","59060881","143.50","117.50"
"1151005","3564","其陽","61.70","+5.60","61.70","61.70","61.70","880000","54296000","401","61.70","0.00","59123100","67.80","55.60"
"1151005","3567","逸昌","26.00","-0.20","26.35","26.35","25.90","54000","1405250","39","25.95","26.05","33954000","28.60","23.40"
"1151005","3570","大塚","169.50","-0.50","170.00","170.00","169.00","10000","1696000","9","169.00","169.50","17097000","186.00","153.00"
"1151005","3577","泓格","112.00","-2.50","114.50","115.00","112.00","320000","36157000","247","112.00","112.50","63965653","123.00","101.00"
"1151005","3580","友威科","108.00","-0.50","111.00","111.50","106.00","1092000","118890000","799","108.00","108.50","39470657","118.50","97.20"
"1151005","3581","博磊","117.50","-1.00","118.50","120.50","116.00","725000","85680000","546","117.50","118.00","51006000","129.00","106.00"
"1151005","3587","閎康","257.50","+12.50","249.50","261.00","245.50","1284000","324757000","925","257.00","257.50","71684696","283.00","232.00"
"1151005","3594","磐儀","46.20","-0.95","47.65","47.65","46.10","383000","17816800","310","46.20","46.25","95948358","50.80","41.60"
"1151005","3597","映興","30.45","+2.75","28.35","30.45","28.35","1208000","36620550","452","30.45","0.00","39236440","33.45","27.45"
"1151005","3609","三一東林","23.65","+0.75","22.80","24.00","22.60","93000","2165650","53","23.00","23.70","38419387","26.00","21.30"
"1151005","3611","鼎翰","182.50","-2.00","184.00","184.00","182.50","59000","10781500","42","182.00","183.00","47554634","200.50","164.50"
"1151005","3615","安可","44.45","-0.55","45.40","45.80","43.85","2303000","103315250","1639","44.45","44.60","68466976","48.85","40.05"
"1151005","3623","富晶通","30.05","-0.50","30.55","31.20","29.95","167000","5079850","112","30.00","30.05","29185946","33.05","27.05"
"1151005","3624","光頡","145.50","-3.00","151.00","154.50","145.50","14704000","2201987500","9420","145.50","146.00","117340842","160.00","131.00"
"1151005","3625","西勝","10.40","-0.75","11.40","11.40","10.05","1240000","12830950","250","10.30","10.50","114246765","11.40","9.36"
"1151005","3628","盈正","72.20","+0.40","72.90","72.90","71.50","93000","6688100","60","72.20","72.30","45000000","79.40","65.00"
"1151005","3629","地心引力","13.35","-1.25","13.70","13.70","13.35","5000","67500","5","13.35","14.55","32954782","14.65","12.05"
"1151005","3630","新鉅科","27.30","+0.50","27.00","27.60","26.85","876000","23903650","616","27.25","27.30","204191848","30.00","24.60"
"1151005","3631","晟楠","40.85","-0.30","41.45","42.25","40.70","226000","9346650","159","40.85","40.90","81820909","44.90","36.80"
"1151005","3632","研勤","7.05","-0.03","7.08","7.08","7.05","17000","120030","15","7.04","7.08","40889738","7.75","6.35"
"1151005","3646","艾恩特","25.20","+0.30","25.20","25.20","25.20","1000","25200","1","24.90","25.05","39297371","27.70","22.70"
"1151005","3663","鑫科","63.20","-1.60","65.70","65.70","63.20","735000","47248700","497","63.20","63.30","108494074","69.50","56.90"
"1151005","3664","安瑞-KY","8.00","-0.31","7.68","8.00","7.68","15000","119360","12","8.00","8.35","75945377","8.80","7.20"
"1151005","3666","光耀","25.30","0.00","25.10","25.30","25.00","95000","2392050","65","25.25","25.30","138949850","27.80","22.80"
"1151005","3672","康聯訊","12.30","+0.05","12.25","12.30","11.40","8000","95950","5","11.80","12.35","40790375","13.50","11.10"
"1151005","3675","德微","349.00","-11.00","363.50","377.00","348.00","3146000","1135806500","2736","349.00","349.50","53057923","383.50","314.50"
"1151005","3680","家登","561.00","+9.00","566.00","573.00","558.00","1957000","1106661000","1651","560.00","561.00","96229922","617.00","505.00"
"1151005","3684","榮昌","55.20","+1.00","55.00","55.20","52.80","29000","1589000","27","54.80","55.20","30309737","60.70","49.70"
"1151005","3685","元創精密","36.10","+0.10","36.00","37.10","35.45","1770000","64123150","431","36.10","36.15","79574000","39.70","32.50"
"1151005","3687","歐買尬","60.80","-0.30","61.20","61.50","60.70","37000","2261300","32","60.80","61.00","30124059","66.80","54.80"
"1151005","3689","湧德","113.00","0.00","113.50","114.50","112.50","666000","75548000","475","113.00","113.50","89527240","124.00","102.00"
"1151005","3691","碩禾","105.50","-7.50","113.00","113.00","105.00","1682000","179895000","1291","105.50","106.00","91883420","116.00","95.00"
"1151005","3693","營邦","689.00","+26.00","670.00","692.00","650.00","1480000","989690000","1269","688.00","689.00","42990694","757.00","621.00"
"1151005","3707","漢磊","85.30","+0.10","87.80","91.70","84.80","55680000","4927614100","33098","85.30","85.40","400776116","93.80","76.80"
"1151005","3709","鑫聯大投控","64.40","-1.10","66.60","66.60","64.40","310000","20199700","235","64.40","64.80","145569450","70.80","58.00"
"1151005","3710","連展投控","8.19","+0.07","8.05","8.19","8.02","150000","1213070","72","8.12","8.20","177086787","9.00","7.38"
"1151005","3713","新晶投控","13.55","-0.25","14.00","14.00","13.25","43000","578900","37","13.50","13.55","88099380","14.90","12.20"
"1151005","3718","中光電投控","65.00","-0.10","66.00","66.30","64.90","1888000","123282000","1405","65.00","65.10","390981110","71.50","58.50"
"1151005","4102","永日","18.00","-0.45","18.50","18.50","17.75","39000","706250","32","18.00","18.05","42373443","19.80","16.20"
"1151005","4105","東洋","78.30","-0.60","78.90","79.10","78.20","369000","29017100","263","78.30","78.80","248649959","86.10","70.50"
"1151005","4107","邦特","110.50","+0.50","110.00","110.50","109.50","51000","5615500","39","110.00","110.50","69298336","121.50","99.50"
"1151005","4109","加捷生醫","10.90","-0.10","11.00","11.00","10.90","129000","1408250","86","10.90","10.95","118736681","11.95","9.81"
"1151005","4111","濟生","29.00","0.00","28.85","29.00","28.75","48000","1382900","28","28.85","29.00","59832135","31.90","26.10"
"1151005","4113","聯上","14.80","-0.40","15.25","15.25","14.70","822000","12190300","168","14.80","14.85","231138137","16.25","13.35"
"1151005","4114","健喬","29.05","-0.30","29.40","29.40","29.05","1321000","38585500","631","29.05","29.10","550429688","31.95","26.15"
"1151005","4116","明基醫","40.00","-0.15","40.20","40.20","39.90","39000","1562450","26","40.00","40.05","44566000","44.00","36.00"
"1151005","4120","友華","46.00","-0.10","46.10","46.50","45.90","28000","1290900","19","46.00","46.15","86747119","50.60","41.40"
"1151005","4121","優盛","12.70","-0.20","12.90","12.90","12.65","23000","293350","16","12.65","12.70","83111045","13.95","11.45"
"1151005","4123","晟德","30.85","-0.35","31.25","31.25","30.70","1273000","39182750","645","30.85","30.90","807456341","33.90","27.80"
"1151005","4126","太醫","77.60","-0.40","77.90","77.90","77.60","21000","1632800","17","77.60","77.80","72600000","85.30","69.90"
"1151005","4127","天良","43.30","-2.30","45.65","45.65","42.65","496000","21662150","366","43.30","43.40","45760000","47.60","39.00"
"1151005","4128","中天","15.45","+0.15","15.40","16.00","15.25","2377000","36975100","1038","15.40","15.45","588170597","16.95","13.95"
"1151005","4129","聯合","82.20","-0.10","82.50","82.50","81.90","151000","12404100","101","82.20","82.60","96437650","90.40","74.00"
"1151005","4131","浩泰","30.85","+0.05","29.95","31.60","29.70","53000","1603200","38","30.80","30.85","39879000","33.90","27.80"
"1151005","4138","曜亞","53.50","0.00","54.60","54.70","53.30","34000","1821700","25","53.50","53.90","39930000","58.80","48.15"
"1151005","4139","馬光-KY","43.00","+1.05","42.45","43.20","42.00","66000","2795000","45","42.90","43.10","45009911","47.30","38.70"
"1151005","4147","中裕","60.00","-1.40","61.40","61.70","59.80","1025000","61846500","675","60.00","60.20","273202425","66.00","54.00"
"1151005","4153","鈺緯","31.40","-0.15","31.60","31.60","31.30","27000","850100","20","31.40","31.60","58668197","34.50","28.30"
"1151005","4154","樂威科-KY","11.85","+0.60","11.25","11.85","11.25","32000","371700","8","11.40","12.15","38390000","13.00","10.70"
"1151005","4157","太景*-KY","8.52","-0.13","8.68","8.68","8.52","1070000","9183460","402","8.52","8.54","711833575","9.37","7.67"
"1151005","4160","訊聯基因","38.40","-0.40","38.50","38.80","38.40","32000","1234100","27","38.40","38.80","28013734","42.20","34.60"
"1151005","4161","聿新科","21.70","+0.05","21.80","21.95","21.50","28000","605500","26","21.50","21.75","59798204","23.85","19.55"
"1151005","4162","智擎","55.00","-0.40","56.00","56.00","55.00","271000","15008600","180","55.00","55.30","143677640","60.50","49.50"
"1151005","4163","鐿鈦","136.00","-1.00","134.00","137.00","133.50","60000","8114000","55","135.50","137.00","50675143","149.50","122.50"
"1151005","4166","友霖","24.30","-0.10","24.75","24.75","24.30","58000","1416350","41","24.30","24.35","243035089","26.70","21.90"
"1151005","4167","松瑞藥","19.45","-0.10","19.60","19.65","19.35","453000","8812550","248","19.40","19.45","331554307","21.35","17.55"
"1151005","4168","醣聯","22.80","+0.40","22.50","23.55","22.50","167000","3810500","107","22.80","22.85","112521318","25.05","20.55"
"1151005","4171","瑞基","16.85","+0.50","16.90","17.15","16.35","164000","2766800","97","16.60","16.70","58057469","18.50","15.20"
"1151005","4173","久裕","17.30","-0.10","17.20","17.30","17.20","18000","310800","12","17.25","17.35","74574355","19.00","15.60"
"1151005","4174","浩鼎","46.20","+4.20","45.00","46.20","43.10","1894000","84202650","1188","46.20","0.00","131579687","50.80","41.60"
"1151005","4175","杏一","50.80","-0.10","50.70","51.60","50.70","17000","868000","16","50.70","51.00","42323307","55.80","45.75"
"1151005","4183","福永生技","14.75","+0.40","14.75","14.75","14.75","1000","14750","1","13.85","14.85","23800000","16.20","13.30"
"1151005","4188","安克","13.85","-0.25","14.20","14.20","13.75","64000","890650","44","13.80","13.85","63332900","15.20","12.50"
"1151005","4192","杏國","17.80","-0.80","18.10","18.25","17.75","55000","987000","23","17.80","18.00","35164500","19.55","16.05"
"1151005","4198","欣大健康","48.95","-0.05","47.35","48.95","47.35","2000","96300","2","47.80","48.70","24108000","53.80","44.10"
"1151005","4205","中華食","67.80","-0.60","68.40","68.40","67.70","87000","5905300","74","68.00","68.10","97649228","74.50","61.10"
"1151005","4207","環泰","19.45","+0.05","19.35","19.50","19.25","147000","2842150","38","19.40","19.45","198538008","21.35","17.55"
"1151005","4303","信立","32.00","-1.35","33.35","33.35","32.00","1097000","35661350","768","32.00","32.05","132447444","35.20","28.80"
"1151005","4304","勝昱","17.00","-0.30","17.00","17.10","16.75","52000","883550","34","16.90","17.60","61038065","18.70","15.30"
"1151005","4305","世坤","----","---","----","----","----","0","0","0","41.40","41.70","55014000","45.70","37.40"
"1151005","4401","東隆興","13.80","-0.15","14.00","14.00","13.75","32000","441450","22","13.75","13.80","122692012","15.15","12.45"
"1151005","4402","郡都開發","13.55","-0.60","14.15","14.15","13.55","25000","341300","18","13.50","13.95","67991830","14.90","12.20"
"1151005","4406","新昕纖","10.00","-0.25","10.10","10.10","10.00","12000","120350","5","10.00","10.05","51912000","11.00","9.00"
"1151005","4413","飛寶企業","19.90","-0.40","20.30","20.30","19.90","8000","161150","5","19.85","20.30","31314689","21.85","17.95"
"1151005","4416","三圓","12.75","-0.05","12.85","12.90","12.65","479000","6100200","241","12.70","12.75","73586213","14.00","11.50"
"1151005","4417","金洲","49.20","-0.15","49.35","49.35","48.80","81000","3975100","57","48.90","49.25","83971399","54.10","44.30"
"1151005","4419","皇家美食","49.95","0.00","49.95","49.95","49.95","1000","49950","1","47.00","49.95","169163133","54.90","45.00"
"1151005","4420","光明","35.20","-0.30","35.15","35.20","35.15","46000","1617450","27","35.15","35.20","40455000","38.70","31.70"
"1151005","4430","耀億","17.75","+0.05","17.85","17.85","17.75","37000","659300","14","17.70","17.75","56273609","19.50","16.00"
"1151005","4432","銘旺實","15.30","-0.25","15.35","15.60","15.25","14000","214800","13","15.25","15.45","50589000","16.80","13.80"
"1151005","4433","興采","17.70","-0.30","17.90","17.95","17.60","73000","1293300","57","17.65","17.80","61299774","19.45","15.95"
"1151005","4442","竣邦-KY","53.20","-0.40","53.40","53.40","53.20","12000","639600","12","53.20","53.60","32856149","58.50","47.90"
"1151005","4502","健信","15.75","-0.10","15.65","15.75","15.40","44000","684200","34","15.75","15.85","57469686","17.30","14.20"
"1151005","4503","金雨","23.90","-0.20","24.15","24.30","23.90","176000","4238950","105","23.90","24.10","78313326","26.25","21.55"
"1151005","4506","崇友","117.50","0.00","117.50","119.00","117.00","89000","10490000","67","117.00","117.50","177012000","129.00","106.00"
"1151005","4510","高鋒","42.65","-0.95","43.85","43.85","42.65","738000","31799500","517","42.65","42.70","108977724","46.90","38.40"
"1151005","4513","福裕","16.10","-0.20","16.25","16.25","16.05","137000","2211850","88","16.10","16.15","143761921","17.70","14.50"
"1151005","4523","永彰","23.75","-0.15","23.90","23.90","23.70","24000","570500","20","23.70","23.75","64949000","26.10","21.40"
"1151005","4528","江興鍛","14.80","0.00","15.05","15.10","14.75","19000","282250","14","14.80","14.85","84165695","16.25","13.35"
"1151005","4529","淳紳","3.30","-0.04","3.28","3.30","3.28","21000","69220","8","3.30","3.45","84549096","3.63","2.97"
"1151005","4530","天意能創","24.60","+0.60","24.00","24.65","23.30","10000","238550","9","24.10","24.60","35794959","27.05","22.15"
"1151005","4533","協易機","25.55","-0.05","26.00","26.00","25.45","670000","17185750","325","25.45","25.55","178434110","28.10","23.00"
"1151005","4534","慶騰","30.30","+0.30","30.00","30.75","29.85","704000","21321650","344","30.30","30.45","86788948","33.30","27.30"
"1151005","4535","至興","26.90","+0.15","26.55","26.90","26.40","10000","266250","10","26.50","26.90","75661740","29.55","24.25"
"1151005","4538","大詠城","17.25","-0.05","17.40","17.50","17.25","12000","208700","10","17.20","17.30","59469604","18.95","15.55"
"1151005","4541","晟田","60.80","-0.30","61.40","61.50","60.30","694000","42273600","563","60.80","61.00","72647068","66.80","54.80"
"1151005","4542","科嶠","358.00","+21.50","348.00","365.00","340.00","773000","273994000","657","357.50","358.00","35781725","393.50","322.50"
"1151005","4543","萬在","30.15","-0.10","30.25","30.25","29.75","98000","2934050","66","30.10","30.15","62760915","33.15","27.15"
"1151005","4549","桓達","98.80","+1.50","99.50","99.50","97.70","61000","6021200","53","98.50","98.80","58142493","108.50","89.00"
"1151005","4550","長佳","24.20","+0.05","24.00","24.20","24.00","2000","48200","2","24.00","24.20","37838783","26.60","21.80"
"1151005","4554","橙的","27.85","-0.25","28.10","28.10","27.80","61000","1706900","46","27.80","27.85","30276584","30.60","25.10"
"1151005","4556","旭然","125.50","+11.00","117.00","125.50","114.50","2998000","361763000","2114","125.50","0.00","42302840","138.00","113.00"
"1151005","4558","寶緯","16.75","-0.05","16.80","16.95","16.75","12000","202550","12","16.75","16.85","50000000","18.40","15.10"
"1151005","4561","健椿","42.80","-0.80","44.00","44.00","42.40","183000","7896700","107","42.70","42.80","58521619","47.05","38.55"
"1151005","4563","百德","54.00","+0.80","53.60","54.00","51.90","193000","10288100","155","53.90","54.00","54950000","59.40","48.60"
"1151005","4568","科際精密","39.05","+0.05","39.00","39.20","39.00","14000","547350","11","39.00","39.05","32045125","42.95","35.15"
"1151005","4577","達航科技","92.50","+0.50","93.70","93.90","91.50","417000","38554500","348","92.10","92.50","49137998","101.50","83.30"
"1151005","4580","捷流閥業","82.40","+0.20","81.60","82.60","81.60","58000","4767800","45","82.20","82.50","46803109","90.60","74.20"
"1151005","4584","君帆","----","---","----","----","----","0","0","0","37.15","37.75","30002400","41.50","34.00"
"1151005","4609","唐鋒","4.31","-0.45","4.45","4.45","4.31","7000","30510","6","4.31","4.33","47946820","4.74","3.88"
"1151005","4702","中美實","9.30","+0.01","9.30","9.35","9.27","55000","511940","41","9.29","9.30","72333200","10.20","8.37"
"1151005","4706","大恭","35.70","+1.00","34.70","35.70","34.70","22000","769700","22","35.70","35.75","79030093","39.25","32.15"
"1151005","4707","磐亞","30.25","+0.10","30.15","31.80","29.55","3926000","119830550","2245","30.25","30.40","413808151","33.25","27.25"
"1151005","4711","永純","16.80","+0.40","16.55","17.20","16.35","261000","4388400","138","16.70","16.80","61056000","18.45","15.15"
"1151005","4714","永捷","11.95","-0.40","12.60","12.60","11.90","2000000","24326800","880","11.95","12.00","221838188","13.10","10.80"
"1151005","4716","大立","19.05","+0.10","19.05","19.65","18.35","5565000","106247400","2686","19.05","19.10","94427191","20.95","17.15"
"1151005","4721","美琪瑪","80.90","-0.30","82.20","82.20","80.60","552000","44894700","375","80.80","81.20","74986304","88.90","72.90"
"1151005","4726","永昕","22.95","-0.25","23.20","23.30","22.95","109000","2517600","76","22.95","23.20","207041800","25.20","20.70"
"1151005","4728","雙美","395.00","+0.50","392.00","398.00","391.50","20000","7927500","10","392.00","395.00","54463000","434.50","355.50"
"1151005","4729","熒茂","19.80","+0.10","20.00","20.45","19.80","470000","9391300","247","19.80","19.90","79226741","21.75","17.85"
"1151005","4735","豪展","36.05","+0.05","36.00","36.25","35.90","42000","1516550","30","35.95","36.10","41568758","39.65","32.45"
"1151005","4741","泓瀚","40.50","-1.15","42.00","42.00","40.40","143000","5856050","103","40.50","40.55","34812079","44.55","36.45"
"1151005","4743","合一","47.10","-0.05","47.30","49.60","46.65","3164000","151766500","1891","47.10","47.20","480533486","51.80","42.40"
"1151005","4744","皇將","28.35","+0.05","28.30","28.40","28.00","15000","424600","11","28.50","28.65","56948450","31.15","25.55"
"1151005","4745","合富-KY","12.15","-0.05","12.15","12.20","12.10","28000","340200","17","12.15","12.20","66220547","13.35","10.95"
"1151005","4747","強生*","22.85","-0.10","23.00","23.10","22.85","17000","390150","14","22.85","22.95","90922064","25.10","20.60"
"1151005","4749","新應材","806.00","+21.00","803.00","812.00","788.00","1411000","1129123000","1288","806.00","807.00","94732865","886.00","726.00"
"1151005","4754","國碳科","37.95","-0.20","38.40","38.45","37.95","21000","799700","18","37.90","37.95","30283215","41.70","34.20"
"1151005","4760","勤凱","348.50","+31.50","348.50","348.50","348.50","424000","147764000","303","348.50","0.00","32778289","383.00","314.00"
"1151005","4767","誠泰科技","28.50","-0.20","28.60","28.60","28.05","3000","85150","3","28.00","28.20","31415000","31.35","25.65"
"1151005","4768","晶呈科技","365.00","-9.50","378.00","383.00","364.50","894000","333999000","725","365.00","366.00","48200288","401.50","328.50"
"1151005","4772","台特化","278.00","-3.50","290.00","290.00","277.50","2620000","740430000","1956","278.00","278.50","147681552","305.50","250.50"
"1151005","4806","桂田文創","12.10","-1.30","13.20","13.20","12.10","82000","1009350","47","0.00","12.10","69924107","13.30","10.90"
"1151005","4903","聯光通","43.80","-1.50","46.00","46.20","43.35","4400000","196280700","3072","43.80","43.85","105343714","48.15","39.45"
"1151005","4905","台聯電","97.10","+4.60","95.20","101.50","95.20","451000","44466900","326","97.10","98.10","29260044","106.50","87.40"
"1151005","4907","富宇","42.80","-1.70","44.50","45.20","42.00","185000","8026350","139","42.80","43.00","118145778","47.05","38.55"
"1151005","4908","前鼎","234.50","+10.00","234.00","242.00","228.00","9825000","2320764500","7502","234.50","235.00","78216907","257.50","211.50"
"1151005","4909","新復興","37.30","+0.45","37.20","37.40","36.50","270000","9995300","203","37.25","37.35","93356864","41.00","33.60"
"1151005","4911","德英","28.25","-0.15","28.15","28.25","28.15","8000","225550","7","28.15","28.45","68817133","31.05","25.45"
"1151005","4923","力士","64.10","-2.50","66.00","66.50","63.60","1755000","113707400","1343","64.00","64.20","37416406","70.50","57.70"
"1151005","4924","欣厚-KY","15.00","-0.90","15.95","16.15","14.55","270000","4158550","196","15.00","15.05","37164409","16.50","13.50"
"1151005","4931","新盛力","250.00","-2.00","253.00","257.50","250.00","3722000","941450000","2947","250.00","250.50","65565761","275.00","225.00"
"1151005","4933","友輝","54.00","+0.10","53.70","54.70","53.20","101000","5434500","83","53.50","54.00","82675675","59.40","48.60"
"1151005","4939","亞電","78.60","-0.60","79.70","80.70","78.40","6236000","495541600","4554","78.60","78.70","98200868","86.40","70.80"
"1151005","4946","辣椒","98.80","-2.20","99.80","99.80","98.10","12000","1187800","12","98.60","99.80","8852816","108.50","89.00"
"1151005","4950","金耘國際","----","---","----","----","----","0","0","0","15.55","16.00","57729107","17.60","14.40"
"1151005","4951","精拓科","90.10","-0.80","91.10","92.30","89.80","219000","19905100","180","90.10","90.40","34148713","99.10","81.10"
"1151005","4953","緯致","116.50","-1.00","118.00","118.00","116.50","212000","24814500","188","116.50","117.00","73147014","128.00","105.00"
"1151005","4966","譜瑞-KY","574.00","0.00","580.00","580.00","573.00","386000","221967000","361","574.00","575.00","78957788","631.00","517.00"
"1151005","4971","IET-KY","584.00","-3.00","601.00","607.00","582.00","3364000","1995794000","2886","584.00","585.00","47185743","642.00","526.00"
"1151005","4972","湯石照明","16.20","0.00","16.25","16.65","16.15","43000","698050","31","16.20","16.25","56888587","17.80","14.60"
"1151005","4973","廣穎","138.00","-0.50","141.00","141.00","138.00","462000","64083500","356","138.00","138.50","65292843","151.50","124.50"
"1151005","4974","亞泰","71.10","-0.10","71.30","71.40","70.60","124000","8799100","98","70.70","71.10","72500104","78.20","64.00"
"1151005","4979","華星光","598.00","+13.00","605.00","605.00","580.00","1214000","720378000","1081","597.00","598.00","142874598","657.00","539.00"
"1151005","4991","環宇-KY","524.00","-10.00","547.00","547.00","519.00","9930000","5250950000","8065","523.00","524.00","121355372","576.00","472.00"
"1151005","4995","晶達","47.30","-1.50","48.80","48.80","46.35","95000","4501250","79","47.05","47.70","42592036","52.00","42.60"
"1151005","5009","榮剛","32.45","-0.65","32.85","33.00","32.35","2116000","68935450","1157","32.45","32.50","602471197","35.65","29.25"
"1151005","5011","久陽","22.45","+2.00","21.60","22.45","21.60","1024000","22867700","336","22.45","0.00","100673922","24.65","20.25"
"1151005","5013","強新","51.50","+4.65","51.50","51.50","51.50","212000","10918000","65","51.50","0.00","133416000","56.60","46.35"
"1151005","5014","建錩","10.00","-0.10","10.20","10.20","10.00","264000","2654200","88","10.00","10.05","183265054","11.00","9.00"
"1151005","5015","華祺","23.45","-0.50","23.50","24.25","22.80","211000","4937750","115","23.45","23.65","60639189","25.75","21.15"
"1151005","5016","松和","27.00","-1.60","28.95","28.95","27.00","369000","10224700","265","27.00","27.10","49622076","29.70","24.30"
"1151005","5201","凱衛","27.35","-0.65","28.75","28.75","27.10","38000","1048900","37","27.35","27.45","38674600","30.05","24.65"
"1151005","5202","力新","13.70","-0.40","14.25","14.30","13.65","444000","6147250","242","13.70","13.75","89094000","15.05","12.35"
"1151005","5205","中茂","25.05","+2.25","23.50","25.05","23.00","20000","490000","19","25.05","0.00","14200000","27.55","22.55"
"1151005","5206","坤悅","22.60","-0.25","22.70","22.85","22.50","112000","2539550","74","22.60","22.70","201093375","24.85","20.35"
"1151005","5209","新鼎","174.50","-1.50","177.00","178.00","174.50","77000","13564000","60","174.00","174.50","29228129","191.50","157.50"
"1151005","5210","寶碩","29.80","-0.50","30.65","30.70","29.75","334000","10034000","187","29.80","29.90","82177779","32.75","26.85"
"1151005","5211","蒙恬","20.90","-0.45","21.30","21.30","20.80","25000","525150","22","20.90","20.95","32024727","22.95","18.85"
"1151005","5212","凌網","49.00","-0.30","49.00","49.20","49.00","12000","588400","9","49.00","49.20","34633000","53.90","44.10"
"1151005","5213","亞昕","20.15","-0.40","20.50","20.50","20.00","888000","17875150","397","20.15","20.20","762148960","22.15","18.15"
"1151005","5220","萬達光電","22.70","-0.40","23.20","23.25","22.15","173000","3926200","119","22.70","22.85","39667000","24.95","20.45"
"1151005","5223","安力-KY","23.00","+0.05","22.95","23.30","22.95","5000","115250","5","22.90","23.00","44549781","25.30","20.70"
"1151005","5227","立凱-KY","28.95","-1.60","31.00","31.00","28.80","825000","24207150","507","28.95","29.00","96000000","31.80","26.10"
"1151005","5228","鈺鎧","47.75","-0.30","52.00","52.80","47.45","3445000","174941100","2043","47.75","47.80","38056253","52.50","43.00"
"1151005","5230","雷笛克光學","22.35","+0.10","22.95","23.15","22.35","527000","11959550","383","22.35","22.45","56303831","24.55","20.15"
"1151005","5245","智晶","20.55","-0.20","21.15","21.15","20.50","96000","1980950","65","20.55","20.70","45127141","22.60","18.50"
"1151005","5251","天鉞電","29.40","-0.55","29.85","29.95","29.25","83000","2454150","71","29.35","29.55","33733377","32.30","26.50"
"1151005","5263","智崴","90.60","+0.10","91.10","91.40","89.40","175000","15837400","137","90.60","91.00","78936891","99.60","81.60"
"1151005","5272","笙科","17.90","+0.05","17.75","18.00","17.70","48000","853450","37","17.80","17.90","55276118","19.65","16.15"
"1151005","5274","信驊","19520.00","+680.00","19100.00","19770.00","19100.00","100000","1943300000","99","19500.00","19650.00","41582953","21470.00","17570.00"
"1151005","5276","達輝-KY","18.15","+0.30","18.15","18.15","18.15","1000","18150","1","17.10","17.85","39500000","19.95","16.35"
"1151005","5278","尚凡*","23.60","-0.10","23.70","23.80","23.45","108000","2543100","51","23.60","23.70","300000000","25.95","21.25"
"1151005","5287","數字","137.50","0.00","137.50","137.50","136.50","71000","9733000","63","137.00","137.50","65738000","151.00","124.00"
"1151005","5289","宜鼎","1295.00","0.00","1305.00","1320.00","1290.00","967000","1260275000","902","1295.00","1300.00","98335431","1420.00","1170.00"
"1151005","5291","邑昇","64.50","+2.50","62.50","65.90","62.10","806000","51659800","593","64.50","64.60","41890606","70.90","58.10"
"1151005","5299","杰力","105.00","+0.50","106.00","108.50","105.00","507000","54027500","435","104.50","105.00","51163781","115.50","94.50"
"1151005","5302","太欣","9.88","-0.17","10.10","10.20","9.88","245000","2443400","132","9.88","9.95","159888349","10.85","8.90"
"1151005","5309","系統電","67.10","+1.40","67.00","69.00","65.20","13269000","894721900","7871","67.10","67.20","231685340","73.80","60.40"
"1151005","5310","天剛","29.70","+0.10","29.60","29.85","28.35","52000","1519700","39","28.40","29.80","28943517","32.65","26.75"
"1151005","5312","寶島科","89.70","0.00","89.70","89.70","89.00","37000","3302500","32","89.30","89.70","60059898","98.60","80.80"
"1151005","5314","世紀*","28.70","-1.20","30.10","30.20","28.55","34669000","1009139100","15606","28.70","28.75","1205960000","31.55","25.85"
"1151005","5315","光聯","18.85","0.00","18.90","18.95","18.85","102000","1928200","41","18.80","18.90","106351832","20.70","17.00"
"1151005","5321","美而快","67.10","-1.50","69.70","69.70","66.90","240000","16243300","176","67.00","67.50","59543149","73.80","60.40"
"1151005","5324","士開","12.40","-0.05","12.40","12.45","12.40","87000","1081750","23","12.40","12.45","226379090","13.60","11.20"
"1151005","5328","華容","58.10","-1.00","60.80","60.80","57.60","6852000","405240700","4448","58.00","58.10","172710724","63.90","52.30"
"1151005","5340","建榮","85.50","+2.30","84.20","88.10","83.90","5971000","514049300","4241","85.40","85.50","194893964","94.00","77.00"
"1151005","5344","立衛","13.55","-0.10","13.60","13.65","13.50","56000","760850","27","13.50","13.55","79447460","14.90","12.20"
"1151005","5345","馥鴻","22.10","+0.95","21.60","23.20","21.60","36000","815750","32","21.70","22.10","37795000","24.30","19.90"
"1151005","5347","世界","184.00","-3.00","188.50","189.00","183.00","15110000","2797260000","9567","184.00","184.50","1878502192","202.00","166.00"
"1151005","5348","正能量智能","17.05","+0.70","16.35","17.35","15.80","23000","377400","18","16.00","16.95","14775917","18.75","15.35"
"1151005","5351","鈺創","114.00","-2.00","116.50","116.50","113.50","13112000","1501626000","8204","114.00","114.50","328824781","125.00","103.00"
"1151005","5353","台林","29.50","+0.85","28.75","30.00","28.75","105000","3094000","71","29.50","29.55","75765000","32.45","26.55"
"1151005","5355","佳總","7.87","+0.47","7.39","8.14","7.39","370000","2885300","99","7.78","7.87","166122792","8.65","7.09"
"1151005","5356","協益","25.80","+0.05","25.80","25.95","25.75","31000","801450","21","25.75","25.85","103040000","28.35","23.25"
"1151005","5364","力麗店","8.30","-0.01","8.27","8.32","8.26","34000","281940","19","8.28","8.30","63849940","9.13","7.47"
"1151005","5381","光譜","22.90","-0.45","23.65","23.65","22.80","608000","14061950","276","22.85","22.90","207690562","25.15","20.65"
"1151005","5386","青雲","290.50","-2.00","295.00","295.00","290.00","616000","179767000","516","290.50","291.00","54121322","319.50","261.50"
"1151005","5392","能率","39.20","-0.85","40.50","40.50","39.20","898000","35638850","646","39.20","39.25","180093388","43.10","35.30"
"1151005","5398","慕康生醫","13.65","0.00","13.70","13.80","13.60","69000","943300","34","13.65","13.85","49465460","15.00","12.30"
"1151005","5403","中菲","92.50","-0.20","92.90","92.90","92.00","67000","6182800","33","92.40","92.60","78120722","101.50","83.30"
"1151005","5410","國眾","32.90","-0.20","33.10","33.10","32.85","200000","6577750","113","32.90","33.00","93500123","36.15","29.65"
"1151005","5425","台半","105.50","+3.50","110.00","112.00","104.00","33037000","3601849000","16100","105.00","105.50","263485486","116.00","95.00"
"1151005","5426","振發","29.15","-0.50","30.45","30.80","29.05","950000","28379300","648","29.15","29.20","143800000","32.05","26.25"
"1151005","5432","新門","178.00","+13.50","170.00","179.00","164.50","686000","118290000","550","177.50","178.00","20687804","195.50","160.50"
"1151005","5438","東友","17.10","-0.25","17.60","17.60","17.10","40000","690450","31","17.05","17.15","112536565","18.80","15.40"
"1151005","5439","高技","261.00","+8.00","257.00","263.00","256.50","2661000","693279000","1716","260.50","261.00","92976751","287.00","235.00"
"1151005","5443","均豪","114.50","+1.00","114.50","115.50","112.50","2159000","246500500","1542","114.50","115.00","164746644","125.50","103.50"
"1151005","5450","南良","14.45","-0.15","14.70","14.80","14.40","224000","3253700","106","14.45","14.50","122403239","15.85","13.05"
"1151005","5452","佶優","30.00","+2.05","28.25","30.70","27.65","3016000","89439250","1484","29.90","30.00","148763669","33.00","27.00"
"1151005","5455","昇益","30.80","+0.10","30.70","30.80","30.00","9000","273750","8","30.30","30.95","65501813","33.85","27.75"
"1151005","5457","宣德","24.00","-0.40","24.80","24.80","24.00","507000","12306300","312","24.00","24.05","196237000","26.40","21.60"
"1151005","5460","同協","17.55","+0.15","17.40","17.75","17.35","188000","3297450","100","17.40","17.60","58778130","19.30","15.80"
"1151005","5464","霖宏","93.90","+3.20","92.10","99.20","92.10","1395000","133682300","884","93.70","93.90","76134352","103.00","84.60"
"1151005","5465","富驊","32.70","-0.40","33.70","33.70","32.20","543000","17853850","384","32.65","32.70","147682629","35.95","29.45"
"1151005","5468","凱鈺","24.70","-0.50","25.20","25.20","24.70","117000","2904850","94","24.70","24.75","58922909","27.15","22.25"
"1151005","5474","聰泰","159.50","-2.00","161.50","162.50","159.00","180000","28882500","157","159.50","160.00","39756944","175.00","144.00"
"1151005","5475","德宏","184.00","+3.50","188.00","191.50","183.50","6359000","1189638000","4758","184.00","184.50","127127017","202.00","166.00"
"1151005","5478","智冠","97.10","-0.50","97.60","97.60","97.10","40000","3893900","34","97.00","97.60","156074332","106.50","87.40"
"1151005","5481","新華","21.70","-0.15","21.85","21.85","21.60","65000","1413150","23","21.70","21.95","71402891","23.85","19.55"
"1151005","5483","中美晶","214.50","-7.00","225.00","229.00","213.00","32246000","7064344500","19815","214.00","214.50","641221651","235.50","193.50"
"1151005","5487","通泰","29.10","-0.20","29.30","29.80","28.80","192000","5619350","126","29.05","29.25","24222516","32.00","26.20"
"1151005","5488","松普","12.05","-0.25","12.35","12.45","12.05","426000","5181550","216","12.05","12.15","91586124","13.25","10.85"
"1151005","5489","彩富","41.70","-0.60","42.30","42.50","41.70","36000","1511750","29","41.80","42.20","102706441","45.85","37.55"
"1151005","5490","同亨","25.25","-0.65","26.05","26.05","25.20","536000","13657500","345","25.25","25.40","96152201","27.75","22.75"
"1151005","5493","三聯","90.30","-1.00","89.60","91.70","89.60","99000","8999700","82","90.30","90.50","43689255","99.30","81.30"
"1151005","5498","凱崴","54.80","-0.80","57.80","57.80","54.70","7385000","413601700","4955","54.80","54.90","193548545","60.20","49.35"
"1151005","5508","永信建","53.00","-0.70","53.00","53.30","52.80","319000","16919400","207","53.00","53.10","217428133","58.30","47.70"
"1151005","5511","德昌","68.50","-0.50","68.70","69.00","68.20","121000","8289600","81","68.40","68.60","136000000","75.30","61.70"
"1151005","5512","力麒","7.51","除息","7.62","7.62","7.49","1312000","9873450","406","7.51","7.52","766312494","8.26","6.76"
"1151005","5514","三豐","----","---","----","----","----","0","0","0","14.90","15.00","236118280","16.50","13.50"
"1151005","5516","雙喜","12.00","+0.25","11.75","12.00","11.75","9000","106950","8","11.75","12.00","51545223","13.20","10.80"
"1151005","5520","力泰","84.00","+0.50","84.00","84.00","84.00","1000","84000","1","83.50","84.50","59975245","92.40","75.60"
"1151005","5523","豐謙","30.20","-0.10","30.15","30.20","29.80","43000","1296100","39","29.90","30.20","155001464","33.20","27.20"
"1151005","5529","鉅陞","25.95","-0.10","26.10","26.10","25.80","46000","1193250","27","25.90","26.00","105769350","28.50","23.40"
"1151005","5530","龍巖","48.25","-0.45","48.60","48.60","48.10","273000","13173100","148","48.25","48.30","420084199","53.00","43.45"
"1151005","5536","聖暉*","954.00","-2.00","975.00","977.00","946.00","2556000","2447836000","2299","954.00","955.00","124080930","1045.00","859.00"
"1151005","5543","桓鼎-KY","27.45","-0.05","28.50","28.50","26.30","9000","245400","7","26.50","27.70","46703593","30.15","24.75"
"1151005","5547","久舜","20.05","-0.15","20.10","20.10","20.05","14000","280850","10","20.00","20.05","51000000","22.05","18.05"
"1151005","5548","安倉","20.05","0.00","20.05","20.05","20.05","26000","521300","10","20.00","20.10","63723065","22.05","18.05"
"1151005","5601","台聯櫃","----","---","----","----","----","0","0","0","29.80","30.60","64800000","33.60","27.50"
"1151005","5603","陸海","13.55","0.00","13.50","13.55","13.35","37000","497200","32","13.50","13.55","104876607","14.90","12.20"
"1151005","5604","中連","31.75","+0.35","31.70","31.80","31.40","10000","316100","10","31.35","31.50","108782968","34.90","28.60"
"1151005","5609","中菲行","77.70","-0.30","78.20","78.20","77.30","162000","12571400","137","77.60","77.70","142884000","85.40","70.00"
"1151005","5701","劍湖山","4.05","-0.02","4.01","4.13","4.00","116000","466830","43","4.01","4.05","143000000","4.45","3.65"
"1151005","5703","亞都","13.50","0.00","13.50","13.50","13.50","1000","13500","1","13.25","13.60","70239594","14.85","12.15"
"1151005","5704","老爺知","22.50","+0.05","22.30","23.00","22.30","49000","1109600","11","22.50","22.65","58861658","24.75","20.25"
"1151005","5864","致和證","39.80","+0.80","39.85","40.55","39.60","3157000","126021500","1492","39.75","39.80","504490084","43.75","35.85"
"1151005","5878","台名","37.50","-0.30","37.65","37.65","37.50","17000","638050","14","37.40","37.50","25024303","41.25","33.75"
"1151005","5902","德記","34.10","-0.10","34.40","34.40","34.00","106000","3642650","12","34.05","34.20","94500000","37.50","30.70"
"1151005","5903","全家","186.50","+0.50","186.00","186.50","186.00","42000","7827000","30","186.00","186.50","223220000","205.00","168.00"
"1151005","5904","寶雅*","68.80","+0.40","68.60","68.90","68.30","2756000","188827300","1852","68.70","68.80","1064438260","75.60","62.00"
"1151005","5905","南仁湖","7.29","-0.04","7.34","7.35","7.28","236000","1725740","127","7.29","7.30","281623235","8.01","6.57"
"1151005","6015","宏遠證","18.10","+0.30","18.00","18.20","17.95","2966000","53650500","878","18.05","18.10","415693591","19.90","16.30"
"1151005","6016","康和證","24.35","+0.45","24.45","24.50","24.15","4937000","120238200","1449","24.35","24.40","772419946","26.75","21.95"
"1151005","6020","大展證","20.60","+0.05","20.70","20.70","20.55","20000","412400","16","20.55","20.60","252353154","22.65","18.55"
"1151005","6021","美好證","42.75","+0.95","42.45","43.10","42.45","168000","7183050","116","42.70","42.75","312005974","47.00","38.50"
"1151005","6023","元大期","84.30","-0.40","84.70","84.70","83.70","727000","61082000","441","84.20","84.30","447972732","92.70","75.90"
"1151005","6026","福邦證","16.00","+0.05","16.05","16.10","15.90","850000","13584200","322","15.95","16.00","396161841","17.60","14.40"
"1151005","6028","公勝保經","99.30","-0.50","99.80","99.80","99.10","35000","3475800","22","99.00","99.60","25000000","109.00","89.40"
"1151005","6101","寬魚國際","37.35","-0.45","38.25","38.25","37.25","195000","7318200","161","37.35","37.40","116601850","41.05","33.65"
"1151005","6103","合邦","35.90","-1.05","36.90","36.90","34.00","20000","713550","20","35.40","35.90","13604891","39.45","32.35"
"1151005","6104","創惟","90.70","-1.60","93.10","93.10","90.70","466000","42530200","376","90.70","90.90","91129107","99.70","81.70"
"1151005","6109","亞元","10.40","+0.05","10.45","10.50","10.35","54000","562600","26","10.35","10.40","87825414","11.40","9.36"
"1151005","6111","光聚晶電","37.00","-1.40","38.15","38.15","37.00","126000","4731100","95","37.00","37.40","108514036","40.70","33.30"
"1151005","6113","亞矽","24.20","-0.25","24.45","25.00","24.20","206000","5035000","158","24.20","24.30","52549455","26.60","21.80"
"1151005","6114","久威","23.30","-0.10","23.35","23.50","23.25","25000","582250","13","23.25","23.30","43911937","25.60","21.00"
"1151005","6118","建達","16.05","-0.10","16.30","16.30","16.05","133000","2144700","88","16.00","16.05","90889573","17.65","14.45"
"1151005","6121","新普","382.00","-1.00","383.50","386.50","380.50","423000","162082500","371","381.50","382.00","184970519","420.00","344.00"
"1151005","6122","擎邦","61.80","-2.10","63.90","64.20","61.50","2892000","181603000","1712","61.80","61.90","78091632","67.90","55.70"
"1151005","6123","上奇","42.80","-0.25","42.95","43.00","42.70","42000","1797150","32","42.75","42.85","62089430","47.05","38.55"
"1151005","6124","業強","27.20","+0.10","27.10","27.20","26.95","20000","542550","10","27.10","27.30","182479945","29.90","24.50"
"1151005","6125","廣運","50.30","-0.60","51.40","51.40","50.10","754000","38225800","505","50.20","50.30","259011150","55.30","45.30"
"1151005","6126","信音","33.40","+2.15","31.55","34.35","31.20","4561000","154029950","2336","33.35","33.40","130218658","36.70","30.10"
"1151005","6127","九豪","57.80","-0.60","59.40","60.50","56.70","11098000","649833300","7400","57.70","57.80","108079751","63.50","52.10"
"1151005","6129","普誠","14.55","-0.25","14.90","15.05","14.55","608000","8950450","243","14.55","14.70","160574120","16.00","13.10"
"1151005","6130","上亞科技","22.55","-1.05","23.70","23.70","22.25","581000","13271550","253","22.55","23.00","49300000","24.80","20.30"
"1151005","6134","萬旭","29.10","+0.20","29.15","30.30","28.65","1292000","38218500","710","29.10","29.30","81882117","32.00","26.20"
"1151005","6138","茂達","287.50","+3.00","288.50","296.50","287.50","1158000","338157500","937","287.50","288.50","75633500","316.00","259.00"
"1151005","6140","訊達","19.70","-0.40","20.05","20.05","19.60","210000","4139250","140","19.70","19.80","54897760","21.65","17.75"
"1151005","6143","振曜","80.10","-0.80","80.60","81.00","79.90","575000","46122300","387","80.10","80.20","86058897","88.10","72.10"
"1151005","6144","得利影","13.05","-1.00","13.55","13.90","13.05","55000","740450","41","13.05","13.40","38273701","14.35","11.75"
"1151005","6146","耕興","181.00","-2.50","184.50","184.50","181.00","133000","24241000","125","181.00","181.50","101867199","199.00","163.00"
"1151005","6147","頎邦","216.00","-7.00","227.50","228.00","215.50","33804000","7400721500","19924","216.00","216.50","744577539","237.50","194.50"
"1151005","6148","驊宏資","36.30","-1.80","38.10","38.10","36.30","1099000","40527200","772","36.30","36.35","46603757","39.90","32.70"
"1151005","6150","撼訊","66.30","-2.20","68.10","68.10","65.90","668000","44724900","433","66.20","66.30","48345985","72.90","59.70"
"1151005","6151","晉倫","35.10","-0.10","35.60","35.60","34.75","71000","2480100","62","34.95","35.10","55257300","38.60","31.60"
"1151005","6154","順發","14.20","0.00","14.30","14.35","14.20","25000","357200","18","14.20","14.25","80080000","15.60","12.80"
"1151005","6156","松上","22.25","-0.10","22.50","22.50","21.90","567000","12542950","335","22.20","22.30","107875010","24.45","20.05"
"1151005","6158","禾昌","17.80","+0.40","17.50","17.80","17.45","152000","2684650","83","17.80","17.85","55028788","19.55","16.05"
"1151005","6160","欣技","13.95","+0.05","13.90","14.00","13.85","29000","404300","26","13.95","14.00","68489120","15.30","12.60"
"1151005","6161","捷波","49.15","-0.50","49.80","49.90","48.90","59000","2902050","49","49.10","49.25","56237477","54.00","44.25"
"1151005","6163","華電網","43.40","+2.20","41.20","44.60","40.20","3909000","165242400","2533","42.55","43.40","148838747","47.70","39.10"
"1151005","6167","久正","10.25","+0.05","10.20","10.40","10.20","311000","3198750","100","10.25","10.30","146000000","11.25","9.23"
"1151005","6169","昱泉","----","---","----","----","----","0","0","0","11.75","12.00","23394960","13.20","10.80"
"1151005","6170","統振","48.65","-0.60","49.30","49.40","48.60","146000","7149800","76","48.65","48.80","97260038","53.50","43.80"
"1151005","6171","大城地產","24.00","-0.50","24.50","24.50","23.90","121000","2912850","80","23.95","24.00","100000000","26.40","21.60"
"1151005","6173","信昌電","292.00","-11.00","314.50","314.50","292.00","11506000","3507475000","8649","292.00","292.50","171200000","321.00","263.00"
"1151005","6174","安碁","60.50","+5.50","60.50","60.50","60.50","1302000","78771000","572","60.50","0.00","50000000","66.50","54.50"
"1151005","6175","立敦","75.20","-1.50","78.90","79.30","75.20","2757000","211885600","1877","75.20","75.30","150121812","82.70","67.70"
"1151005","6179","亞通","35.75","-0.75","36.20","36.75","35.05","4000000","143988800","2129","35.75","35.80","178411605","39.30","32.20"
"1151005","6180","橘子","41.35","+0.15","41.05","41.65","40.90","215000","8846400","126","41.25","41.35","175493573","45.45","37.25"
"1151005","6182","合晶","131.50","-3.50","138.50","140.00","131.00","90831000","12240446500","49911","131.50","132.00","637607994","144.50","118.50"
"1151005","6185","幃翔","12.45","0.00","12.50","12.55","12.40","166000","2067950","65","12.40","12.50","149867531","13.65","11.25"
"1151005","6186","新潤","28.65","-0.25","28.90","28.90","28.55","499000","14279350","331","28.60","28.65","226907598","31.50","25.80"
"1151005","6187","萬潤","1490.00","+135.00","1400.00","1490.00","1390.00","4544000","6589690000","3372","1490.00","0.00","98262739","1635.00","1345.00"
"1151005","6188","廣明","61.60","-0.80","62.80","63.00","61.60","930000","57666300","593","61.60","61.70","278358910","67.70","55.50"
"1151005","6190","萬泰科","77.40","+6.60","72.70","77.80","72.70","8794000","674541700","5484","77.40","77.50","195847823","85.10","69.70"
"1151005","6194","育富","30.05","+0.10","30.20","30.20","29.95","8000","240450","8","29.95","30.10","48000000","33.05","27.05"
"1151005","6195","詩肯","28.10","0.00","28.10","28.20","28.10","8000","224900","6","28.05","28.10","50192942","30.90","25.30"
"1151005","6198","瑞築","19.45","-0.50","19.45","19.85","19.45","6000","117100","5","19.45","19.85","171400350","21.35","17.55"
"1151005","6199","天品","133.50","+1.50","132.50","134.00","130.00","7650000","1015782000","1615","133.00","133.50","61760018","146.50","120.50"
"1151005","006201","元大富櫃50","48.96","+1.10","48.62","49.00","48.51","292000","14231660","140","48.95","49.07","22946000","53.85","44.07"
"1151005","6203","海韻電","60.00","-0.30","60.30","60.50","59.90","37000","2219500","21","60.20","60.30","82401370","66.00","54.00"
"1151005","6204","艾華","113.00","+3.00","114.50","116.50","111.50","1185000","134535000","649","112.50","113.00","23102080","124.00","102.00"
"1151005","6207","雷科","152.00","+4.00","150.50","152.50","145.50","17386000","2599114000","11734","151.50","152.00","93456627","167.00","137.00"
"1151005","6208","日揚","79.90","-0.50","80.40","82.00","79.60","229000","18487800","197","79.80","79.90","94462343","87.80","72.00"
"1151005","6210","慶生","18.00","+0.20","17.65","18.10","17.55","27000","479850","16","17.70","18.05","35048000","19.80","16.20"
"1151005","6212","理銘","32.00","-0.10","32.00","32.00","32.00","1000","32000","1","32.05","33.15","102000000","35.20","28.80"
"1151005","6217","中探針","178.00","+0.50","180.00","181.00","177.50","2804000","501553500","1946","178.00","178.50","117210018","195.50","160.50"
"1151005","6218","豪勉","61.40","-3.00","62.70","63.40","61.00","2049000","127126100","1459","61.40","61.80","64262000","67.50","55.30"
"1151005","6219","富旺","12.15","0.00","12.25","12.25","12.05","52000","632150","26","12.10","12.15","124967090","13.35","10.95"
"1151005","6220","岳豐","25.30","-0.15","25.60","25.60","25.20","203000","5150400","136","25.25","25.35","146462640","27.80","22.80"
"1151005","6221","晉泰","30.10","-0.15","30.50","30.60","29.50","1038000","31196150","626","30.10","30.15","168612206","33.10","27.10"
"1151005","6222","立軒","19.90","-0.05","19.45","19.90","19.35","9000","175850","7","19.10","19.45","95688878","21.85","17.95"
"1151005","6223","旺矽","5520.00","+210.00","5400.00","5520.00","5300.00","769000","4176320000","696","5515.00","5525.00","97981309","6070.00","4970.00"
"1151005","6227","茂綸","142.50","+2.00","143.00","151.50","140.00","2902000","424700000","2140","142.00","142.50","76111786","156.50","128.50"
"1151005","6228","全譜","18.00","-0.25","18.30","18.40","18.00","10000","181150","8","17.65","18.35","29000000","19.80","16.20"
"1151005","6229","研通","24.15","-0.05","24.85","24.85","24.00","55000","1327350","48","24.00","24.20","40360700","26.55","21.75"
"1151005","6231","系微","236.00","-7.00","243.50","245.00","235.00","356000","84587000","317","236.00","236.50","45652186","259.50","212.50"
"1151005","6233","旺玖","23.60","+0.05","23.65","23.75","23.45","233000","5501550","131","23.60","23.65","80971896","25.95","21.25"
"1151005","6234","高僑","38.85","-1.10","40.50","40.50","38.80","728000","28642500","542","38.85","38.90","100386398","42.70","35.00"
"1151005","6236","中湛","----","---","----","----","----","0","0","0","15.50","16.85","41654039","18.50","15.20"
"1151005","6237","驊訊","35.60","-0.70","36.80","36.80","35.60","293000","10578300","209","35.55","35.60","79645371","39.15","32.05"
"1151005","6240","松崗","26.00","-0.40","26.30","26.80","25.80","34000","891400","29","26.00","26.20","22867370","28.60","23.40"
"1151005","6241","鑫永洋","16.25","0.00","16.65","16.65","16.10","77000","1253500","43","16.10","16.25","45533670","17.85","14.65"
"1151005","6242","立康","33.85","0.00","33.85","33.85","33.85","1000","33850","1","33.75","33.85","31806500","37.20","30.50"
"1151005","6244","茂迪","23.25","-0.85","24.20","24.35","23.25","3800000","89662050","2189","23.20","23.25","387041875","25.55","20.95"
"1151005","6245","立端","89.10","+0.90","89.00","90.00","87.60","797000","71137700","586","89.00","89.10","146608303","98.00","80.20"
"1151005","6246","臺龍","12.70","+0.05","12.70","12.70","12.70","1000","12700","1","12.60","12.75","37851415","13.95","11.45"
"1151005","6248","沛波","17.15","-0.05","17.20","17.20","16.95","62000","1057300","38","17.05","17.15","99956149","18.85","15.45"
"1151005","6259","百徽","33.15","+0.50","33.10","33.50","32.70","506000","16745850","363","33.15","33.20","28056146","36.45","29.85"
"1151005","6261","久元","78.10","-0.80","79.50","79.50","77.90","424000","33211400","341","78.00","78.30","128497989","85.90","70.30"
"1151005","6263","普萊德","167.00","-2.50","169.50","169.50","165.00","156000","25962000","150","167.00","167.50","62500964","183.50","150.50"
"1151005","6264","富裔","6.05","-0.30","6.06","6.06","6.04","24000","145270","20","6.00","6.05","136355291","6.65","5.45"
"1151005","6265","方土昶","49.05","-1.05","50.40","50.50","48.80","1977000","97702400","1302","49.05","49.10","118172151","53.90","44.15"
"1151005","6266","泰詠","27.00","+0.10","27.70","27.80","26.95","2036000","55731900","1009","27.00","27.20","153871641","29.70","24.30"
"1151005","6270","倍微","30.25","-0.75","31.20","31.20","30.25","315000","9634650","200","30.25","30.40","72145759","33.25","27.25"
"1151005","6274","台燿","1780.00","+160.00","1695.00","1780.00","1680.00","11297000","19714960000","7926","1780.00","0.00","299493093","1955.00","1605.00"
"1151005","6275","元山","47.65","-0.20","48.05","48.05","47.45","182000","8674450","141","47.60","47.65","80344567","52.40","42.90"
"1151005","6276","安鈦克","19.75","+0.20","19.30","20.00","19.20","20000","389650","17","19.20","19.80","22043000","21.70","17.80"
"1151005","6279","胡連","116.50","-0.50","117.00","119.00","116.00","405000","47547000","335","116.50","117.00","119015736","128.00","105.00"
"1151005","6284","佳邦","80.20","+0.40","80.10","84.00","80.00","3395000","277663600","2605","80.20","80.30","148980341","88.20","72.20"
"1151005","6290","良維","281.50","+4.50","280.50","285.50","276.00","2979000","836257500","2164","281.50","282.00","169653754","309.50","253.50"
"1151005","6291","沛亨","488.00","-5.00","500.00","502.00","488.00","668000","329489000","603","488.00","493.00","42000000","536.00","439.50"
"1151005","6292","迅德","71.20","+0.30","72.10","73.10","70.00","875000","62316900","638","70.70","71.20","46600712","78.30","64.10"
"1151005","6294","智基","28.05","0.00","28.10","28.10","28.00","23000","645600","18","28.00","28.20","26047106","30.85","25.25"
"1151005","6411","晶焱","78.70","-0.80","80.30","80.40","78.70","278000","22150800","230","78.70","78.90","99508031","86.50","70.90"
"1151005","6417","韋僑","102.50","-1.50","104.50","104.50","102.50","125000","12922500","101","102.50","103.50","42274000","112.50","92.30"
"1151005","6418","詠昇","34.15","-0.50","34.60","35.80","34.15","204000","7037950","79","34.15","34.35","34522000","37.55","30.75"
"1151005","6419","京晨科","171.50","+15.50","159.00","171.50","157.50","1473000","250561500","945","171.50","0.00","13159170","188.50","154.50"
"1151005","6423","億而得","92.00","-3.50","95.90","99.00","92.00","154000","14610400","140","92.00","92.10","31016000","101.00","82.80"
"1151005","6425","易發","76.60","-3.20","79.60","79.60","76.60","1009000","78474200","816","76.60","76.90","51382317","84.20","69.00"
"1151005","6432","今展科","67.10","+0.50","67.80","68.50","65.80","1215000","81695000","827","67.00","67.20","40152377","73.80","60.40"
"1151005","6435","大中","276.50","-0.50","279.00","294.50","275.00","2542000","724734500","2134","276.50","277.00","37461300","304.00","249.00"
"1151005","6441","廣錠","24.90","-0.05","25.50","26.45","24.90","363000","9273900","248","24.85","24.95","53318429","27.35","22.45"
"1151005","6461","益得","26.70","+0.25","26.45","27.25","25.55","279000","7432400","178","26.70","27.00","110324527","29.35","24.05"
"1151005","6462","神盾","103.50","-2.50","107.00","107.00","103.00","585000","60998500","393","103.50","104.00","91250754","113.50","93.20"
"1151005","6465","威潤","40.85","-1.25","41.55","42.75","40.70","198000","8158400","133","40.80","41.20","59073685","44.90","36.80"
"1151005","6469","大樹","63.30","-1.20","64.50","64.50","63.00","676000","42961300","519","63.20","63.30","159108252","69.60","57.00"
"1151005","6470","宇智","42.60","-0.15","42.25","42.70","42.25","33000","1399350","25","42.60","42.70","37694100","46.85","38.35"
"1151005","6474","華豫寧","35.65","-0.10","35.80","35.80","35.60","34000","1214150","23","35.65","35.70","52526199","39.20","32.10"
"1151005","6482","弘煜科","23.50","-0.70","23.50","23.50","23.25","11000","257000","5","23.50","23.65","28634463","25.85","21.15"
"1151005","6485","點序","79.00","-4.60","83.30","83.30","78.00","1563000","125816100","1158","79.00","79.40","47366493","86.90","71.10"
"1151005","6486","互動","78.00","-2.90","79.00","79.20","75.80","466000","36019800","348","78.00","78.20","50893286","85.80","70.20"
"1151005","6488","環球晶","1180.00","-10.00","1220.00","1235.00","1175.00","18256000","22016560000","13637","1175.00","1180.00","528113725","1295.00","1065.00"
"1151005","6492","生華科","33.85","-0.55","34.05","34.05","33.80","174000","5898200","124","33.85","34.00","114903620","37.20","30.50"
"1151005","6494","九齊","52.90","-0.40","53.30","53.30","52.00","85000","4479900","70","52.90","53.00","31559690","58.10","47.65"
"1151005","6496","科懋","24.20","+0.25","24.25","24.40","23.65","13000","311900","11","23.95","24.20","47290220","26.60","21.80"
"1151005","6498","久禾光","69.80","+1.40","68.50","69.90","68.50","93000","6454300","82","69.80","69.90","47475892","76.70","62.90"
"1151005","6499","益安","79.60","-0.20","80.60","81.40","79.30","396000","31838700","286","79.60","79.80","96944893","87.50","71.70"
"1151005","6506","雙邦","18.65","+0.05","18.55","18.65","18.35","67000","1239200","34","18.60","18.65","82360826","20.50","16.80"
"1151005","6508","惠光","26.10","-0.40","26.50","26.55","26.10","33000","869700","30","26.10","26.35","86538864","28.70","23.50"
"1151005","6509","聚和","49.90","0.00","50.50","50.50","49.30","1084000","54035100","682","49.90","49.95","197434268","54.80","44.95"
"1151005","6510","精測","3105.00","+35.00","3145.00","3180.00","3060.00","901000","2801685000","766","3100.00","3110.00","32929138","3415.00","2795.00"
"1151005","6512","啟發電","20.20","0.00","20.20","20.20","20.20","2000","40400","2","20.20","20.65","25260000","22.20","18.20"
"1151005","6516","勤崴國際","56.60","+0.10","56.60","56.60","56.10","25000","1408700","21","56.40","56.50","56336935","62.20","51.00"
"1151005","6517","保勝光學","66.40","+0.40","66.50","68.20","65.70","404000","27120400","337","66.40","66.50","30579053","73.00","59.80"
"1151005","6523","達爾膚","89.00","-0.20","89.20","89.30","89.00","22000","1961900","21","89.00","89.30","45047625","97.90","80.10"
"1151005","6527","明達醫","74.30","-0.50","74.50","74.80","74.20","29000","2158600","20","74.30","74.70","25458550","81.70","66.90"
"1151005","6530","創威","98.50","-2.00","102.00","102.50","98.50","1082000","108257500","915","98.50","98.60","33750000","108.00","88.70"
"1151005","6532","瑞耘","112.00","-8.00","120.00","120.50","111.00","1583000","181473000","1241","112.00","112.50","37445147","123.00","101.00"
"1151005","6535","順藥","85.00","0.00","87.00","89.30","84.10","400000","34613700","314","84.90","85.20","167840825","93.50","76.50"
"1151005","6538","倉和","335.50","-37.00","367.50","367.50","335.50","2228000","774052500","1606","0.00","335.50","38936086","369.00","302.00"
"1151005","6542","隆中","39.50","-0.50","39.60","39.60","39.50","3000","118700","2","39.55","39.95","42000630","43.45","35.55"
"1151005","6546","正基","60.80","+0.50","61.20","61.50","60.70","161000","9821500","138","60.80","60.90","66848449","66.80","54.80"
"1151005","6547","高端疫苗","60.40","-0.40","61.00","61.30","60.20","1635000","99273900","980","60.40","60.50","338374502","66.40","54.40"
"1151005","6548","長科*","78.00","+1.30","78.50","79.50","76.00","9764000","758244200","6487","77.80","78.00","950464700","85.80","70.20"
"1151005","6556","勝品","60.90","+0.10","60.80","60.90","60.20","9000","546300","9","60.30","61.00","28750000","66.90","54.90"
"1151005","6560","欣普羅","31.20","-0.70","31.80","31.80","31.20","41000","1285650","33","31.15","31.45","33474715","34.30","28.10"
"1151005","6561","是方","314.00","+1.00","313.00","316.00","312.00","49000","15385000","45","314.00","314.50","77958370","345.00","283.00"
"1151005","6568","宏觀","137.50","-3.50","141.50","141.50","137.50","138000","19100000","124","137.50","138.00","30796200","151.00","124.00"
"1151005","6569","醫揚","91.70","-0.10","92.00","92.10","91.70","16000","1470000","13","91.60","91.70","42820745","100.50","82.60"
"1151005","6570","維田","47.45","+0.20","47.60","47.80","47.35","50000","2377150","43","47.40","47.45","37119170","52.10","42.75"
"1151005","6574","霈方","120.00","+0.50","120.50","121.50","118.00","96000","11471000","55","119.00","120.00","21990000","132.00","108.00"
"1151005","6576","逸達","78.50","-0.50","79.00","79.00","77.70","179000","14000100","131","78.50","78.70","157579266","86.30","70.70"
"1151005","6577","勁豐","80.50","-0.70","81.40","81.40","80.30","10000","808100","9","80.30","80.60","60060145","88.50","72.50"
"1151005","6578","達邦蛋白","16.35","-0.10","16.50","16.55","16.20","73000","1194850","39","16.25","16.40","71941901","17.95","14.75"
"1151005","6584","南俊國際","541.00","+10.00","541.00","549.00","530.00","985000","532521000","889","541.00","542.00","71379810","595.00","487.00"
"1151005","6588","東典光電","111.50","-2.50","114.00","116.00","111.00","861000","97145500","721","111.50","112.00","34700825","122.50","100.50"
"1151005","6590","普鴻","64.20","-1.30","65.00","65.00","64.00","19000","1220500","17","64.10","64.20","28695603","70.60","57.80"
"1151005","6593","台灣銘板","31.80","-0.10","31.90","31.90","31.65","18000","571350","17","31.70","31.80","31856609","34.95","28.65"
"1151005","6596","寬宏藝術","96.30","-0.30","96.50","96.50","95.90","105000","10097200","78","96.30","96.50","38000000","105.50","86.70"
"1151005","6597","立誠","64.90","+1.90","63.00","64.90","62.90","6000","380900","5","62.90","64.80","30042250","71.30","58.50"
"1151005","6603","富強鑫","28.30","-0.95","29.30","29.50","28.10","4572000","131100100","2206","28.25","28.30","167442946","31.10","25.50"
"1151005","6609","瀧澤科","39.05","-0.05","39.15","39.35","38.95","130000","5078600","83","39.05","39.25","72456246","42.95","35.15"
"1151005","6612","奈米醫材","74.20","-2.30","76.20","76.20","74.10","43000","3218900","36","74.20","74.50","52266043","81.60","66.80"
"1151005","6613","朋億*","284.50","+3.50","282.00","286.00","281.00","312000","88586000","272","283.50","284.50","77801485","312.50","256.50"
"1151005","6615","慧智","34.00","+0.35","33.65","34.35","33.60","51000","1721350","33","33.95","34.15","21593400","37.40","30.60"
"1151005","6616","特昇-KY","8.45","+0.20","8.25","8.45","8.20","20000","166700","16","8.25","8.43","35428473","9.29","7.61"
"1151005","6617","共信-KY","127.50","-4.00","131.50","131.50","126.50","629000","80677000","442","127.50","128.00","127506100","140.00","115.00"
"1151005","6620","漢達","146.00","+2.50","146.00","150.00","143.00","4110000","601883500","2769","145.00","146.00","165981900","160.50","131.50"
"1151005","6624","萬年清","39.50","+1.15","39.50","39.50","39.50","1000","39500","1","37.90","38.20","22579482","43.45","35.55"
"1151005","6629","泰金-KY","103.00","-0.50","103.00","103.00","102.50","4000","411000","4","103.00","103.50","38379563","113.00","92.70"
"1151005","6637","醫影","53.40","0.00","53.50","54.10","53.40","20000","1071800","16","53.70","53.90","26810000","58.70","48.10"
"1151005","6640","均華","1165.00","+40.00","1140.00","1195.00","1120.00","430000","497855000","404","1160.00","1165.00","28911500","1280.00","1050.00"
"1151005","6642","富致","82.10","-1.50","84.20","84.20","82.10","154000","12774500","141","82.10","82.50","37399662","90.30","73.90"
"1151005","6643","M31","508.00","-8.00","513.00","521.00","505.00","672000","344379000","619","508.00","509.00","42620160","558.00","457.50"
"1151005","6649","台生材","37.15","-0.20","37.35","37.90","36.40","205000","7639900","36","37.00","37.15","42000000","40.85","33.45"
"1151005","6651","全宇昕","156.00","+5.50","152.50","159.50","150.50","585000","91064500","454","155.50","156.00","34601541","171.50","140.50"
"1151005","6654","天正國際","219.00","0.00","219.00","223.00","214.50","26000","5709000","21","217.00","218.00","40962720","240.50","197.50"
"1151005","6661","威健生技","16.60","-0.15","17.00","17.00","16.60","4000","67000","4","16.60","16.80","23304248","18.25","14.95"
"1151005","6662","樂斯科","----","---","----","----","----","0","0","0","28.15","28.50","25612400","31.35","25.65"
"1151005","6664","群翊","385.00","+7.00","389.50","395.00","384.50","891000","347067000","755","385.00","385.50","61151307","423.50","346.50"
"1151005","6667","信紘科","264.50","+4.50","261.00","266.00","258.50","423000","111227000","369","264.00","264.50","53478878","290.50","238.50"
"1151005","6679","鈺太","206.50","-2.50","211.00","211.50","206.50","199000","41359000","174","206.50","207.00","54975335","227.00","186.00"
"1151005","6680","鑫創電子","51.50","-0.10","51.60","51.60","51.50","10000","515200","4","51.40","52.10","25071427","56.60","46.35"
"1151005","6683","雍智科技","1440.00","-50.00","1500.00","1500.00","1435.00","1144000","1665620000","1025","1440.00","1445.00","27552661","1580.00","1300.00"
"1151005","6684","安格","49.05","-0.95","49.60","50.10","49.00","85000","4209550","66","49.00","49.10","44559496","53.90","44.15"
"1151005","6690","安碁資訊","177.00","+1.00","177.50","177.50","174.00","160000","28083500","134","176.50","177.00","29999720","194.50","159.50"
"1151005","6692","進能服","23.25","+0.55","23.45","23.45","23.25","3000","70150","3","23.00","23.25","58843890","25.55","20.95"
"1151005","6693","廣閎科","215.50","+9.50","209.00","217.00","208.00","2119000","451222500","1711","215.50","216.00","45720000","237.00","194.00"
"1151005","6697","東捷資訊","41.10","-0.05","41.55","41.55","41.10","15000","620500","12","41.05","41.10","27323364","45.20","37.00"
"1151005","6703","軒郁","100.50","0.00","100.00","100.50","99.90","21000","2101300","17","100.00","100.50","36257210","110.50","90.50"
"1151005","6708","天擎","68.60","+6.20","68.60","68.60","68.50","606000","41570400","276","68.60","0.00","29008779","75.40","61.80"
"1151005","6712","長聖","160.00","-1.00","163.00","163.00","159.00","384000","61621500","285","159.50","160.00","100488861","176.00","144.00"
"1151005","6716","應廣","133.00","+12.00","123.50","133.00","120.50","1112000","144854000","670","133.00","0.00","30241814","146.00","120.00"
"1151005","6720","久昌","124.50","-1.50","126.00","126.00","124.50","4000","502500","4","122.50","125.50","30225741","136.50","112.50"
"1151005","6721","信實","50.20","0.00","50.00","50.20","49.80","9000","449900","8","49.80","50.50","24500000","55.20","45.20"
"1151005","6725","矽科宏晟","223.00","+2.50","222.00","223.50","220.00","85000","18872000","76","222.50","224.00","37130000","245.00","201.00"
"1151005","6727","亞泰金屬","531.00","+15.00","520.00","545.00","513.00","1794000","948966000","1521","531.00","532.00","26884177","584.00","478.00"
"1151005","6728","上洋","108.50","0.00","108.00","108.50","107.00","27000","2911000","22","108.00","109.00","30120000","119.00","97.70"
"1151005","6730","常廣","31.85","-0.10","32.25","32.25","31.15","17000","538650","14","31.50","31.85","36316819","35.00","28.70"
"1151005","6732","昇佳電子","153.50","-1.00","154.50","156.00","152.50","129000","19861500","105","153.00","153.50","48912618","168.50","138.50"
"1151005","6733","博晟生醫","24.60","-0.50","24.85","25.10","24.55","111000","2744100","79","24.60","24.95","134316026","27.05","22.15"
"1151005","6735","美達科技","66.30","-1.20","67.60","67.80","66.30","69000","4612500","52","66.20","66.30","46182292","72.90","59.70"
"1151005","6739","竹陞科技","1125.00","-50.00","1210.00","1210.00","1110.00","280000","321535000","274","1125.00","1130.00","23392500","1235.00","1015.00"
"1151005","6741","91APP*-KY","54.90","-0.20","55.10","55.10","54.50","183000","10038800","113","54.90","55.00","120577997","60.30","49.45"
"1151005","6751","智聯服務","44.45","-0.05","44.50","44.65","44.45","8000","356050","8","44.10","44.40","22200000","48.85","40.05"
"1151005","6752","叡揚","96.60","+0.10","96.50","97.00","96.50","16000","1548300","15","96.50","96.80","38258471","106.00","87.00"
"1151005","6761","穩得","169.50","+1.50","170.00","172.00","168.00","238000","40330500","191","168.50","169.50","34955867","186.00","153.00"
"1151005","6762","達亞","156.00","-5.00","156.00","156.00","156.00","2000","312000","2","152.00","161.00","36930288","171.50","140.50"
"1151005","6763","綠界科技*","41.10","-0.35","41.45","41.85","41.10","158000","6512800","107","41.10","41.15","184039130","45.20","37.00"
"1151005","6767","台微醫","----","---","----","----","----","0","0","0","24.00","24.50","39183630","26.85","22.05"
"1151005","6785","昱展新藥","94.40","-0.30","94.70","94.80","94.00","43000","4057900","37","94.40","94.80","66800000","103.50","85.00"
"1151005","6788","華景電","376.50","+16.50","367.00","389.50","360.00","843000","316659500","724","376.00","377.00","38739683","414.00","339.00"
"1151005","6791","虎門科技","99.50","-0.50","100.00","100.00","99.50","10000","997000","10","99.50","99.70","20847000","109.00","89.60"
"1151005","6803","崑鼎","265.50","-1.50","267.00","267.00","264.50","104000","27562000","96","265.00","266.00","72794385","292.00","239.00"
"1151005","6804","明係","18.55","+0.20","18.50","18.55","18.40","46000","849400","27","18.40","18.55","47500000","20.40","16.70"
"1151005","6811","宏碁資訊","246.50","+6.50","243.00","247.50","241.00","386000","94463500","253","246.50","247.00","41449000","271.00","222.00"
"1151005","6821","聯寶","45.50","-0.95","47.10","48.40","45.50","791000","36836800","544","45.35","45.75","35767479","50.00","40.95"
"1151005","6823","濾能","60.80","-0.30","61.10","62.40","60.10","34000","2070200","30","60.70","61.40","33233920","66.80","54.80"
"1151005","6829","千附精密","206.00","-2.00","210.00","210.50","206.00","424000","88186500","363","206.00","206.50","59169000","226.50","185.50"
"1151005","6840","東研信超","97.00","-1.70","100.00","100.00","96.80","292000","28558100","209","97.00","97.20","31269590","106.50","87.30"
"1151005","6841","長佳智能","55.60","-0.90","57.10","57.10","55.60","226000","12623300","161","55.60","55.80","95223000","61.10","50.10"
"1151005","6843","進典","38.30","-0.30","38.75","38.75","37.90","29000","1107100","22","38.10","38.30","33304000","42.10","34.50"
"1151005","6844","諾貝兒","56.90","-0.10","57.00","57.00","56.30","7000","397900","7","56.40","57.00","37428440","62.50","51.30"
"1151005","6846","綠茵","58.50","0.00","58.70","58.70","58.40","4000","234000","4","58.10","58.50","27066039","64.30","52.70"
"1151005","6855","數泓科","113.50","0.00","113.50","113.50","113.50","1000","113500","1","112.00","113.50","23249716","124.50","102.50"
"1151005","6856","鑫傳","41.75","+0.10","41.30","41.75","41.30","3000","124750","3","40.80","41.80","28200000","45.90","37.60"
"1151005","6859","伯特光","123.00","+0.50","121.50","123.50","121.00","49000","6011000","46","122.00","123.50","41588600","135.00","111.00"
"1151005","6865","偉康科技","27.70","+0.05","27.65","27.70","27.10","20000","544600","9","27.10","27.50","15840645","30.45","24.95"
"1151005","6870","騰雲","320.00","+8.00","312.50","323.00","310.50","69000","21878000","63","318.50","322.50","28583124","352.00","288.00"
"1151005","6872","浩宇生醫","22.50","-0.60","23.95","23.95","22.00","123000","2780500","87","22.50","22.55","70750511","24.75","20.25"
"1151005","6874","倍力","69.70","-0.70","69.90","70.60","69.70","15000","1050200","14","69.70","69.90","24156200","76.60","62.80"
"1151005","6875","國邑*","27.55","-2.35","29.60","29.90","26.95","837000","23136300","544","27.50","27.55","129182804","30.30","24.80"
"1151005","6877","鏵友益","145.50","-6.50","153.50","153.50","140.00","881000","126817500","673","145.00","145.50","47167122","160.00","131.00"
"1151005","6881","潤德","215.50","+0.50","214.00","215.50","214.00","8000","1717500","6","211.50","217.00","15000000","237.00","194.00"
"1151005","6884","海柏特","30.60","-0.75","30.70","30.70","30.60","3000","91950","3","30.50","31.30","18390000","33.65","27.55"
"1151005","6894","衛司特","358.00","-5.00","363.00","365.00","355.00","89000","31903500","84","358.00","360.50","23807846","393.50","322.50"
"1151005","6895","宏碩系統","156.50","+7.00","149.50","158.00","145.50","93000","14333000","78","156.00","156.50","34100000","172.00","141.00"
"1151005","6899","創為精密","49.60","+0.10","49.60","49.60","49.60","2000","99200","2","49.00","49.45","42398491","54.50","44.65"
"1151005","6903","巨漢","328.00","+11.00","321.00","329.00","319.00","504000","164116000","452","327.50","328.00","66676000","360.50","295.50"
"1151005","6904","伯鑫","123.00","+1.00","123.00","123.00","123.00","1000","123000","1","115.50","122.00","18500000","135.00","111.00"
"1151005","6907","雅特力-KY","193.50","-7.00","206.00","208.00","192.00","2001000","394013500","1590","193.50","194.00","62562500","212.50","174.50"
"1151005","6910","德鴻","25.80","-0.45","26.25","26.25","25.80","19000","493350","18","25.80","26.20","30521000","28.35","23.25"
"1151005","6913","鴻呈","130.00","0.00","131.00","131.00","129.00","163000","21205500","129","130.00","130.50","43848863","143.00","117.00"
"1151005","6922","宸曜","215.00","+2.50","213.50","217.50","208.00","149000","31794000","138","215.00","215.50","27155385","236.50","193.50"
"1151005","6925","意藍","69.20","+0.70","68.70","74.30","67.50","696000","49816000","560","69.20","69.50","20000300","76.10","62.30"
"1151005","6929","佑全","21.85","-0.45","21.85","21.85","21.25","9000","193250","8","21.30","21.85","45090000","24.00","19.70"
"1151005","6945","圓祥生技","129.50","-6.50","135.00","135.00","127.00","696000","89917000","536","129.50","130.00","97566160","142.00","117.00"
"1151005","6953","家碩","257.50","+1.50","265.00","265.00","256.00","452000","118027000","360","257.50","258.00","30014600","283.00","232.00"
"1151005","6961","旅天下","46.90","-0.50","47.10","47.10","46.75","30000","1407850","26","46.75","46.95","26834000","51.50","42.25"
"1151005","6967","汎瑋材料","70.90","+0.90","70.10","71.10","70.10","104000","7360100","85","70.90","71.00","30404477","77.90","63.90"
"1151005","6968","萬達寵物","41.30","0.00","41.30","41.30","41.00","51000","2103250","26","41.20","41.30","50436279","45.40","37.20"
"1151005","6971","惠民實業","23.75","+0.30","23.80","23.95","23.70","25000","596100","18","23.70","23.95","38668000","26.10","21.40"
"1151005","6982","大井泵浦","45.00","0.00","46.00","46.00","45.00","19000","857900","19","44.85","45.00","40752381","49.50","40.50"
"1151005","6983","華洋精機","359.50","+4.50","356.00","362.00","350.50","136000","48651000","88","356.50","359.50","18020000","395.00","324.00"
"1151005","6986","和迅","44.00","0.00","43.90","44.00","43.05","86000","3774500","30","43.90","44.00","52134000","48.40","39.60"
"1151005","6996","力領科技","165.50","-4.00","170.00","170.00","165.50","126000","21113000","108","165.00","166.00","42090333","182.00","149.00"
"1151005","6997","博弘","66.50","-2.20","68.70","68.70","66.50","3000","203900","2","66.40","68.80","22100500","73.10","59.90"
"1151005","7402","邑錡","99.50","-1.50","101.00","101.00","99.30","173000","17252600","147","99.50","99.90","35280646","109.00","89.60"
"1151005","7547","碩網","63.70","-0.40","64.80","65.00","63.10","91000","5810400","73","63.70","63.80","33963000","70.00","57.40"
"1151005","7556","意德士","300.00","+27.00","275.50","300.00","275.50","344000","100922500","274","300.00","0.00","29176352","330.00","270.00"
"1151005","7584","樂意","28.50","-0.10","27.90","28.50","27.90","9000","252300","3","28.30","28.55","17055469","31.35","25.65"
"1151005","7642","昶瑞機電","67.50","-1.30","69.70","69.70","66.50","42000","2837800","36","66.70","67.50","30150000","74.20","60.80"
"1151005","7703","銳澤","205.50","+0.50","205.50","206.00","203.00","50000","10266000","48","205.50","206.00","34745000","226.00","185.00"
"1151005","7704","明遠精密","60.40","-0.60","60.80","61.00","60.20","45000","2722300","35","60.20","60.50","33769804","66.40","54.40"
"1151005","7708","全家餐飲","91.80","0.00","92.00","92.00","91.80","13000","1194900","12","91.80","92.00","25500000","100.50","82.70"
"1151005","7709","榮田","87.60","+2.30","88.00","88.60","85.50","182000","15850900","148","86.50","87.60","39102740","96.30","78.90"
"1151005","7712","博盛半導體","176.00","+5.50","175.00","180.50","171.00","750000","131687500","603","175.50","176.50","32561873","193.50","158.50"
"1151005","7713","威力德生醫","73.00","-0.70","73.50","73.50","72.80","5000","365100","5","73.00","73.50","45478843","80.30","65.70"
"1151005","7714","創泓科技","169.50","-1.50","172.00","172.00","168.50","102000","17323000","85","169.00","169.50","21000000","186.00","153.00"
"1151005","7715","裕山","26.95","-1.30","27.90","27.90","26.95","192000","5202450","121","26.95","27.20","32756500","29.60","24.30"
"1151005","7716","昱臺國際","----","---","----","----","----","0","0","0","23.60","24.35","22500000","26.75","21.95"
"1151005","7717","萊德光電-KY","592.00","+31.00","570.00","611.00","566.00","1181000","700866000","1003","592.00","593.00","24831518","651.00","533.00"
"1151005","7718","友鋮","45.95","+0.10","45.80","45.95","45.80","32000","1469550","17","45.95","46.00","46356484","50.50","41.40"
"1151005","7723","築間","18.05","-0.20","18.15","18.25","18.00","92000","1663550","58","18.05","18.10","49619550","19.85","16.25"
"1151005","7728","光焱科技","636.00","-9.00","627.00","646.00","627.00","31000","19735000","31","636.00","640.00","13992621","699.00","573.00"
"1151005","7734","印能科技","2790.00","-35.00","2850.00","2885.00","2790.00","157000","441990000","151","2785.00","2790.00","28000000","3065.00","2515.00"
"1151005","7738","東聯互動","155.00","0.00","156.50","157.00","153.00","45000","6956000","41","154.50","155.50","27355799","170.50","139.50"
"1151005","7743","金利食安","25.90","+0.65","25.40","26.05","25.30","158000","4060500","88","25.80","25.90","36483338","28.45","23.35"
"1151005","7744","崴寶","528.00","+1.00","524.00","539.00","523.00","57000","30142000","57","528.00","533.00","32076710","580.00","475.50"
"1151005","7747","昕奇雲端","111.50","-0.50","112.00","112.00","111.50","2000","223500","2","110.50","112.00","30168600","122.50","100.50"
"1151005","7751","竑騰","1605.00","+15.00","1600.00","1660.00","1590.00","122000","197715000","118","1600.00","1615.00","26888600","1765.00","1445.00"
"1151005","7753","星亞","35.65","-0.05","35.75","35.85","35.35","50000","1777500","40","35.55","35.75","25000000","39.20","32.10"
"1151005","7757","金色三麥","89.40","+0.30","89.50","89.60","89.10","14000","1251200","14","89.20","89.60","24100000","98.30","80.50"
"1151005","7767","仁大資訊","46.00","-0.10","46.05","46.15","46.00","15000","690800","10","46.00","46.20","30100000","50.60","41.40"
"1151005","7770","君曜","42.00","-1.35","43.30","44.00","41.95","22000","947050","19","42.00","43.65","30062053","46.20","37.80"
"1151005","7772","耀穎","167.50","-18.50","190.00","192.50","167.50","1625000","287704500","1397","0.00","167.50","26498600","184.00","151.00"
"1151005","7777","能率亞洲","38.50","-0.70","39.55","39.80","38.15","2206000","85290350","1342","38.50","38.55","202606250","42.35","34.65"
"1151005","7782","光速火箭","25.20","+0.05","25.20","25.20","25.20","2000","50400","2","25.00","25.30","23213000","27.70","22.70"
"1151005","7792","安葆","438.50","+13.50","425.00","440.00","425.00","393000","170933500","335","438.00","438.50","46662000","482.00","395.00"
"1151005","7794","宏碁智新","30.25","+0.05","30.30","30.50","30.10","26000","787700","20","30.20","30.35","28000000","33.25","27.25"
"1151005","7805","威聯通","498.50","+9.00","491.00","501.00","489.50","42000","20761500","41","497.50","498.50","39750122","548.00","449.00"
"1151005","7810","捷創科技","249.00","+4.00","252.00","254.00","243.50","364000","90931000","316","249.00","250.00","20250000","273.50","224.50"
"1151005","7811","民盛","72.00","-0.50","71.50","72.00","71.40","8000","572800","5","72.00","75.70","33377000","79.20","64.80"
"1151005","7814","海昌生技","28.20","0.00","28.20","28.20","28.00","14000","393050","9","28.05","28.20","45000000","31.00","25.40"
"1151005","7819","精誠金融","33.25","-0.45","33.15","33.50","33.15","30000","997050","26","33.25","33.45","25263500","36.55","29.95"
"1151005","7820","立盈","111.00","-1.00","111.00","112.50","110.00","5000","555500","5","110.00","112.50","37768096","122.00","99.90"
"1151005","7825","和亞智慧","80.60","-4.30","83.60","83.60","80.50","443000","36207600","370","80.60","81.00","25614500","88.60","72.60"
"1151005","7828","創新服務","1840.00","-10.00","1860.00","1875.00","1830.00","157000","290555000","144","1840.00","1850.00","40493911","2020.00","1660.00"
"1151005","7839","達人網","43.00","+0.05","43.10","43.10","42.95","12000","516050","12","42.95","43.00","15096025","47.30","38.70"
"1151005","7842","天能綠電","97.90","+1.10","98.70","98.70","96.90","10000","974400","10","96.10","98.10","18250000","107.50","88.20"
"1151005","7856","漢測","4280.00","+85.00","4335.00","4390.00","4210.00","363000","1558100000","349","4260.00","4280.00","33000000","4705.00","3855.00"
"1151005","8024","佑華","12.40","-0.10","12.65","12.65","12.20","100000","1230300","46","12.25","12.40","45160100","13.60","11.20"
"1151005","8027","鈦昇","209.50","-4.00","218.00","218.00","208.50","3826000","809596000","2857","209.50","210.00","113094704","230.00","189.00"
"1151005","8032","光菱","36.15","+0.05","36.50","36.50","36.10","25000","907250","23","36.10","36.15","51810300","39.75","32.55"
"1151005","8034","榮群","19.75","-0.10","19.85","19.95","19.70","71000","1402250","55","19.75","19.80","56586353","21.70","17.80"
"1151005","8038","長園科","35.40","+0.60","35.00","35.95","34.70","321000","11362100","186","35.40","35.45","62278190","38.90","31.90"
"1151005","8040","九暘","94.00","-1.70","95.60","96.90","93.70","1912000","181443800","1346","94.00","94.10","96413874","103.00","84.60"
"1151005","8042","金山電","118.50","-2.50","125.50","126.50","118.00","7079000","859169000","5101","118.50","119.00","142855368","130.00","107.00"
"1151005","8043","蜜望實","140.50","-1.50","145.00","146.00","140.00","2584000","368159000","2000","140.00","140.50","79907170","154.50","126.50"
"1151005","8044","網家","23.65","-0.70","24.45","24.45","23.65","436000","10413150","259","23.65","23.80","204768065","26.00","21.30"
"1151005","8047","星雲","51.00","-0.60","52.00","52.20","51.00","107000","5513000","57","50.80","51.00","41666343","56.10","45.90"
"1151005","8048","德勝","51.30","0.00","51.80","51.80","50.80","101000","5161500","55","51.00","51.30","59436924","56.40","46.20"
"1151005","8049","晶采","24.55","-0.30","24.90","24.90","24.55","195000","4809050","70","24.55","24.60","118279808","27.00","22.10"
"1151005","8050","廣積","62.00","-0.20","62.40","63.40","62.00","1148000","71827500","792","62.00","62.10","205204891","68.20","55.80"
"1151005","8054","安國","87.30","-2.20","90.90","91.80","87.10","1013000","89409600","781","87.30","87.50","108732566","96.00","78.60"
"1151005","8059","凱碩","17.80","-0.25","18.10","18.15","17.80","95000","1705350","56","17.80","17.90","116466300","19.55","16.05"
"1151005","8064","東捷","136.50","-5.00","141.50","143.00","136.50","7336000","1021416500","5123","136.50","137.00","184817836","150.00","123.00"
"1151005","8066","來思達","14.85","-0.10","14.85","14.85","14.80","10000","148200","9","14.80","14.85","36642304","16.30","13.40"
"1151005","8067","志旭","11.20","-0.60","11.95","11.95","11.20","16000","184100","12","11.40","11.90","20700000","12.30","10.10"
"1151005","8068","全達","17.50","-0.25","18.05","18.05","17.50","113000","1990650","65","17.50","17.65","80765949","19.25","15.75"
"1151005","8069","元太","146.50","+3.00","144.50","148.00","143.50","7373000","1071969000","3521","146.50","147.00","1155000505","161.00","132.00"
"1151005","8071","能率網通","22.00","-0.40","22.40","22.65","22.00","498000","11059050","334","22.00","22.05","60084283","24.20","19.80"
"1151005","8074","鉅橡","57.30","+0.40","57.90","58.30","56.10","3403000","195100500","2308","57.00","57.30","86974466","63.00","51.60"
"1151005","8076","伍豐","21.40","-0.45","21.95","22.05","21.35","835000","18025350","392","21.40","21.45","292213592","23.50","19.30"
"1151005","8077","洛碁","41.50","0.00","41.50","41.50","41.50","1000","41500","1","41.35","43.45","21945669","45.65","37.35"
"1151005","8080","泰霖","28.00","-0.25","28.00","28.85","28.00","20000","561550","10","28.05","28.70","67163821","30.80","25.20"
"1151005","8083","瑞穎","158.00","+0.50","158.00","158.00","157.00","29000","4568500","25","157.50","158.00","35133193","173.50","142.50"
"1151005","8084","巨虹","19.65","-2.15","19.65","19.65","19.65","139000","2731350","91","0.00","19.65","69514149","21.60","17.70"
"1151005","8085","福華","14.85","+0.15","14.70","14.85","14.70","265000","3909800","102","14.80","14.90","139983060","16.30","13.40"
"1151005","8086","宏捷科","129.00","+9.00","125.00","132.00","120.50","18622000","2366872000","11773","129.00","129.50","196516123","141.50","116.50"
"1151005","8087","麗升能源","24.00","0.00","24.00","24.00","23.90","4000","95900","4","23.80","23.95","38646042","26.40","21.60"
"1151005","8088","品安","44.00","-0.45","44.75","44.75","44.00","419000","18547300","295","43.95","44.00","60921749","48.40","39.60"
"1151005","8089","康全電訊","19.35","-0.25","19.60","19.70","19.35","157000","3066900","98","19.35","19.55","65998718","21.25","17.45"
"1151005","8091","翔名","240.00","+3.00","246.00","246.50","234.50","1782000","427913000","1351","240.00","240.50","57011699","264.00","216.00"
"1151005","8092","建暐","12.20","-0.10","12.50","12.50","12.20","30000","367950","22","12.15","12.20","57172325","13.40","11.00"
"1151005","8093","保銳","24.85","-0.40","25.25","25.95","24.85","64000","1613750","56","24.85","25.20","56567567","27.30","22.40"
"1151005","8096","擎亞","90.00","+1.00","90.30","91.00","89.40","2822000","254241400","1847","89.90","90.00","149343066","99.00","81.00"
"1151005","8097","常珵","48.85","+0.05","48.00","49.20","48.00","115000","5596450","56","48.65","48.85","60302468","53.70","44.00"
"1151005","8099","大世科","59.60","-0.80","60.20","60.60","59.20","40000","2388700","32","59.20","59.90","100072800","65.50","53.70"
"1151005","8102","傑霖科技","59.60","0.00","59.60","59.60","59.20","4000","238000","4","59.70","59.90","23358350","65.50","53.70"
"1151005","8107","大億金茂","11.95","0.00","11.95","11.95","11.75","36000","427350","25","11.80","11.90","75000000","13.10","10.80"
"1151005","8109","博大","139.00","-7.50","143.00","143.00","139.00","462000","65109500","371","139.00","139.50","82161236","152.50","125.50"
"1151005","8111","立碁","94.30","+8.50","90.40","94.30","86.50","37505000","3401023800","21904","94.30","0.00","109102223","103.50","84.90"
"1151005","8121","越峰","32.50","-1.60","34.15","34.45","32.20","1867000","62223400","1224","32.45","32.50","212993743","35.75","29.25"
"1151005","8147","正淩","141.50","-2.00","145.50","145.50","141.50","405000","58022000","313","141.50","142.00","42262666","155.50","127.50"
"1151005","8155","博智","329.50","+6.50","328.00","338.00","326.00","847000","281427000","698","329.00","329.50","62796850","362.00","297.00"
"1151005","8171","天宇","20.70","+0.05","20.80","20.80","20.45","172000","3541400","74","20.70","20.80","112853326","22.75","18.65"
"1151005","8176","智捷","9.76","-0.01","9.71","9.79","9.71","38000","370460","25","9.73","9.76","71701000","10.70","8.79"
"1151005","8182","加高","44.80","-1.60","46.40","48.60","44.55","4105000","191491200","2734","44.75","44.80","107041215","49.25","40.35"
"1151005","8227","巨有科技","366.00","-4.00","372.00","372.00","361.50","569000","207757000","486","366.00","366.50","39543000","402.50","329.50"
"1151005","8234","新漢","62.80","-0.50","63.70","63.80","62.50","297000","18713100","222","62.80","62.90","141226472","69.00","56.60"
"1151005","8240","華宏","58.00","-2.60","60.60","60.60","58.00","1426000","84224800","1047","58.00","58.10","100004414","63.80","52.20"
"1151005","8255","朋程","151.50","-1.50","156.00","158.50","151.50","661000","102731500","513","151.50","152.00","101973041","166.50","136.50"
"1151005","8272","全景軟體","60.80","-1.20","61.60","61.60","60.30","24000","1459200","22","60.60","61.10","18997755","66.80","54.80"
"1151005","8277","商丞","15.30","+0.10","15.30","15.50","15.30","80000","1234200","49","15.35","15.50","39500000","16.80","13.80"
"1151005","8279","生展","80.10","+0.60","79.90","80.90","79.50","18000","1441200","17","80.10","80.40","27100851","88.10","72.10"
"1151005","8284","三竹","67.80","0.00","67.80","68.00","67.70","12000","814500","9","67.70","68.00","47303000","74.50","61.10"
"1151005","8289","泰藝","57.20","+1.10","57.90","61.70","56.90","7963000","473247200","5218","57.10","57.20","68333765","62.90","51.50"
"1151005","8291","尚茂","28.10","-0.50","29.55","29.55","28.05","9000","254500","9","28.10","29.25","17478450","30.90","25.30"
"1151005","8299","群聯","2100.00","+5.00","2100.00","2135.00","2055.00","2306000","4846970000","2072","2095.00","2100.00","221383247","2310.00","1890.00"
"1151005","8342","益張","83.00","-0.50","83.10","83.10","83.00","2000","166100","2","83.00","83.90","33536692","91.30","74.70"
"1151005","8349","恒耀","40.15","-0.25","40.55","40.55","40.00","89000","3573650","56","40.15","40.20","208821391","44.15","36.15"
"1151005","8349A","恒耀甲特","45.20","0.00","45.30","45.30","45.15","14000","633100","9","45.15","45.40","10000000","49.70","40.70"
"1151005","8354","冠好","16.70","-0.05","16.85","16.85","16.60","37000","617800","17","16.60","16.70","78532263","18.35","15.05"
"1151005","8358","金居","570.00","+51.00","534.00","570.00","526.00","40410000","22746585000","23526","570.00","0.00","252588000","627.00","513.00"
"1151005","8383","千附","69.30","+0.90","69.50","70.30","68.90","1299000","90398800","873","69.30","69.40","113760482","76.20","62.40"
"1151005","8390","金益鼎","89.00","-1.50","90.70","91.00","88.80","679000","60789800","459","89.00","89.10","96116128","97.90","80.10"
"1151005","8401","白紗科","22.70","-0.10","22.60","22.70","22.60","20000","452250","12","22.60","22.65","70669058","24.95","20.45"
"1151005","8403","盛弘","18.85","-0.05","18.90","18.95","18.85","49000","925000","39","18.85","18.90","137640343","20.70","17.00"
"1151005","8409","商之器","18.00","-0.05","18.05","18.05","18.00","9000","162200","7","18.00","18.30","32000000","19.80","16.20"
"1151005","8410","森田","27.65","-0.05","27.70","27.70","27.45","51000","1407900","25","27.60","27.65","36589200","30.40","24.90"
"1151005","8415","大國鋼","35.10","-0.15","35.30","35.40","35.10","460000","16196500","177","35.10","35.15","1031500000","38.60","31.60"
"1151005","8416","實威","169.50","-1.50","169.00","170.00","169.00","4000","678000","4","169.50","170.00","28210710","186.00","153.00"
"1151005","8421","旭源","13.00","0.00","13.45","13.45","12.90","43000","559500","33","13.00","13.05","63817140","14.30","11.70"
"1151005","8423","保綠-KY","17.80","-0.20","18.00","18.00","17.80","14000","250600","7","17.80","17.85","41714030","19.55","16.05"
"1151005","8424","惠普","70.30","+0.70","69.60","70.30","69.60","11000","771200","4","69.70","70.10","36054368","77.30","63.30"
"1151005","8426","紅木-KY","20.60","0.00","20.65","20.65","20.30","40000","820550","22","20.55","20.60","50242500","22.65","18.55"
"1151005","8431","匯鑽科","63.60","-0.50","64.20","65.50","63.20","847000","54250600","534","63.50","63.70","48778331","69.90","57.30"
"1151005","8432","東生華","51.00","-0.10","51.10","51.20","50.80","45000","2295000","36","51.00","51.20","38398140","56.10","45.90"
"1151005","8433","弘帆","52.60","-0.20","52.80","52.80","52.60","15000","789900","13","52.60","52.70","54506098","57.80","47.35"
"1151005","8435","鉅邁","53.20","0.00","53.20","53.20","53.00","38000","2019800","19","53.00","53.10","35200450","58.50","47.90"
"1151005","8436","大江","104.50","+0.50","104.50","104.50","102.00","1033000","106775000","707","104.50","105.00","117728830","114.50","94.10"
"1151005","8437","大地-KY","11.00","+0.50","10.45","11.00","10.40","113000","1218850","79","10.95","11.10","47014070","12.10","9.90"
"1151005","8440","綠電","20.20","-0.05","20.45","20.45","20.20","19000","384550","17","20.20","20.25","50255299","22.20","18.20"
"1151005","8444","綠河-KY","----","---","----","----","----","0","0","0","3.95","4.15","125104845","4.56","3.74"
"1151005","8446","華研","85.10","+0.60","85.00","86.50","85.00","41000","3498800","28","85.10","85.20","52914405","93.60","76.60"
"1151005","8450","霹靂","14.25","0.00","14.15","14.25","14.10","14000","198450","12","14.20","14.25","51309947","15.65","12.85"
"1151005","8455","大拓-KY","22.10","-0.10","22.10","22.20","22.10","14000","310000","10","22.10","22.80","25219056","24.30","19.90"
"1151005","8472","納維康","66.30","+1.00","65.80","67.70","65.00","10000","660000","10","65.30","66.30","17735800","72.90","59.70"
"1151005","8477","創業家","14.00","-0.05","13.90","14.10","13.90","20000","280350","17","14.00","14.10","84170616","15.40","12.60"
"1151005","8489","三貝德","22.05","-0.20","21.95","22.05","21.75","56000","1226250","42","21.85","22.05","59948960","24.25","19.85"
"1151005","8905","裕國","----","---","----","----","----","0","0","0","34.30","34.85","119440000","37.95","31.05"
"1151005","8906","花王","28.95","+0.45","28.50","28.95","28.40","15000","430500","11","28.70","28.85","44037370","31.80","26.10"
"1151005","8908","欣雄","39.85","+0.05","39.80","39.85","39.65","18000","715650","18","39.75","39.85","324764524","43.80","35.90"
"1151005","8916","光隆","40.95","0.00","40.95","40.95","40.80","37000","1511500","25","40.90","40.95","148603146","45.00","36.90"
"1151005","8917","欣泰","53.60","0.00","53.60","53.60","53.60","1000","53600","1","53.10","53.60","162652459","58.90","48.25"
"1151005","8921","沈氏","----","---","----","----","----","0","0","0","15.90","16.40","46592159","18.00","14.80"
"1151005","8923","時報","18.00","-0.10","18.10","18.10","18.00","2000","36100","2","18.00","18.40","30375800","19.80","16.20"
"1151005","8924","大田","49.20","-0.30","49.50","49.50","49.00","90000","4425550","67","49.15","49.40","83800000","54.10","44.30"
"1151005","8927","北基","18.85","-0.30","19.10","19.10","18.65","199000","3742000","117","18.80","18.85","419068367","20.70","17.00"
"1151005","8928","鉅明","22.85","-0.05","22.90","22.90","22.55","18000","409400","13","22.75","22.90","50854015","25.10","20.60"
"1151005","8929","富堡","13.00","-0.10","13.05","13.05","12.95","8000","103950","8","12.95","13.05","50580862","14.30","11.70"
"1151005","8930","青鋼","28.50","-0.10","28.50","28.55","28.45","25000","712450","22","28.45","28.50","81809406","31.35","25.65"
"1151005","8931","大汽電","42.40","-0.45","43.10","43.10","41.95","56000","2373550","42","42.30","42.45","122254862","46.60","38.20"
"1151005","8932","智通*","91.40","+0.30","91.50","94.20","91.00","1480000","136616500","802","91.20","91.50","426013152","100.50","82.30"
"1151005","8933","愛地雅","4.56","-0.03","4.59","4.68","4.45","72000","327170","36","4.46","4.56","326724305","5.01","4.11"
"1151005","8935","邦泰","18.75","-0.45","18.80","19.05","18.70","96000","1809500","54","18.70","18.80","113495000","20.60","16.90"
"1151005","8936","國統","53.10","+0.80","52.80","53.40","52.40","1373000","72717300","681","53.00","53.20","248078157","58.40","47.80"
"1151005","8937","合騏*","25.20","0.00","26.25","26.25","24.85","127000","3187100","72","24.90","25.20","441680272","27.70","22.70"
"1151005","8938","明安","51.60","-0.60","51.70","52.00","51.50","89000","4599900","66","51.60","51.90","156986490","56.70","46.45"
"1151005","8941","關中","43.95","-0.05","43.20","43.95","43.15","8000","348450","7","43.20","43.60","34972071","48.30","39.60"
"1151005","8942","森鉅","39.85","-0.20","40.10","40.10","39.75","262000","10463400","132","39.85","39.90","198842255","43.80","35.90"
"1151005","009806","台新標普500","13.77","+0.01","13.79","13.79","13.77","10000","137790","8","13.75","13.77","13661000","9999.95","0.01"
"1151005","009807","台新標普科技精選","18.23","+0.03","18.20","18.25","18.20","75000","1367030","12","18.17","18.23","13760000","9999.95","0.01"
"1151005","009814","富邦標普500","11.44","-0.01","11.45","11.48","11.43","1458000","16681490","335","11.43","11.44","153076000","9999.95","0.01"
"1151005","009815","大華美國MAG7+","12.15","+0.08","12.18","12.20","12.13","1758000","21388120","456","12.14","12.15","416670000","9999.95","0.01"
"1151005","009822","華南永昌未來金融","9.31","0.00","9.31","9.35","9.30","1625000","15145300","96","9.32","9.33","68056000","9999.95","0.01"
"1151005","009823","群益S&P500","10.49","-0.02","10.52","10.53","10.49","4576000","48085040","1246","10.49","10.50","328817000","9999.95","0.01"
"1151005","009825","聯邦美國金融創新","9.64","-0.02","9.66","9.66","9.62","340000","3277920","68","9.63","9.64","116208000","9999.95","0.01"
"1151005","9949","琉園","24.40","+0.10","24.25","24.40","24.10","5000","121400","4","24.20","24.45","44860763","26.80","22.00"
"1151005","9950","萬國通","10.20","0.00","10.20","10.40","10.10","33000","336000","17","10.10","10.25","167716000","11.20","9.18"
"1151005","9951","皇田","46.50","-0.40","46.60","46.65","46.45","66000","3070400","54","46.50","46.55","73300000","51.10","41.85"
"1151005","9960","邁達康","38.05","+0.05","37.85","38.90","37.85","12000","459400","11","38.05","38.30","33592500","41.85","34.25"
"1151005","9962","有益","10.15","-0.20","10.40","10.40","10.15","26000","267050","16","10.15","10.20","90220260","11.15","9.14"
"1151005","020001","富邦存股雙十N","----","---","----","----","----","0","0","0","29.84","29.91","40000000","32.82","26.86"
"1151005","020025","統一亞洲半導體N","41.82","+0.51","42.00","42.00","41.75","224000","9405880","10","41.77","41.82","200000000","9999.95","0.01"
"1151005","020033","統一恒生科期N","3.34","+0.02","3.31","3.34","3.31","16000","53280","4","3.31","3.33","200000000","9999.95","0.01"
"1151005","020035","元大上櫃ESG高息N","14.00","除息","14.00","14.00","14.00","2000","28000","2","13.82","13.84","200000000","15.40","12.60"
"1151005","020040","元大上櫃ESG龍頭N","----","---","----","----","----","0","0","0","12.39","12.41","200000000","13.62","11.16"
"1151005","020041","兆豐半導體氣候N","22.56","+0.60","22.45","22.63","22.45","127000","2859760","13","22.50","22.51","40000000","24.81","20.31"
