資料日期,代號,名稱,收盤,漲跌,開盤,最高,最低,成交股數,成交金額,成交筆數,最後買價,最後賣價,發行股數,次日漲停價,次日跌停價
"1151001","00411A","主動統一前沿科技","10.75","+0.19","10.58","10.75","10.58","21050000","224618190","1525","10.75","10.76","409576000","9999.95","0.01"
"1151001","00679B","元大美債20年","24.64","-0.13","24.57","24.64","24.51","19274000","473464580","4488","24.64","24.65","6220192000","9999.95","0.01"
"1151001","00687B","國泰20年美債","25.60","-0.12","25.53","25.60","25.46","15674000","400035840","2951","25.60","25.61","4300380380","9999.95","0.01"
"1151001","00687C","國泰20年美債+櫃U","8.64","-0.07","8.64","8.64","8.64","25000","216000","2","8.64","8.66","1942268","9999.95","0.01"
"1151001","00694B","富邦美債1-3","41.78","+0.13","41.74","41.78","41.74","88000","3675740","12","41.76","41.77","30076000","9999.95","0.01"
"1151001","00695B","富邦美債7-10","33.69","-0.01","33.65","33.70","33.63","123000","4142490","12","33.71","33.72","42686000","9999.95","0.01"
"1151001","00696B","富邦美債20年","26.84","-0.15","26.70","26.84","26.69","2363000","63213970","147","26.84","26.85","624181000","9999.95","0.01"
"1151001","00697B","元大美債7-10","33.95","-0.06","34.00","34.00","33.87","792000","26865990","200","33.95","33.96","67712000","9999.95","0.01"
"1151001","00719B","元大美債1-3","31.06","+0.05","31.12","31.12","31.01","2242000","69628160","421","31.06","31.07","319514000","9999.95","0.01"
"1151001","00720B","元大投資級公司債","30.76","-0.09","30.71","30.76","30.62","9692000","297420270","1654","30.76","30.77","4017109000","9999.95","0.01"
"1151001","00722B","群益投資級電信債","33.07","-0.06","33.04","33.07","32.89","3324000","109686820","362","33.06","33.07","1462739000","9999.95","0.01"
"1151001","00723B","群益投資級科技債","28.26","-0.11","28.18","28.26","28.15","164000","4628100","10","28.26","28.28","1520583000","9999.95","0.01"
"1151001","00724B","群益投資級金融債","31.54","-0.06","31.38","31.54","31.38","3655000","115139510","101","31.54","31.55","3059775000","9999.95","0.01"
"1151001","00725B","國泰投資級公司債","32.80","-0.10","32.79","32.82","32.68","3573000","116990940","985","32.80","32.82","3741206000","9999.95","0.01"
"1151001","00726B","國泰新興投等債","31.08","-0.12","30.93","31.10","30.93","166000","5154060","34","31.07","31.10","1186989000","9999.95","0.01"
"1151001","00727B","國泰優選非投等債","38.93","+0.04","38.92","38.94","38.88","127000","4944580","17","38.91","38.94","57189000","9999.95","0.01"
"1151001","00734B","台新JPM新興債","14.81","-0.07","14.81","14.81","14.81","21000","311010","3","14.81","14.82","24979000","9999.95","0.01"
"1151001","00740B","富邦全球投等債","35.85","-0.07","35.83","35.87","35.71","1143000","40906880","282","35.85","35.86","2199971000","9999.95","0.01"
"1151001","00741B","富邦全球非投等債","36.71","-0.02","36.72","36.78","36.71","102000","3747940","6","36.72","36.73","13128000","9999.95","0.01"
"1151001","00746B","富邦A級公司債","33.23","-0.07","33.02","33.23","33.02","417000","13817710","21","33.23","33.25","2550964000","9999.95","0.01"
"1151001","00749B","凱基新興債10+","29.66","0.00","29.66","29.66","29.66","100000","2966000","2","29.48","29.55","1110500000","9999.95","0.01"
"1151001","00750B","凱基科技債10+","30.68","0.00","30.68","30.68","30.68","100000","3068000","2","30.65","30.73","148000000","9999.95","0.01"
"1151001","00751B","元大AAA至A公司債","28.82","-0.09","28.75","28.83","28.70","7252000","208559140","1594","28.81","28.82","5230603000","9999.95","0.01"
"1151001","00754B","群益AAA-AA公司債","30.26","-0.10","30.23","30.26","30.23","116000","3509680","5","30.26","30.27","1303900000","9999.95","0.01"
"1151001","00755B","群益投資級公用債","30.36","-0.14","30.26","30.36","30.23","112000","3397210","15","30.34","30.37","296230000","9999.95","0.01"
"1151001","00756B","群益投等新興公債","28.89","-0.20","28.72","28.89","28.72","236000","6798270","62","28.87","28.90","1332300000","9999.95","0.01"
"1151001","00758B","復華能源債","48.18","-0.27","48.20","48.23","48.18","104000","5012780","5","48.11","48.23","5525000","9999.95","0.01"
"1151001","00759B","復華製藥債","50.65","-0.25","50.65","50.65","50.65","100000","5065000","2","50.55","50.70","47525000","9999.95","0.01"
"1151001","00760B","復華新興企業債","50.35","-0.25","50.30","50.40","50.30","102000","5140650","4","50.30","50.40","435020000","9999.95","0.01"
"1151001","00761B","國泰A級公司債","31.84","-0.05","31.82","31.86","31.69","510000","16209310","89","31.82","31.84","2744089000","9999.95","0.01"
"1151001","00764B","群益25年美債","25.53","-0.15","25.47","25.53","25.42","2156000","54969130","147","25.54","25.55","1550500000","9999.95","0.01"
"1151001","00768B","復華20年美債","45.86","-0.22","45.70","45.86","45.60","331000","15127940","74","45.85","45.86","791100000","9999.95","0.01"
"1151001","00772B","中信高評級公司債","31.11","-0.09","31.03","31.11","30.95","3450000","106992000","715","31.10","31.11","3365290000","9999.95","0.01"
"1151001","00773B","中信優先金融債","33.29","-0.09","33.21","33.29","33.15","944000","31348300","129","33.29","33.30","2594790000","9999.95","0.01"
"1151001","00777B","凱基AAA至A公司債","30.05","-0.03","29.96","30.05","29.96","102000","3065010","4","30.00","30.11","2076650000","9999.95","0.01"
"1151001","00778B","凱基金融債20+","31.74","-0.05","31.61","31.74","31.61","113000","3585010","4","31.66","31.73","1522150000","9999.95","0.01"
"1151001","00779B","凱基美債25+","25.75","-0.15","25.65","25.75","25.64","311000","8001240","10","25.71","25.75","1298650000","9999.95","0.01"
"1151001","00780B","國泰A級金融債","35.37","+0.03","35.30","35.37","35.28","111000","3925480","7","35.37","35.38","249102000","9999.95","0.01"
"1151001","00781B","國泰A級科技債","25.68","-0.09","25.68","25.68","25.59","166000","4254980","34","25.65","25.68","8836000","9999.95","0.01"
"1151001","00782B","國泰A級公用債","28.27","-0.10","28.20","28.27","28.15","522000","14724530","77","28.28","28.29","21467000","9999.95","0.01"
"1151001","00785B","富邦金融投等債","32.71","-0.04","32.17","32.71","32.17","91000","2972490","8","32.69","32.73","1063466000","9999.95","0.01"
"1151001","00786B","元大10年IG銀行債","30.54","-0.13","30.49","30.54","30.47","75000","2286570","13","30.59","30.60","19566000","9999.95","0.01"
"1151001","00787B","元大10年IG醫療債","30.21","-0.08","30.12","30.21","30.12","4000","120750","3","30.21","30.23","11306000","9999.95","0.01"
"1151001","00788B","元大10年IG電能債","27.98","-0.15","27.97","28.03","27.95","47000","1315710","6","27.98","28.03","24706000","9999.95","0.01"
"1151001","00789B","復華公司債A3","44.36","-0.10","44.30","44.36","44.28","105000","4657430","5","44.28","44.36","455600000","9999.95","0.01"
"1151001","00791B","復華信用債1-5","56.40","+0.15","56.35","56.40","56.35","102000","5752700","3","56.30","56.35","281100000","9999.95","0.01"
"1151001","00792B","群益A級公司債","29.06","-0.08","28.99","29.08","28.97","128000","3718010","10","29.06","29.12","2317615000","9999.95","0.01"
"1151001","00795B","中信美國公債20年","24.74","-0.15","24.65","24.74","24.60","9965000","245844590","1184","24.73","24.74","1532598000","9999.95","0.01"
"1151001","00799B","國泰A級醫療債","27.45","-0.08","27.49","27.49","27.32","207000","5675160","48","27.45","27.46","26036000","9999.95","0.01"
"1151001","00834B","第一金金融債10+","31.98","-0.09","32.00","32.00","31.98","120000","3838720","5","31.99","32.01","23198000","9999.95","0.01"
"1151001","00836B","永豐10年A公司債","26.33","-0.16","26.33","26.33","26.33","2000","52660","2","26.33","26.39","630541000","9999.95","0.01"
"1151001","00840B","凱基IG精選15+","27.61","-0.04","27.61","27.61","27.61","100000","2761000","2","27.53","27.60","59431000","9999.95","0.01"
"1151001","00841B","凱基AAA-AA公司債","26.40","-0.02","26.40","26.40","26.40","100000","2640000","2","26.37","26.41","70440000","9999.95","0.01"
"1151001","00842B","台新美元銀行債","28.18","-0.09","28.18","28.18","28.00","123000","3454820","59","28.17","28.18","22767000","9999.95","0.01"
"1151001","00844B","台新15年IG金融債","29.25","-0.10","29.28","29.28","29.25","107000","3132280","6","29.25","29.31","213175000","9999.95","0.01"
"1151001","00845B","富邦新興投等債","31.47","-0.06","31.45","31.47","31.43","151000","4746970","4","31.42","31.44","237051000","9999.95","0.01"
"1151001","00846B","富邦歐洲銀行債","34.11","+0.01","34.10","34.11","34.09","102000","3477210","4","34.08","34.11","74350000","9999.95","0.01"
"1151001","00847B","中信美國市政債","23.26","-0.19","23.24","23.26","23.21","233000","5416250","12","23.27","23.28","3805000","9999.95","0.01"
"1151001","00848B","中信新興亞洲債","32.40","-0.04","32.37","32.40","32.37","202000","6538800","5","32.40","32.41","136066000","9999.95","0.01"
"1151001","00849B","中信EM主權債0-5","37.27","+0.04","37.22","37.28","37.22","203000","7566660","5","37.26","37.30","485606000","9999.95","0.01"
"1151001","00853B","統一美債10年Aa-A","25.45","-0.07","25.48","25.48","25.42","1504000","38260330","54","25.44","25.45","178134000","9999.95","0.01"
"1151001","00856B","永豐1-3年美公債","37.19","+0.18","37.17","37.21","37.17","22000","818280","4","37.19","37.23","6792000","9999.95","0.01"
"1151001","00857B","永豐20年美公債","21.28","-0.11","21.24","21.29","21.17","702000","14890660","198","21.28","21.29","599268000","9999.95","0.01"
"1151001","00858","永豐美國500大","36.28","+0.16","36.16","36.28","36.10","660000","23900690","92","36.28","36.29","117874000","9999.95","0.01"
"1151001","00859B","群益0-1年美債","40.80","+0.11","40.69","40.81","40.69","2730000","111370280","157","40.79","40.80","36011000","9999.95","0.01"
"1151001","00860B","群益1-5Y投資級債","37.84","+0.10","37.80","37.84","37.80","101000","3820300","5","37.84","37.86","2671000","9999.95","0.01"
"1151001","00862B","中信投資級公司債","29.15","-0.04","29.04","29.15","29.04","267000","7768260","14","29.13","29.14","887881000","9999.95","0.01"
"1151001","00863B","中信全球電信債","29.32","-0.09","29.23","29.33","29.17","712000","20824850","41","29.31","29.32","513964000","9999.95","0.01"
"1151001","00864B","中信美國公債0-1","46.31","+0.09","46.22","46.32","46.22","992000","45920130","127","46.31","46.32","113722000","9999.95","0.01"
"1151001","00867B","台新A-BBB電信債","28.43","+0.09","28.22","29.40","28.18","657000","18612260","75","28.42","28.43","565150000","9999.95","0.01"
"1151001","00870B","元大15年EM主權債","26.01","-0.19","25.99","26.01","25.99","92000","2391680","9","26.07","26.11","564151000","9999.95","0.01"
"1151001","00877","復華中國5G","35.15","-0.13","35.45","35.45","35.02","1058000","37141440","540","35.15","35.16","171288000","9999.95","0.01"
"1151001","00884B","中信低碳新興債","27.36","-0.18","27.26","27.36","27.26","201000","5497260","5","27.32","27.37","75440000","9999.95","0.01"
"1151001","00886","永豐美國科技","49.70","+0.15","49.56","49.70","49.56","47000","2335100","7","49.85","50.30","4451000","9999.95","0.01"
"1151001","00887","永豐中國科技50大","15.20","-0.02","15.22","15.25","15.12","1976000","29971380","602","15.19","15.21","460351000","9999.95","0.01"
"1151001","00888","永豐台灣ESG","36.59","+0.43","36.28","36.59","36.13","5517000","200348340","1612","36.59","36.60","624478000","40.24","32.94"
"1151001","00890B","凱基ESG BBB債15+","29.95","-0.06","29.95","29.95","29.95","101000","3024950","3","29.93","29.95","18264000","9999.95","0.01"
"1151001","00928","中信上櫃ESG 30","33.57","+0.09","33.50","33.65","33.40","177000","5931030","77","33.57","33.58","44356000","36.92","30.22"
"1151001","00931B","統一美債20年","12.46","-0.07","12.41","12.46","12.39","3023000","37542300","415","12.46","12.47","2245898000","9999.95","0.01"
"1151001","00933B","國泰10Y+金融債","14.95","-0.03","14.92","14.95","14.88","9483000","141370720","1935","14.94","14.95","6746458000","9999.95","0.01"
"1151001","00937B","群益ESG投等債20+","13.74","-0.04","13.71","13.74","13.67","71969000","985873320","11850","13.73","13.74","17082805000","9999.95","0.01"
"1151001","00942B","台新美A公司債20+","13.14","-0.05","13.15","13.15","13.09","1754000","23018990","124","13.14","13.15","2041959000","9999.95","0.01"
"1151001","00948B","中信優息投資級債","8.78","-0.02","8.76","8.78","8.74","3688000","32300090","534","8.77","8.78","4275427000","9999.95","0.01"
"1151001","00950B","凱基A級公司債","13.13","-0.04","13.11","13.14","13.07","2559000","33504530","406","13.12","13.13","4109309000","9999.95","0.01"
"1151001","00955","中信日本商社","15.97","-0.12","15.90","15.98","15.83","2772000","44009810","737","15.96","15.97","482431000","9999.95","0.01"
"1151001","00957B","兆豐US優選投等債","12.43","-0.05","12.42","12.44","12.39","260000","3226980","52","12.43","12.45","188263000","9999.95","0.01"
"1151001","00958B","永豐ESG銀行債15+","8.62","-0.02","8.63","8.63","8.59","461000","3972280","61","8.62","8.63","118771000","9999.95","0.01"
"1151001","00959B","大華投等美債15Y+","8.75","-0.02","8.74","8.76","8.71","2203000","19242920","411","8.75","8.76","510336000","9999.95","0.01"
"1151001","00966B","統一ESG投等債15+","12.97","-0.04","12.96","12.98","12.92","958000","12397900","47","12.97","12.98","116232000","9999.95","0.01"
"1151001","00967B","元大優息美債","8.51","-0.02","8.50","8.51","8.45","331000","2809110","50","8.51","8.52","181407000","9999.95","0.01"
"1151001","00968B","元大優息投等債","8.63","-0.03","8.64","8.64","8.59","1028000","8846930","215","8.62","8.63","796511000","9999.95","0.01"
"1151001","00969B","元大零息超長美債","7.40","-0.10","7.42","7.42","7.33","1696000","12486560","188","7.39","7.40","146633000","9999.95","0.01"
"1151001","00970B","台新BBB投等債20+","8.69","-0.02","8.68","8.69","8.65","4204000","36446620","180","8.68","8.69","390229000","9999.95","0.01"
"1151001","00980B","台新特選IG債10+","8.81","-0.04","8.79","8.81","8.77","710000","6237780","24","8.80","8.82","54569000","9999.95","0.01"
"1151001","00980D","主動聯博投等入息","19.47","-0.01","19.45","19.47","19.41","546000","10619470","76","19.47","19.48","100457000","9999.95","0.01"
"1151001","00980T","平衡凱基美國TOP","12.17","+0.15","12.12","12.17","12.09","257000","3119840","45","12.17","12.20","74918000","9999.95","0.01"
"1151001","00981B","第一金優選非投債","8.97","0.00","8.97","8.98","8.95","5191000","46513110","774","8.96","8.97","1590613000","9999.95","0.01"
"1151001","00981D","主動中信非投等債","10.11","+0.02","10.10","10.11","10.08","1556000","15698900","170","10.10","10.11","520300000","9999.95","0.01"
"1151001","00982B","FT投資級債20+","9.04","-0.05","9.07","9.07","9.04","18000","162840","8","9.04","9.08","25400000","9999.95","0.01"
"1151001","00983B","大華優利美公債20","14.42","-0.10","14.39","14.42","14.36","665000","9557030","36","14.42","14.43","24653000","9999.95","0.01"
"1151001","00984B","大華優利美A債15","15.15","-0.07","15.14","15.15","15.08","1389000","20985400","184","15.15","15.16","117933000","9999.95","0.01"
"1151001","00985D","主動貝萊德優投等","9.45","-0.04","9.42","9.46","9.42","669000","6311540","142","9.45","9.46","111732000","9999.95","0.01"
"1151001","00986B","FT金融債10+","9.15","-0.11","9.23","9.23","9.13","134000","1225580","11","9.16","9.25","20762000","9999.95","0.01"
"1151001","00986D","主動復華金融債息","13.88","0.00","13.88","13.88","13.85","464000","6434580","49","13.87","13.88","143177000","9999.95","0.01"
"1151001","00987B","野村10+澳洲公債","15.21","-0.08","15.26","15.26","15.16","1717000","26091980","129","15.21","15.22","76327000","9999.95","0.01"
"1151001","00987D","主動統一美債量化","9.48","-0.02","9.45","9.48","9.43","2861000","27031040","95","9.47","9.48","95023000","9999.95","0.01"
"1151001","00988B","玉山嚴選非投債","19.11","+0.01","19.06","19.11","19.05","1729000","32963280","223","19.10","19.11","161333000","9999.95","0.01"
"1151001","00989B","台新美國非投等債","9.86","+0.01","9.84","9.86","9.84","3501000","34487440","154","9.85","9.86","113952000","9999.95","0.01"
"1151001","00990B","國泰收益非投等債","9.82","0.00","9.82","9.84","9.81","2125000","20871600","241","9.82","9.84","97350000","9999.95","0.01"
"1151001","00998A","主動復華金融股息","16.58","-0.18","16.66","16.66","16.52","8118000","134812160","2129","16.58","16.60","331109000","9999.95","0.01"
"1151001","1240","茂生農經","54.10","-0.20","54.10","54.40","53.90","16000","866500","11","54.00","54.30","46443992","59.50","48.70"
"1151001","1259","安心","68.00","-0.10","67.90","68.00","67.90","15000","1019600","11","66.30","68.10","32389500","74.80","61.20"
"1151001","1264","德麥","245.00","0.00","245.00","245.50","244.50","8000","1960000","8","245.00","245.50","37052367","269.50","220.50"
"1151001","1268","漢來美食","177.50","+2.50","174.50","179.50","174.00","75000","13233500","67","177.00","177.50","42223730","195.00","160.00"
"1151001","1294","漢田生技","50.20","-0.20","50.30","50.30","49.90","18000","900800","15","50.10","50.20","36625875","55.20","45.20"
"1151001","1295","生合","47.80","+0.40","47.00","47.80","46.85","19000","896900","18","47.50","47.80","37599800","52.50","43.05"
"1151001","1336","台翰","18.30","+0.95","17.50","18.45","17.40","848000","15293400","442","18.25","18.30","77614419","20.10","16.50"
"1151001","1565","精華","96.70","+0.20","96.80","96.80","96.10","79000","7619500","75","96.60","96.80","50416516","106.00","87.10"
"1151001","1569","濱川","63.80","+1.20","62.70","64.80","61.70","3382000","215496600","1978","63.80","63.90","144247441","70.10","57.50"
"1151001","1570","力肯","32.25","-0.95","32.20","33.10","32.20","11000","357950","8","32.25","32.90","51500839","35.45","29.05"
"1151001","1580","新麥","97.40","+0.30","96.80","97.40","96.70","24000","2332700","22","97.40","97.50","49339242","107.00","87.70"
"1151001","1584","精剛","18.60","-0.25","18.95","18.95","18.50","375000","6990750","222","18.60","18.65","232470533","20.45","16.75"
"1151001","1586","和勤","17.90","0.00","17.95","18.00","17.70","174000","3116100","91","17.90","17.95","129500467","19.65","16.15"
"1151001","1591","駿吉-KY","41.40","-1.35","42.75","42.85","41.25","224000","9339750","160","41.40","41.60","38048047","45.50","37.30"
"1151001","1593","祺驊","31.70","0.00","31.80","32.00","31.70","23000","731600","20","31.70","31.80","39784772","34.85","28.55"
"1151001","1595","川寶","83.30","-2.00","86.00","91.00","81.40","8981000","771645200","6155","83.30","83.50","57724656","91.60","75.00"
"1151001","1599","宏佳騰","23.10","+0.05","23.10","23.10","22.90","30000","689450","17","23.05","23.10","73028764","25.40","20.80"
"1151001","1742","台蠟","17.80","+0.20","17.85","17.85","17.45","52000","914650","21","17.55","17.85","92671300","19.55","16.05"
"1151001","1777","生泰","74.30","+0.40","74.20","74.30","73.60","23000","1704200","21","74.10","74.30","44591713","81.70","66.90"
"1151001","1780","立弘","25.25","-0.05","25.15","25.60","25.10","189000","4800750","63","25.15","25.30","109075173","27.75","22.75"
"1151001","1781","合世","9.99","0.00","9.99","9.99","9.91","30000","299200","13","9.98","9.99","47407605","10.95","9.00"
"1151001","1784","訊聯","60.40","除息","60.60","60.70","59.90","44000","2647200","36","60.30","60.50","53121191","66.40","54.40"
"1151001","1785","光洋科","101.00","+0.50","101.50","103.00","99.30","5859000","590485500","3988","100.50","101.00","595980243","111.00","90.90"
"1151001","1788","杏昌","127.50","-0.50","128.00","128.00","127.50","12000","1534000","10","127.50","128.00","44520971","140.00","115.00"
"1151001","1796","金穎生技","30.30","+1.15","29.20","30.40","29.05","61000","1810050","49","30.00","30.15","41459793","33.30","27.30"
"1151001","1799","易威","28.95","-0.05","29.00","29.00","28.65","73000","2099450","42","28.95","29.00","248775894","31.80","26.10"
"1151001","1813","寶利徠","11.30","0.00","11.30","11.30","11.30","5000","56500","4","11.30","11.35","46635510","12.40","10.20"
"1151001","1815","富喬","116.00","0.00","117.00","119.50","113.50","31288000","3647001000","17376","116.00","116.50","614703462","127.50","104.50"
"1151001","2035","唐榮","26.90","+0.40","26.90","26.90","26.90","1000","26900","1","26.50","26.80","350000000","29.55","24.25"
"1151001","2061","風青","61.70","+1.90","60.00","65.00","60.00","3244000","202866000","1841","61.70","61.80","57378052","67.80","55.60"
"1151001","2063","世鎧","23.60","+0.10","24.15","24.15","23.50","13000","307700","13","23.55","23.65","48101453","25.95","21.25"
"1151001","2064","晉椿","12.00","+0.05","11.95","12.25","11.80","350000","4200050","50","11.90","12.00","69330000","13.20","10.80"
"1151001","2065","世豐","35.65","+0.10","35.95","35.95","35.55","36000","1284250","22","35.60","35.65","63516707","39.20","32.10"
"1151001","2066","世德","51.70","-0.50","52.20","52.30","51.50","23000","1192200","15","51.70","51.80","44449527","56.80","46.55"
"1151001","2067","嘉鋼","4.91","0.00","4.91","5.10","4.71","108000","538260","40","4.86","4.91","45138177","5.40","4.42"
"1151001","2070","精湛","63.00","-0.30","62.80","63.70","62.20","99000","6212500","74","63.00","63.30","41782800","69.30","56.70"
"1151001","2073","雄順","25.80","+0.60","25.40","25.80","25.40","2000","51200","2","24.70","25.60","27500000","28.35","23.25"
"1151001","2221","大甲","179.00","-18.50","190.50","193.00","178.00","2216000","401920500","1703","179.00","179.50","42325000","196.50","161.50"
"1151001","2230","泰茂","21.50","-0.30","22.70","22.70","21.50","144000","3122250","88","21.50","21.80","68029605","23.65","19.35"
"1151001","2235","謚源","----","---","----","----","----","0","0","0","27.30","27.65","35878000","30.40","24.90"
"1151001","2596","綠意","34.90","-0.20","35.10","35.50","34.90","23000","806200","22","34.90","35.35","100000000","38.35","31.45"
"1151001","2640","大車隊","157.00","0.00","157.00","157.50","156.50","16000","2512000","16","157.00","157.50","59264956","172.50","141.50"
"1151001","2641","正德","17.35","-0.15","17.50","17.50","17.30","567000","9857350","236","17.35","17.40","330333744","19.05","15.65"
"1151001","2643","捷迅","62.30","-0.30","62.40","62.50","62.30","10000","623900","8","62.50","62.60","35000000","68.50","56.10"
"1151001","2718","全心投控","40.00","-0.45","40.35","40.60","40.00","19000","763250","18","39.90","40.55","87576000","44.00","36.00"
"1151001","2719","燦星旅","19.50","-0.25","20.20","20.20","19.50","12000","237300","11","19.50","19.60","69182500","21.45","17.55"
"1151001","2724","藝舍-KY","11.80","-0.95","11.80","11.80","11.80","1000","11800","1","11.70","12.65","59656345","12.95","10.65"
"1151001","2726","雅茗-KY","8.00","0.00","8.08","8.08","8.00","7000","56190","7","7.99","8.00","37922454","8.80","7.20"
"1151001","2729","瓦城","157.00","+1.00","154.50","157.00","154.50","6000","937000","5","155.50","157.50","43040783","172.50","141.50"
"1151001","2732","六角","62.80","-0.30","63.00","63.00","62.20","43000","2692200","38","62.50","62.90","46518570","69.00","56.60"
"1151001","2734","易飛網","14.35","-0.10","14.35","14.40","14.30","45000","646550","21","14.30","14.50","57259760","15.75","12.95"
"1151001","2736","富野","11.30","-0.05","11.30","11.35","11.30","17000","192750","9","11.30","11.35","79972230","12.40","10.20"
"1151001","2740","華軒","29.00","-1.15","29.10","29.10","28.05","8000","229600","8","28.00","29.00","16762016","31.90","26.10"
"1151001","2743","山富","52.30","-1.00","53.30","53.60","52.20","21000","1105000","19","52.30","52.60","46815210","57.50","47.10"
"1151001","2745","五福","84.60","-0.30","85.50","85.60","84.50","19000","1612400","18","84.50","85.00","33808526","93.00","76.20"
"1151001","2751","王座","52.90","+0.20","53.60","53.60","52.90","5000","265500","5","52.50","52.90","19844500","58.10","47.65"
"1151001","2752","豆府","176.50","-0.50","176.00","176.50","175.50","17000","2994000","9","176.50","179.00","26693861","194.00","159.00"
"1151001","2754","亞洲藏壽司","68.00","0.00","67.80","68.00","67.80","8000","543600","4","67.80","68.00","46907000","74.80","61.20"
"1151001","2755","揚秦","99.00","+0.10","98.90","99.00","98.50","22000","2172300","21","98.80","99.00","46799854","108.50","89.10"
"1151001","2756","聯發國際","62.80","0.00","61.50","62.80","61.50","10000","623400","10","62.40","62.80","24597584","69.00","56.60"
"1151001","2916","滿心","40.50","-0.05","40.50","40.55","40.40","12000","485700","10","40.45","40.50","64626878","44.55","36.45"
"1151001","2924","宏太-KY","18.85","+0.55","18.85","18.85","18.85","1000","18850","1","16.70","18.60","52035934","20.70","17.00"
"1151001","2926","誠品生活","30.30","+0.10","30.50","30.50","30.30","3000","91300","3","29.75","30.50","47389650","33.30","27.30"
"1151001","2937","集雅社","----","---","----","----","----","0","0","0","44.40","44.85","47896173","49.15","40.25"
"1151001","2938","床的世界","18.50","-0.10","18.50","18.55","18.45","42000","775750","28","18.40","18.50","22840000","20.35","16.65"
"1151001","2941","米斯特","31.00","0.00","30.95","31.00","30.95","6000","185950","2","30.15","31.45","15390000","34.10","27.90"
"1151001","2947","振宇五金","60.50","0.00","60.50","60.50","60.50","9000","544500","8","60.50","61.00","23642366","66.50","54.50"
"1151001","2948","寶陞","36.50","-0.90","37.70","37.75","36.50","6000","222650","6","36.50","36.85","32000000","40.15","32.85"
"1151001","2949","欣新網","----","---","----","----","----","0","0","0","66.00","68.40","30641100","75.20","61.60"
"1151001","3064","泰偉","15.75","-1.45","15.75","15.75","15.75","2000","31500","2","15.80","18.50","13011451","17.30","14.20"
"1151001","3066","李洲","28.90","-0.30","29.30","30.25","28.60","1576000","46144800","1044","28.90","28.95","83070612","31.75","26.05"
"1151001","3067","全域","----","---","----","----","----","0","0","0","16.60","17.20","20000000","18.55","15.25"
"1151001","3071","協禧","23.05","0.00","23.10","23.20","22.85","143000","3281350","101","23.05","23.10","110000000","25.35","20.75"
"1151001","3073","天方能源","20.50","-0.10","20.60","20.95","20.50","8000","164900","8","20.55","20.65","39511028","22.55","18.45"
"1151001","3078","僑威","45.75","-0.40","46.30","46.30","45.50","396000","18107250","341","45.75","45.80","227391064","50.30","41.20"
"1151001","3081","聯亞","2660.00","-35.00","2690.00","2720.00","2605.00","1747000","4632165000","1470","2660.00","2665.00","101769004","2925.00","2395.00"
"1151001","3083","網龍","23.95","+1.35","22.70","24.25","22.65","271000","6320100","170","23.90","23.95","86486858","26.30","21.60"
"1151001","3086","華義*","27.35","-0.05","27.40","27.80","27.10","65000","1780800","43","27.35","27.60","272710510","30.05","24.65"
"1151001","3088","艾訊","132.50","-1.00","134.00","135.00","132.50","427000","56962000","357","132.50","133.00","111071218","145.50","119.50"
"1151001","3093","港建*","45.85","+1.15","44.75","45.90","44.30","261000","11777000","198","45.85","45.90","145155576","50.40","41.30"
"1151001","3095","及成","33.20","-0.30","33.30","33.30","33.20","5000","166150","5","33.10","33.75","10000000","36.50","29.90"
"1151001","3105","穩懋","538.00","-4.00","546.00","546.00","529.00","26500000","14272643000","18091","538.00","539.00","423940384","591.00","484.50"
"1151001","3114","好德","36.05","+1.45","34.60","38.05","34.60","2976000","111731300","1580","36.05","36.10","67722584","39.65","32.45"
"1151001","3115","富榮綱","8.20","-0.30","8.30","8.30","8.18","8000","65880","8","8.19","8.20","72197615","9.02","7.38"
"1151001","3118","進階","31.55","+0.25","31.30","31.55","31.30","7000","220600","5","31.55","31.60","32452860","34.70","28.40"
"1151001","3122","笙泉","24.50","+0.30","24.20","24.50","24.05","22000","532000","16","24.30","24.40","40771918","26.95","22.05"
"1151001","3128","昇銳","20.05","-0.30","20.50","20.50","20.05","75000","1511450","49","20.05","20.15","50156538","22.05","18.05"
"1151001","3131","弘塑","2380.00","-145.00","2500.00","2530.00","2370.00","603000","1453545000","581","2375.00","2380.00","29903550","2615.00","2145.00"
"1151001","3141","晶宏","84.50","-0.80","85.50","86.80","84.10","1452000","123398500","934","84.50","84.80","75460728","92.90","76.10"
"1151001","3147","大綜","267.50","+24.00","242.00","267.50","240.00","1630000","422613000","1180","267.50","0.00","43686831","294.00","241.00"
"1151001","3152","璟德","232.50","+1.50","232.00","235.00","230.00","98000","22787000","70","232.00","234.00","39016200","255.50","209.50"
"1151001","3158","嘉實","84.50","-0.40","85.90","85.90","84.30","29000","2455900","26","84.60","85.80","30665925","92.90","76.10"
"1151001","3162","精確","87.50","+2.10","86.00","92.00","86.00","7409000","658535700","5051","87.40","87.50","154341112","96.20","78.80"
"1151001","3163","波若威","651.00","+8.00","653.00","676.00","647.00","2991000","1971941000","2543","651.00","652.00","94635370","716.00","586.00"
"1151001","3169","亞信","117.00","+2.00","115.00","119.50","115.00","467000","55110500","374","117.00","118.00","63306981","128.50","105.50"
"1151001","3171","炎洲流通","57.30","-1.50","58.10","58.50","57.30","39000","2254200","36","57.30","58.20","33118158","63.00","51.60"
"1151001","3176","基亞","37.50","-0.20","37.70","37.70","37.10","249000","9281700","200","37.45","37.55","139306755","41.25","33.75"
"1151001","3178","公準","69.40","0.00","70.10","70.80","69.30","175000","12231500","127","69.30","69.50","45050000","76.30","62.50"
"1151001","3188","鑫龍騰","23.20","-0.10","23.55","23.55","23.20","98000","2277500","63","23.20","23.35","189087767","25.50","20.90"
"1151001","3191","雲嘉南","16.85","+0.10","16.75","17.00","16.75","45000","759300","13","16.75","16.85","43597381","18.50","15.20"
"1151001","3205","佰研","46.70","-0.10","46.80","46.90","46.50","18000","839800","16","46.65","46.90","67545631","51.30","42.05"
"1151001","3206","志豐","34.60","-0.35","35.15","35.15","34.20","14000","482100","14","34.50","34.60","58916621","38.05","31.15"
"1151001","3207","耀勝","40.70","+1.90","38.80","41.45","38.80","306000","12283750","212","40.55","40.70","66422124","44.75","36.65"
"1151001","3211","順達","394.00","-4.50","396.00","398.00","390.00","2343000","920016500","2070","393.50","394.00","154394021","433.00","355.00"
"1151001","3213","茂訊","124.00","-0.50","124.50","124.50","124.00","140000","17383000","114","124.00","124.50","58685547","136.00","112.00"
"1151001","3217","優群","129.50","-0.50","130.00","130.00","129.00","129000","16724500","110","129.50","130.00","90104203","142.00","117.00"
"1151001","3218","大學光","134.00","-1.00","135.00","135.50","133.50","86000","11554500","82","133.50","134.00","84724899","147.00","121.00"
"1151001","3219","倚強科","131.50","0.00","132.50","134.00","128.50","1227000","160993000","1000","131.50","132.00","71780880","144.50","118.50"
"1151001","3221","台嘉碩","53.70","+2.50","51.30","55.30","51.00","13516000","726325600","8947","53.70","53.80","104989210","59.00","48.35"
"1151001","3224","三顧","30.90","-0.55","31.45","31.45","30.90","66000","2051950","43","30.90","31.30","78172648","33.95","27.85"
"1151001","3226","龍鋒","65.00","+4.60","61.80","65.00","60.50","148000","9245400","85","64.70","65.00","64430573","71.50","58.50"
"1151001","3227","原相","185.50","+0.50","184.50","186.00","184.00","605000","111914000","525","185.50","186.00","151912842","204.00","167.00"
"1151001","3228","金麗科","179.50","-2.50","186.00","188.00","178.50","477000","87216500","400","179.50","180.00","71937495","197.00","162.00"
"1151001","3230","錦明","42.25","+0.85","41.65","44.05","41.60","724000","30883650","522","42.25","42.30","86010900","46.45","38.05"
"1151001","3232","昱捷","20.70","-0.20","21.00","21.00","20.70","14000","290900","7","20.65","20.80","46567865","22.75","18.65"
"1151001","3234","光環","172.00","-1.00","173.00","173.00","169.00","1406000","240049000","1100","171.50","172.00","126474692","189.00","155.00"
"1151001","3236","千如","48.55","+4.40","44.40","48.55","44.40","13482000","644100650","7321","48.55","0.00","105000613","53.40","43.70"
"1151001","3252","海灣","15.35","+0.05","15.10","15.35","15.10","8000","121650","5","15.20","15.30","50195754","16.85","13.85"
"1151001","3259","鑫創","11.70","+1.05","11.60","11.70","11.55","49000","570300","34","11.70","0.00","72965934","12.85","10.55"
"1151001","3260","威剛","380.00","+2.50","378.50","382.00","376.50","2539000","963058000","1950","380.00","380.50","356463418","418.00","342.00"
"1151001","3264","欣銓","245.50","+2.00","243.50","245.50","238.50","14614000","3532187000","9320","245.00","245.50","490170076","270.00","221.00"
"1151001","3265","台星科","185.00","-1.00","185.00","186.50","181.50","1090000","200080000","893","185.00","185.50","136261659","203.50","166.50"
"1151001","3268","海德威","21.60","-0.15","21.80","21.80","21.50","91000","1970600","53","21.50","21.70","34720796","23.75","19.45"
"1151001","3272","東碩","13.90","-0.05","14.10","14.10","13.60","24000","330050","23","13.85","13.90","61176789","15.25","12.55"
"1151001","3276","宇環","13.90","-0.15","14.00","14.20","13.90","47000","656750","39","13.90","14.05","69712666","15.25","12.55"
"1151001","3284","太普高","19.65","-0.25","19.85","20.10","19.50","91000","1785600","59","19.65","19.70","108627709","21.60","17.70"
"1151001","3285","微端","41.50","0.00","41.50","42.00","41.40","54000","2256800","33","41.50","41.80","42735324","45.65","37.35"
"1151001","3287","廣寰科","41.65","-0.50","42.20","42.50","41.45","403000","16821550","293","41.65","41.75","43970483","45.80","37.50"
"1151001","3288","點晶","21.25","+0.05","21.20","21.40","20.80","23000","487400","23","20.90","21.20","16380000","23.35","19.15"
"1151001","3289","宜特","141.50","+2.00","141.50","142.00","140.00","331000","46703500","253","141.00","141.50","86746371","155.50","127.50"
"1151001","3290","東浦","50.00","-2.20","51.20","52.00","49.25","1355000","68418050","914","49.90","50.00","90215034","55.00","45.00"
"1151001","3293","鈊象","814.00","+26.00","786.00","814.00","785.00","5228000","4199130000","3946","813.00","814.00","281801560","895.00","733.00"
"1151001","3294","英濟","33.05","+0.60","32.50","34.90","32.50","2035000","68590700","1406","33.05","33.10","132015919","36.35","29.75"
"1151001","3297","杭特","31.50","-1.10","32.80","33.00","31.50","198000","6364100","162","31.50","31.65","36049445","34.65","28.35"
"1151001","3303","岱稜","48.70","+0.05","48.70","48.85","48.65","107000","5212100","85","48.70","48.75","94090607","53.50","43.85"
"1151001","3306","鼎天","47.50","-0.55","48.05","48.05","47.25","43000","2042600","32","47.45","47.50","50607702","52.20","42.75"
"1151001","3310","佳穎","68.00","-0.80","68.80","68.80","67.10","21000","1428200","19","68.00","68.30","74948402","74.80","61.20"
"1151001","3313","斐成","10.55","+0.10","10.45","10.70","10.45","49000","518850","34","10.55","10.60","221133831","11.60","9.50"
"1151001","3317","尼克森","65.20","0.00","64.60","66.40","64.30","2049000","134177700","1523","65.20","65.30","90000000","71.70","58.70"
"1151001","3322","建舜電","11.60","+0.30","11.30","11.70","11.30","465000","5362750","218","11.60","11.65","137582157","12.75","10.45"
"1151001","3323","加百裕","29.30","-0.40","29.90","30.00","29.30","249000","7367400","199","29.30","29.45","99593385","32.20","26.40"
"1151001","3324","雙鴻","1525.00","-5.00","1530.00","1535.00","1480.00","2935000","4430890000","2543","1525.00","1530.00","93076837","1675.00","1375.00"
"1151001","3325","旭品","11.70","-0.20","11.65","11.90","11.60","70000","818200","40","11.70","11.80","110168610","12.85","10.55"
"1151001","3332","幸康","64.90","+1.20","63.70","65.00","63.70","56000","3609700","55","64.10","64.90","48104246","71.30","58.50"
"1151001","3339","泰谷","45.05","-0.60","45.75","46.60","45.05","1226000","55960900","852","45.05","45.45","66568300","49.55","40.55"
"1151001","3349","寶德","19.40","-0.55","19.65","19.65","19.05","127000","2452750","65","19.30","19.40","47821648","21.30","17.50"
"1151001","3354","律勝","29.80","-2.35","35.35","35.35","29.80","8907000","293315600","3784","29.80","29.85","70112426","32.75","26.85"
"1151001","3357","臺慶科","212.50","+8.00","206.00","217.00","206.00","2066000","439486500","1709","212.00","212.50","117930191","233.50","191.50"
"1151001","3360","尚立","15.25","-0.10","15.25","15.55","15.20","210000","3211850","147","15.20","15.25","76402244","16.75","13.75"
"1151001","3362","先進光","175.50","+4.50","172.00","178.50","172.00","1933000","339140000","1589","175.50","176.00","147445475","193.00","158.00"
"1151001","3363","上詮","641.00","-8.00","647.00","655.00","641.00","1065000","687436000","906","641.00","643.00","113640567","705.00","577.00"
"1151001","3372","典範","16.45","-0.10","16.70","16.70","16.30","263000","4334400","149","16.45","16.50","235324000","18.05","14.85"
"1151001","3373","熱映","16.00","0.00","16.00","16.10","16.00","18000","288950","11","15.95","16.00","47618782","17.60","14.40"
"1151001","3374","精材","456.00","+1.50","457.00","457.00","450.00","644000","291851500","574","455.50","456.50","271364316","501.00","410.50"
"1151001","3379","彬台","27.60","-0.10","27.30","27.85","27.30","47000","1295550","37","27.50","27.75","38041748","30.35","24.85"
"1151001","3388","崇越電","84.40","-0.90","85.30","86.90","84.20","593000","50422300","448","84.40","84.50","81124504","92.80","76.00"
"1151001","3390","旭軟","22.35","-0.25","22.70","22.70","22.35","103000","2316100","61","22.35","22.50","79329659","24.55","20.15"
"1151001","3402","漢科","137.00","+1.00","137.00","137.50","135.50","405000","55310500","314","136.50","137.00","73047692","150.50","123.50"
"1151001","3430","奇鈦科","111.50","0.00","112.00","113.00","111.00","143000","15964500","132","111.00","111.50","33716085","122.50","100.50"
"1151001","3434","哲固","31.40","0.00","31.60","31.65","31.15","47000","1475400","40","31.35","31.40","35754740","34.50","28.30"
"1151001","3438","類比科","61.50","-0.40","61.80","62.90","61.40","62000","3849900","56","61.40","62.10","47165815","67.60","55.40"
"1151001","3441","聯一光","202.50","+18.00","189.00","202.50","189.00","6182000","1229765000","3849","202.50","0.00","40039920","222.50","182.50"
"1151001","3444","利機","80.70","-0.60","81.50","81.90","80.50","74000","5993100","62","80.60","81.10","44996877","88.70","72.70"
"1151001","3455","由田","287.00","+20.00","266.00","292.00","258.00","3845000","1052200000","2963","286.50","287.00","59850750","315.50","258.50"
"1151001","3465","進泰電子","30.00","+0.30","29.85","30.00","29.85","26000","778900","24","29.45","30.00","42329862","33.00","27.00"
"1151001","3466","德晉","23.75","-0.15","23.90","24.00","23.70","63000","1502350","46","23.75","23.95","77892073","26.10","21.40"
"1151001","3467","台灣精材","72.60","-1.10","73.60","74.70","69.60","792000","57264800","592","72.50","72.60","31106569","79.80","65.40"
"1151001","3479","安勤","136.50","+0.50","137.00","137.00","136.00","276000","37669500","234","136.50","137.00","73026088","150.00","123.00"
"1151001","3483","力致","78.50","-0.60","79.50","79.50","78.20","136000","10711100","102","78.50","78.80","99049257","86.30","70.70"
"1151001","3484","崧騰","47.30","+0.75","46.60","47.30","46.60","157000","7390550","116","47.30","47.40","78828189","52.00","42.60"
"1151001","3485","敘豐","212.50","+3.50","210.00","213.00","207.00","83000","17481000","80","212.00","213.00","38500850","233.50","191.50"
"1151001","3489","森寶","23.80","+0.45","23.80","24.10","23.65","144000","3441900","76","23.75","23.85","90452155","26.15","21.45"
"1151001","3490","單井","48.75","+4.40","45.15","48.75","44.95","13858000","667506550","5502","48.75","0.00","55006435","53.60","43.90"
"1151001","3491","昇達科","1490.00","-10.00","1510.00","1510.00","1450.00","663000","981935000","612","1490.00","1495.00","68805125","1635.00","1345.00"
"1151001","3492","長盛","19.15","0.00","19.15","19.15","19.00","36000","685600","22","19.10","19.20","35531600","21.05","17.25"
"1151001","3498","陽程","219.50","-9.50","225.00","228.00","214.00","3684000","810653500","2827","219.00","220.00","61273008","241.00","198.00"
"1151001","3499","環天科","13.75","-0.05","13.70","13.80","13.50","31000","423050","17","13.50","13.80","54970596","15.10","12.40"
"1151001","3508","位速","26.00","+0.10","26.70","26.80","25.60","369000","9687550","249","25.60","26.00","108866737","28.60","23.40"
"1151001","3511","矽瑪","19.60","-0.15","19.80","19.80","19.60","48000","943000","38","19.60","19.70","79972945","21.55","17.65"
"1151001","3512","皇龍","19.20","0.00","19.15","19.20","19.10","20000","382600","13","19.15","19.20","113072372","21.10","17.30"
"1151001","3516","亞帝歐","25.35","-0.05","25.40","25.40","25.00","45000","1137250","14","25.30","25.40","59560874","27.85","22.85"
"1151001","3520","華盈","17.00","-0.35","17.20","17.30","16.95","159000","2715700","103","16.95","17.10","68846778","18.70","15.30"
"1151001","3521","台鋼建設","12.00","+0.15","11.80","12.00","11.80","97000","1158550","25","11.85","12.05","185765552","13.20","10.80"
"1151001","3522","御嵿","12.50","0.00","12.50","12.60","12.15","66000","814000","43","12.45","12.50","104096209","13.75","11.25"
"1151001","3523","迎輝","13.50","-1.50","14.60","14.60","13.50","33000","448700","20","0.00","13.50","64257868","14.85","12.15"
"1151001","3526","凡甲","272.00","0.00","273.00","274.50","270.00","130000","35363500","118","272.00","272.50","67302693","299.00","245.00"
"1151001","3527","聚積","51.40","-1.70","52.90","52.90","51.40","75000","3887100","64","51.40","51.80","44445125","56.50","46.30"
"1151001","3529","力旺","3245.00","-60.00","3305.00","3345.00","3215.00","1049000","3433290000","961","3245.00","3250.00","74686492","3565.00","2925.00"
"1151001","3531","先益","21.15","+0.25","21.15","21.15","21.15","1000","21150","1","20.90","21.15","61175011","23.25","19.05"
"1151001","3537","堡達","58.60","+5.30","54.00","58.60","54.00","1635000","93504300","1067","58.60","0.00","56242979","64.40","52.80"
"1151001","3540","曜越","23.10","+0.05","23.00","23.35","22.90","196000","4531950","123","23.10","23.15","84458548","25.40","20.80"
"1151001","3541","西柏","24.40","0.00","24.55","24.55","24.20","33000","803600","30","24.30","24.40","56349142","26.80","22.00"
"1151001","3546","宇峻","73.20","+0.60","73.00","73.20","72.60","43000","3136500","35","73.20","73.30","61348690","80.50","65.90"
"1151001","3548","兆利","76.50","-0.80","78.00","78.00","76.00","163000","12507800","114","76.40","76.60","67744175","84.10","68.90"
"1151001","3551","世禾","193.00","+5.50","189.00","193.50","188.50","1105000","211112500","758","193.00","193.50","62274890","212.00","174.00"
"1151001","3552","同致","44.30","+0.20","44.05","45.30","43.75","307000","13669700","255","44.30","44.35","97918334","48.70","39.90"
"1151001","3555","博士旺","167.00","-1.50","168.50","168.50","164.00","26000","4313000","24","167.50","168.00","39998797","183.50","150.50"
"1151001","3556","禾瑞亞","59.10","+1.00","58.20","59.30","58.00","225000","13219200","172","59.00","59.10","63702844","65.00","53.20"
"1151001","3558","神準","129.00","+4.00","124.50","129.50","124.00","206000","26414500","171","129.00","129.50","59060881","141.50","116.50"
"1151001","3564","其陽","51.00","+0.40","50.90","51.20","50.00","208000","10518800","173","50.80","51.00","59123100","56.10","45.90"
"1151001","3567","逸昌","26.15","-0.05","26.45","26.45","25.80","46000","1204550","30","26.05","26.10","33954000","28.75","23.55"
"1151001","3570","大塚","170.50","+3.50","167.50","171.00","166.50","112000","18896000","75","170.00","170.50","17097000","187.50","153.50"
"1151001","3577","泓格","115.50","-2.00","118.50","118.50","115.00","186000","21604500","166","115.50","116.00","63965653","127.00","104.00"
"1151001","3580","友威科","109.00","-1.50","112.00","112.00","107.50","1235000","134913500","982","108.50","109.00","39470657","119.50","98.10"
"1151001","3581","博磊","117.00","0.00","126.00","128.50","114.00","1622000","192461500","1346","117.00","118.00","51006000","128.50","105.50"
"1151001","3587","閎康","241.00","+2.50","240.50","242.50","237.00","277000","66389500","240","240.50","241.00","71684696","265.00","217.00"
"1151001","3594","磐儀","47.70","-0.20","48.50","48.95","47.70","373000","18002650","288","47.65","47.75","95948358","52.40","42.95"
"1151001","3597","映興","28.10","0.00","28.10","28.10","27.60","25000","694850","24","27.70","28.10","39236440","30.90","25.30"
"1151001","3609","三一東林","23.00","0.00","22.95","23.90","22.55","86000","1968650","73","23.00","23.25","38419387","25.30","20.70"
"1151001","3611","鼎翰","184.50","+1.50","184.00","184.50","184.00","10000","1844000","10","184.00","184.50","47554634","202.50","166.50"
"1151001","3615","安可","43.25","-2.55","45.80","45.80","43.20","7132000","315503050","4368","43.25","43.30","68466976","47.55","38.95"
"1151001","3623","富晶通","30.55","+0.75","30.35","31.00","30.05","326000","9935100","220","30.55","30.60","29185946","33.60","27.50"
"1151001","3624","光頡","151.00","+13.50","138.00","151.00","138.00","30774000","4533290500","18838","151.00","0.00","117340842","166.00","136.00"
"1151001","3625","西勝","11.20","+0.05","11.05","11.50","10.20","235000","2579550","96","11.00","11.20","114246765","12.30","10.10"
"1151001","3628","盈正","72.80","+0.10","72.70","73.50","72.00","45000","3269100","39","72.70","72.80","45000000","80.00","65.60"
"1151001","3629","地心引力","16.20","-1.10","17.30","17.30","16.20","2000","33500","2","16.15","17.30","32954782","17.80","14.60"
"1151001","3630","新鉅科","26.90","-0.05","26.95","27.40","26.85","407000","11021000","272","26.85","26.90","204191848","29.55","24.25"
"1151001","3631","晟楠","40.45","-0.05","40.50","41.50","40.30","149000","6065700","107","40.45","40.50","81820909","44.45","36.45"
"1151001","3632","研勤","7.08","-0.07","7.06","7.10","7.06","6000","42420","6","7.07","7.20","40889738","7.78","6.38"
"1151001","3646","艾恩特","24.85","-0.10","25.05","25.05","24.60","18000","445250","12","24.65","24.85","39297371","27.30","22.40"
"1151001","3663","鑫科","65.10","-2.70","67.20","67.20","64.70","1164000","76415700","946","65.10","65.20","108494074","71.60","58.60"
"1151001","3664","安瑞-KY","8.85","-0.01","8.86","8.87","8.85","41000","363280","13","8.60","8.85","75945377","9.73","7.97"
"1151001","3666","光耀","25.30","0.00","25.40","25.40","25.15","28000","707150","24","25.25","25.30","138949850","27.80","22.80"
"1151001","3672","康聯訊","12.10","-0.25","12.05","12.10","12.00","7000","84450","6","12.10","12.25","40790375","13.30","10.90"
"1151001","3675","德微","359.00","+29.00","330.00","360.00","328.00","2817000","976616000","2453","358.50","359.00","53057923","394.50","323.50"
"1151001","3680","家登","551.00","-4.00","556.00","562.00","549.00","716000","396226000","639","551.00","553.00","96211690","606.00","496.00"
"1151001","3684","榮昌","54.30","+1.40","52.90","54.30","52.30","49000","2630800","24","54.00","54.50","30309737","59.70","48.90"
"1151001","3685","元創精密","34.65","-0.35","35.00","35.15","34.20","216000","7452600","129","34.60","34.65","79574000","38.10","31.20"
"1151001","3687","歐買尬","61.60","+1.30","60.20","61.70","60.20","50000","3061600","42","61.60","61.80","30124059","67.70","55.50"
"1151001","3689","湧德","110.50","0.00","111.50","111.50","110.00","288000","31807000","205","110.50","111.00","89508815","121.50","99.50"
"1151001","3691","碩禾","112.50","-7.00","120.00","120.50","112.00","1148000","131830500","842","112.00","112.50","91883420","123.50","101.50"
"1151001","3693","營邦","664.00","-23.00","688.00","691.00","643.00","2685000","1780614000","2179","664.00","666.00","42990694","730.00","598.00"
"1151001","3707","漢磊","77.50","+1.80","76.00","78.50","75.60","21159000","1631982800","13326","77.40","77.50","400746192","85.20","69.80"
"1151001","3709","鑫聯大投控","65.90","+0.70","66.40","66.80","65.50","498000","32939300","361","65.90","66.00","145569450","72.40","59.40"
"1151001","3710","連展投控","8.08","-0.24","8.32","8.32","7.93","232000","1871140","139","8.06","8.08","177086787","8.88","7.28"
"1151001","3713","新晶投控","13.80","-0.10","13.65","13.80","13.60","15000","206000","11","13.65","13.90","88099380","15.15","12.45"
"1151001","3718","中光電投控","64.30","-1.20","66.20","66.30","64.30","1874000","121560700","1150","64.30","64.40","390981110","70.70","57.90"
"1151001","4102","永日","18.45","0.00","18.40","18.65","18.25","26000","478900","21","18.45","18.50","42373443","20.25","16.65"
"1151001","4105","東洋","78.50","0.00","78.60","78.80","78.20","444000","34834400","241","78.40","78.50","248649959","86.30","70.70"
"1151001","4107","邦特","110.50","0.00","110.00","110.50","110.00","17000","1872500","16","110.00","110.50","69298336","121.50","99.50"
"1151001","4109","加捷生醫","10.90","-0.15","11.00","11.05","10.90","158000","1730500","113","10.90","11.05","118736681","11.95","9.81"
"1151001","4111","濟生","28.85","-0.05","28.90","28.90","28.70","22000","634500","12","28.80","28.90","59832135","31.70","26.00"
"1151001","4113","聯上","15.10","-0.45","15.40","15.45","15.10","582000","8843650","95","15.10","15.15","231138137","16.60","13.60"
"1151001","4114","健喬","29.50","-0.05","29.55","29.55","29.45","296000","8729150","186","29.50","29.55","550429688","32.45","26.55"
"1151001","4116","明基醫","39.80","0.00","40.00","40.00","39.60","22000","875700","17","39.70","39.80","44566000","43.75","35.85"
"1151001","4120","友華","46.00","+0.10","46.00","46.00","46.00","2000","92000","2","45.90","46.40","86747119","50.60","41.40"
"1151001","4121","優盛","12.75","0.00","12.75","12.75","12.70","16000","203800","14","12.70","12.80","83111045","14.00","11.50"
"1151001","4123","晟德","31.30","+0.05","31.25","31.30","30.90","873000","27182950","392","31.00","31.30","807456341","34.40","28.20"
"1151001","4126","太醫","78.00","-0.10","78.20","78.20","78.00","25000","1951900","17","78.00","78.10","72600000","85.80","70.20"
"1151001","4127","天良","46.70","+1.10","46.00","47.10","45.65","320000","14864200","259","46.60","46.70","45760000","51.30","42.05"
"1151001","4128","中天","15.15","-0.20","15.45","15.45","15.10","1192000","18158050","476","15.15","15.20","588170597","16.65","13.65"
"1151001","4129","聯合","82.60","-0.80","83.20","83.20","82.30","71000","5863100","53","82.50","82.60","96437650","90.80","74.40"
"1151001","4131","浩泰","30.85","+0.20","31.25","31.25","30.10","8000","244050","8","30.80","30.85","39879000","33.90","27.80"
"1151001","4138","曜亞","54.30","0.00","55.00","55.40","54.30","18000","985000","17","54.30","54.60","39930000","59.70","48.90"
"1151001","4139","馬光-KY","41.95","+0.15","41.00","42.00","40.00","37000","1544600","22","41.75","41.95","45009911","46.10","37.80"
"1151001","4147","中裕","62.00","-1.70","63.70","63.90","61.40","1008000","62670200","692","62.00","62.10","273202425","68.20","55.80"
"1151001","4153","鈺緯","31.25","-0.20","31.55","31.55","31.25","12000","376700","11","31.25","31.45","58668197","34.35","28.15"
"1151001","4154","樂威科-KY","12.50","0.00","12.50","12.50","12.50","10000","125000","1","12.10","12.50","38390000","13.75","11.25"
"1151001","4157","太景*-KY","8.73","-0.16","8.87","8.87","8.72","479000","4202570","241","8.73","8.74","711833575","9.60","7.86"
"1151001","4160","訊聯基因","38.90","-0.20","39.10","39.10","38.90","9000","350850","9","38.80","39.00","28013734","42.75","35.05"
"1151001","4161","聿新科","21.75","0.00","21.70","21.80","21.70","34000","738650","26","21.70","21.75","59808204","23.90","19.60"
"1151001","4162","智擎","55.30","-0.30","55.50","55.70","55.10","195000","10790600","156","55.30","55.40","143677640","60.80","49.80"
"1151001","4163","鐿鈦","136.50","+0.50","137.00","137.00","135.00","9000","1222000","9","136.00","136.50","50679643","150.00","123.00"
"1151001","4166","友霖","24.75","+0.65","24.00","25.30","24.00","163000","3991300","80","24.75","24.80","243035089","27.20","22.30"
"1151001","4167","松瑞藥","19.60","-0.25","19.80","19.95","19.55","469000","9227300","282","19.60","19.65","331554307","21.55","17.65"
"1151001","4168","醣聯","22.15","-0.20","22.65","22.65","22.10","82000","1824450","51","22.15","22.30","112521318","24.35","19.95"
"1151001","4171","瑞基","16.35","-0.10","16.45","16.45","16.35","27000","442350","16","16.35","16.45","58057469","17.95","14.75"
"1151001","4173","久裕","17.25","-0.05","17.25","17.35","17.00","48000","824550","31","17.25","17.30","74574355","18.95","15.55"
"1151001","4174","浩鼎","43.10","+3.90","43.10","43.10","43.10","1158000","49909800","461","43.10","0.00","131579687","47.40","38.80"
"1151001","4175","杏一","50.70","-0.30","50.80","51.00","50.70","10000","508200","8","50.70","51.00","42323307","55.70","45.65"
"1151001","4183","福永生技","14.45","+0.90","14.00","14.45","14.00","7000","98750","7","13.70","14.45","23800000","15.85","13.05"
"1151001","4188","安克","14.30","+0.05","14.40","15.45","14.20","249000","3615150","170","14.30","14.45","63332900","15.70","12.90"
"1151001","4192","杏國","----","---","----","----","----","0","0","0","18.00","18.70","35164500","20.50","16.80"
"1151001","4198","欣大健康","49.25","-0.25","49.25","49.25","49.25","1000","49250","1","47.85","48.90","24108000","54.10","44.35"
"1151001","4205","中華食","68.80","+0.30","68.80","68.80","68.80","2000","137600","2","68.70","68.80","97649228","75.60","62.00"
"1151001","4207","環泰","19.40","+0.05","19.35","19.45","19.30","98000","1895550","27","19.30","19.45","198538008","21.30","17.50"
"1151001","4303","信立","33.35","-0.10","33.55","34.10","33.35","829000","27864400","486","33.35","33.40","132447444","36.65","30.05"
"1151001","4304","勝昱","17.30","0.00","17.00","17.85","17.00","15000","265250","7","17.30","17.80","61038065","19.00","15.60"
"1151001","4305","世坤","41.55","-0.55","41.55","41.60","41.55","4000","166250","4","41.65","41.80","55014000","45.70","37.40"
"1151001","4401","東隆興","13.90","0.00","14.00","14.00","13.85","22000","305900","14","13.85","13.95","122692012","15.25","12.55"
"1151001","4402","郡都開發","14.15","+0.35","14.15","14.15","14.15","1000","14150","1","13.95","14.05","67991830","15.55","12.75"
"1151001","4406","新昕纖","10.20","-0.10","10.00","10.20","10.00","11000","111250","7","10.15","10.25","51912000","11.20","9.18"
"1151001","4413","飛寶企業","20.35","+0.05","20.00","20.35","20.00","6000","120350","4","20.20","20.50","31314689","22.35","18.35"
"1151001","4416","三圓","13.10","-0.25","13.40","13.50","13.00","869000","11485400","459","13.05","13.10","73586213","14.40","11.80"
"1151001","4417","金洲","49.60","+0.05","49.55","49.70","49.50","33000","1636100","25","49.60","49.65","83971399","54.50","44.65"
"1151001","4419","皇家美食","----","---","----","----","----","0","0","0","45.80","49.95","169163133","54.90","45.00"
"1151001","4420","光明","35.65","-0.40","35.80","35.80","35.65","18000","643850","14","35.65","36.00","40455000","39.20","32.10"
"1151001","4430","耀億","17.80","+0.05","17.85","17.85","17.70","28000","498900","10","17.70","17.80","56273609","19.55","16.05"
"1151001","4432","銘旺實","15.35","-0.05","15.45","15.45","15.35","5000","76900","5","15.30","15.40","50589000","16.85","13.85"
"1151001","4433","興采","18.05","0.00","18.05","18.05","17.90","32000","575300","26","18.00","18.05","61299774","19.85","16.25"
"1151001","4442","竣邦-KY","54.00","-0.10","54.10","54.40","53.60","19000","1025500","18","53.90","54.10","32739154","59.40","48.60"
"1151001","4502","健信","15.80","-0.10","15.70","15.80","15.60","11000","172700","10","15.80","15.85","57469686","17.35","14.25"
"1151001","4503","金雨","24.15","0.00","24.15","24.30","23.90","81000","1946800","46","24.10","24.20","78313326","26.55","21.75"
"1151001","4506","崇友","118.00","0.00","118.00","118.00","117.50","27000","3176000","26","117.50","118.00","177012000","129.50","106.50"
"1151001","4510","高鋒","43.45","-0.55","44.20","44.45","43.35","407000","17743900","314","43.45","43.50","108977724","47.75","39.15"
"1151001","4513","福裕","16.40","+0.20","16.20","16.40","16.00","200000","3228250","113","16.35","16.40","143761921","18.00","14.80"
"1151001","4523","永彰","24.00","+0.10","23.90","24.10","23.85","40000","957350","29","23.95","24.00","64949000","26.40","21.60"
"1151001","4528","江興鍛","14.85","-0.10","14.90","14.95","14.85","21000","312750","15","14.85","14.90","84165695","16.30","13.40"
"1151001","4529","淳紳","3.33","0.00","3.33","3.33","3.33","3000","9990","2","3.31","3.53","84549096","3.66","3.00"
"1151001","4530","天意能創","24.10","-0.65","24.90","24.95","24.10","3000","73950","3","24.00","24.65","35794959","26.50","21.70"
"1151001","4533","協易機","25.55","-0.10","25.75","25.75","25.25","337000","8555100","215","25.45","25.60","178434110","28.10","23.00"
"1151001","4534","慶騰","30.70","-0.25","30.95","31.00","30.30","459000","14030100","280","30.60","30.75","86788948","33.75","27.65"
"1151001","4535","至興","27.00","0.00","26.65","27.00","26.65","9000","241600","7","27.00","27.20","75661740","29.70","24.30"
"1151001","4538","大詠城","17.45","+0.10","17.50","17.50","17.30","11000","191550","11","17.40","17.50","59469604","19.15","15.75"
"1151001","4541","晟田","60.10","-1.50","61.70","61.70","60.00","1330000","80513200","978","60.10","60.20","72647068","66.10","54.10"
"1151001","4542","科嶠","328.00","-16.00","343.00","343.00","328.00","400000","132717500","363","328.00","328.50","35317412","360.50","295.50"
"1151001","4543","萬在","30.15","+0.70","29.50","30.70","29.50","165000","4948050","112","30.15","30.25","62760915","33.15","27.15"
"1151001","4549","桓達","96.90","-0.20","96.90","96.90","95.90","53000","5106200","44","96.50","96.90","58142493","106.50","87.30"
"1151001","4550","長佳","24.45","0.00","24.25","24.45","24.15","4000","97050","4","24.40","24.60","37838783","26.85","22.05"
"1151001","4554","橙的","28.15","-0.10","28.30","28.35","28.15","17000","480650","12","28.15","28.20","30276584","30.95","25.35"
"1151001","4556","旭然","111.50","+10.00","108.00","111.50","98.30","2981000","316919900","1854","111.50","0.00","42302840","122.50","100.50"
"1151001","4558","寶緯","16.85","-0.10","16.85","16.95","16.80","56000","943450","33","16.80","16.90","50000000","18.50","15.20"
"1151001","4561","健椿","42.50","-0.70","42.90","42.90","42.35","70000","2980550","62","42.45","42.65","58521619","46.75","38.25"
"1151001","4563","百德","53.50","+1.80","51.70","54.40","51.60","509000","27160600","348","53.50","53.70","54950000","58.80","48.15"
"1151001","4568","科際精密","39.05","-0.40","38.75","39.05","38.75","14000","544700","10","38.70","39.40","32045125","42.95","35.15"
"1151001","4577","達航科技","90.40","-2.00","94.00","94.60","89.70","1175000","108322600","911","90.30","90.40","49137998","99.40","81.40"
"1151001","4580","捷流閥業","82.20","+0.40","81.60","82.30","80.50","158000","12850800","104","82.10","82.20","46803109","90.40","74.00"
"1151001","4584","君帆","37.50","+0.50","39.60","39.60","37.50","6000","228550","5","37.50","39.15","30002400","41.25","33.75"
"1151001","4609","唐鋒","4.49","+0.34","4.15","4.49","4.15","2000","8640","2","4.16","4.48","47946820","4.93","4.05"
"1151001","4702","中美實","9.28","-0.03","9.45","9.45","9.25","68000","631750","44","9.27","9.28","72333200","10.20","8.36"
"1151001","4706","大恭","34.65","+0.80","34.30","34.65","34.25","21000","722800","14","34.65","34.70","79030093","38.10","31.20"
"1151001","4707","磐亞","28.70","-1.65","30.35","30.85","28.70","1829000","53759900","849","28.70","28.80","413808151","31.55","25.85"
"1151001","4711","永純","16.15","-0.20","16.70","16.75","16.05","113000","1828850","60","16.15","16.20","61056000","17.75","14.55"
"1151001","4714","永捷","11.85","-0.20","12.10","12.15","11.80","711000","8500400","300","11.80","11.85","221838188","13.00","10.70"
"1151001","4716","大立","17.25","+0.40","16.95","17.60","16.70","876000","14966200","396","17.20","17.25","94427191","18.95","15.55"
"1151001","4721","美琪瑪","80.60","-1.90","82.50","82.50","80.30","599000","48464400","459","80.60","80.80","74986304","88.60","72.60"
"1151001","4726","永昕","23.40","+0.45","23.00","23.70","23.00","170000","3983350","120","23.40","23.50","207041800","25.70","21.10"
"1151001","4728","雙美","394.50","-4.50","397.50","397.50","394.50","14000","5556000","6","394.50","396.00","54463000","433.50","355.50"
"1151001","4729","熒茂","20.40","-0.25","21.00","21.05","19.95","899000","18353900","538","20.30","20.40","79226741","22.40","18.40"
"1151001","4735","豪展","36.05","-0.05","36.05","36.50","36.05","29000","1051200","23","36.00","36.05","41568758","39.65","32.45"
"1151001","4741","泓瀚","40.30","-0.50","40.80","41.35","40.25","39000","1579850","35","40.25","40.50","34812079","44.30","36.30"
"1151001","4743","合一","45.85","-1.30","47.15","47.25","45.65","1277000","59097250","781","45.80","45.90","480533486","50.40","41.30"
"1151001","4744","皇將","28.70","-0.50","29.95","29.95","28.60","55000","1589000","32","28.70","28.85","56948450","31.55","25.85"
"1151001","4745","合富-KY","12.15","-0.05","12.25","12.25","12.15","4000","48750","4","12.15","12.20","69705547","13.35","10.95"
"1151001","4747","強生*","23.10","-0.50","23.00","23.75","23.00","33000","773850","27","23.05","23.20","90922064","25.40","20.80"
"1151001","4749","新應材","757.00","-9.00","777.00","786.00","756.00","641000","491126000","584","757.00","758.00","94732865","832.00","682.00"
"1151001","4754","國碳科","37.85","-0.05","37.65","38.00","37.65","8000","302600","7","37.75","37.95","30283215","41.60","34.10"
"1151001","4760","勤凱","288.50","+26.00","267.00","288.50","267.00","848000","241922000","569","288.50","0.00","32778289","317.00","260.00"
"1151001","4767","誠泰科技","28.10","-0.10","28.10","28.10","28.10","6000","168600","4","28.10","28.20","31415000","30.90","25.30"
"1151001","4768","晶呈科技","367.00","-13.00","392.50","403.50","366.00","1990000","768179500","1715","367.00","367.50","48200288","403.50","330.50"
"1151001","4772","台特化","264.50","-4.50","270.00","275.00","263.00","918000","245981500","788","264.50","265.00","147681552","290.50","238.50"
"1151001","4903","聯光通","44.35","+1.45","42.65","44.40","41.60","6940000","301556750","4439","44.30","44.35","105343714","48.75","39.95"
"1151001","4905","台聯電","84.10","+7.60","77.20","84.10","77.20","215000","17891100","159","84.10","0.00","29260044","92.50","75.70"
"1151001","4907","富宇","45.05","+0.05","44.90","45.95","44.65","17000","765850","16","45.00","45.05","118145778","49.55","40.55"
"1151001","4908","前鼎","204.50","-2.50","208.00","209.00","204.00","1068000","219808000","888","204.50","205.00","78216907","224.50","184.50"
"1151001","4909","新復興","36.15","-0.25","36.55","36.80","35.95","193000","6993950","164","36.05","36.15","93356864","39.75","32.55"
"1151001","4911","德英","28.20","0.00","28.30","28.40","28.20","12000","339550","10","28.20","28.45","68817133","31.00","25.40"
"1151001","4923","力士","65.20","+3.80","61.40","66.70","60.90","2798000","181621000","1945","65.10","65.20","37373129","71.70","58.70"
"1151001","4924","欣厚-KY","15.90","-0.60","16.90","17.05","15.90","592000","9637800","419","15.90","16.05","37164409","17.45","14.35"
"1151001","4931","新盛力","248.50","-3.50","251.50","252.50","247.00","2818000","701359500","2196","248.50","249.00","65565761","273.00","224.00"
"1151001","4933","友輝","54.20","-0.20","54.20","54.80","54.10","51000","2773900","48","54.00","54.60","82662675","59.60","48.80"
"1151001","4939","亞電","78.90","-3.90","84.00","84.00","78.30","15461000","1240247300","9896","78.90","79.00","98200868","86.70","71.10"
"1151001","4946","辣椒","100.50","-1.00","98.50","101.50","98.50","9000","901800","9","100.00","101.50","8852816","110.50","90.50"
"1151001","4950","金耘國際","16.20","+0.55","15.70","16.20","15.70","12000","192450","10","16.00","16.20","57729107","17.80","14.60"
"1151001","4951","精拓科","90.30","-1.20","91.60","92.50","90.20","250000","22737300","214","90.30","90.70","34148713","99.30","81.30"
"1151001","4953","緯致","117.50","+0.50","117.50","118.50","117.00","100000","11762500","89","117.00","117.50","73147014","129.00","106.00"
"1151001","4966","譜瑞-KY","572.00","+1.00","573.00","574.00","569.00","217000","124007000","193","572.00","573.00","78957788","629.00","515.00"
"1151001","4971","IET-KY","534.00","-5.00","538.00","549.00","527.00","663000","354436000","609","534.00","535.00","47185743","587.00","481.00"
"1151001","4972","湯石照明","16.30","0.00","16.25","16.30","16.15","22000","356600","17","16.20","16.30","56888587","17.90","14.70"
"1151001","4973","廣穎","137.00","-1.00","140.00","140.00","136.50","332000","45721500","272","137.00","137.50","65292843","150.50","123.50"
"1151001","4974","亞泰","71.30","+0.30","71.20","71.40","71.00","49000","3489400","40","71.20","71.30","72500104","78.40","64.20"
"1151001","4979","華星光","557.00","-12.00","570.00","572.00","545.00","980000","541374000","826","557.00","558.00","142820039","612.00","502.00"
"1151001","4991","環宇-KY","485.50","-2.50","485.00","491.50","479.50","2081000","1009230500","1793","485.00","485.50","121343559","534.00","437.00"
"1151001","4995","晶達","50.00","-0.50","50.70","50.70","49.55","7000","350150","7","49.75","50.00","42592036","55.00","45.00"
"1151001","5009","榮剛","32.80","-0.30","33.25","33.25","32.70","1851000","60955250","1091","32.75","32.80","602471197","36.05","29.55"
"1151001","5011","久陽","18.60","-0.20","18.90","18.90","18.45","115000","2137550","72","18.60","18.70","100673922","20.45","16.75"
"1151001","5013","強新","42.60","+3.85","42.60","42.60","42.60","422000","17977200","136","42.60","0.00","133416000","46.85","38.35"
"1151001","5014","建錩","10.30","+0.05","10.25","10.30","10.05","168000","1707300","69","10.25","10.30","183265054","11.30","9.27"
"1151001","5015","華祺","21.80","-0.10","21.95","21.95","21.80","31000","679250","13","21.80","21.90","60639189","23.95","19.65"
"1151001","5016","松和","28.10","+2.55","25.95","28.10","25.55","380000","10325400","237","28.10","0.00","49622076","30.90","25.30"
"1151001","5201","凱衛","29.20","-0.75","30.35","30.35","29.10","38000","1120450","33","29.20","29.40","38674600","32.10","26.30"
"1151001","5202","力新","14.15","0.00","14.40","14.40","14.05","270000","3837400","191","14.10","14.15","89094000","15.55","12.75"
"1151001","5205","中茂","20.75","+1.85","20.75","20.75","20.75","7000","145250","6","20.75","0.00","13500000","22.80","18.70"
"1151001","5206","坤悅","22.80","+0.10","22.70","22.85","22.60","82000","1865150","61","22.80","22.85","201093375","25.05","20.55"
"1151001","5209","新鼎","171.50","+4.00","170.50","174.00","167.50","104000","17768500","95","171.00","172.50","28663072","188.50","154.50"
"1151001","5210","寶碩","30.15","-0.45","30.35","30.60","30.10","148000","4480150","95","30.15","30.20","82177779","33.15","27.15"
"1151001","5211","蒙恬","21.10","+0.45","20.75","22.60","20.75","138000","2994300","105","21.05","21.20","32024727","23.20","19.00"
"1151001","5212","凌網","48.85","-0.05","49.05","49.05","48.30","21000","1019550","20","48.50","48.90","34633000","53.70","44.00"
"1151001","5213","亞昕","20.65","-0.25","20.90","20.90","20.55","147000","3032350","64","20.65","20.70","762148960","22.70","18.60"
"1151001","5220","萬達光電","23.20","-1.00","24.25","24.30","22.60","830000","19456450","448","23.20","23.25","39667000","25.50","20.90"
"1151001","5223","安力-KY","23.40","+0.30","23.20","23.40","23.20","8000","185900","5","23.15","23.40","44549781","25.70","21.10"
"1151001","5227","立凱-KY","30.95","-0.55","31.50","31.65","30.60","245000","7607850","164","30.90","31.25","96000000","34.00","27.90"
"1151001","5228","鈺鎧","43.70","+3.95","39.90","43.70","39.90","631000","26834700","391","43.70","0.00","38056253","48.05","39.35"
"1151001","5230","雷笛克光學","22.65","-0.70","23.00","23.35","22.60","780000","17907200","560","22.65","22.75","56303831","24.90","20.40"
"1151001","5245","智晶","20.80","-0.05","20.95","21.35","20.55","139000","2889900","89","20.65","20.80","45127141","22.85","18.75"
"1151001","5251","天鉞電","29.70","-0.30","30.50","30.55","29.65","82000","2468050","67","29.70","29.85","33733377","32.65","26.75"
"1151001","5263","智崴","90.70","+1.60","89.20","91.30","89.20","128000","11568500","112","90.70","90.80","78936891","99.70","81.70"
"1151001","5272","笙科","18.00","0.00","18.15","18.20","17.65","135000","2424400","99","17.90","18.00","55276118","19.80","16.20"
"1151001","5274","信驊","19040.00","+290.00","18755.00","19330.00","18740.00","114000","2170020000","112","19040.00","19080.00","41582953","20940.00","17140.00"
"1151001","5276","達輝-KY","17.30","-0.30","17.60","17.60","17.30","7000","121500","5","17.30","17.70","39500000","19.00","15.60"
"1151001","5278","尚凡*","23.50","-0.45","24.00","24.05","23.45","98000","2314950","65","23.45","23.50","300000000","25.85","21.15"
"1151001","5287","數字","137.50","0.00","137.50","138.00","137.00","116000","15944500","86","137.00","137.50","65738500","151.00","124.00"
"1151001","5289","宜鼎","1290.00","0.00","1295.00","1295.00","1280.00","438000","564435000","395","1290.00","1295.00","98335431","1415.00","1165.00"
"1151001","5291","邑昇","61.10","-0.50","62.50","62.50","61.10","319000","19622400","234","61.10","61.20","41890606","67.20","55.00"
"1151001","5299","杰力","103.50","+1.00","102.50","104.00","102.00","248000","25580000","198","103.00","103.50","51064781","113.50","93.20"
"1151001","5302","太欣","9.86","+0.05","9.80","9.87","9.80","88000","866490","53","9.84","9.87","159888349","10.80","8.88"
"1151001","5309","系統電","62.80","+0.10","63.00","66.50","62.00","16323000","1045696000","9563","62.80","62.90","231653594","69.00","56.60"
"1151001","5310","天剛","27.20","-0.40","27.55","27.55","27.20","8000","219750","6","26.80","27.20","28943517","29.90","24.50"
"1151001","5312","寶島科","89.50","-0.40","90.00","90.00","89.50","18000","1615000","17","89.50","89.90","60059898","98.40","80.60"
"1151001","5314","世紀*","30.60","+1.75","29.30","31.65","29.20","80735000","2471753100","32076","30.55","30.60","1205960000","33.65","27.55"
"1151001","5315","光聯","18.90","+0.15","18.75","18.90","18.75","93000","1750900","37","18.85","18.90","106351832","20.75","17.05"
"1151001","5321","美而快","70.30","+2.60","66.70","70.90","66.70","503000","34351900","253","70.30","70.80","59543149","77.30","63.30"
"1151001","5324","士開","12.45","0.00","12.40","12.50","12.40","43000","534800","28","12.45","12.50","226379090","13.65","11.25"
"1151001","5328","華容","58.40","+5.30","53.60","58.40","53.30","13572000","773507300","8358","58.40","0.00","172710724","64.20","52.60"
"1151001","5340","建榮","80.40","-0.60","81.50","81.50","80.30","768000","62013000","599","80.40","80.50","194893964","88.40","72.40"
"1151001","5344","立衛","13.45","-0.40","14.30","14.30","13.45","93000","1266950","53","13.45","13.65","79447460","14.75","12.15"
"1151001","5345","馥鴻","21.30","-0.20","21.40","21.40","21.15","10000","212850","9","21.35","21.40","37795000","23.40","19.20"
"1151001","5347","世界","184.50","+3.50","180.50","188.50","178.50","23227000","4298693500","13640","184.00","184.50","1878502192","202.50","166.50"
"1151001","5348","正能量智能","16.35","0.00","16.35","16.35","16.35","2000","32700","2","15.65","16.20","14775917","17.95","14.75"
"1151001","5351","鈺創","109.50","-1.00","109.50","109.50","107.00","5415000","587434500","3406","109.50","110.00","328770781","120.00","98.60"
"1151001","5353","台林","28.50","+0.05","28.55","28.70","28.50","34000","971350","25","28.50","28.60","75765000","31.35","25.65"
"1151001","5355","佳總","7.10","+0.05","6.98","7.10","6.96","76000","533980","37","6.96","7.10","166122792","7.81","6.39"
"1151001","5356","協益","25.90","+0.20","25.90","25.90","25.70","33000","851850","28","25.70","25.90","103040000","28.45","23.35"
"1151001","5364","力麗店","8.38","-0.01","8.39","8.39","8.30","13000","108460","11","8.31","8.38","63849940","9.21","7.55"
"1151001","5381","光譜","23.25","-0.40","23.60","23.75","23.20","409000","9570050","239","23.25","23.30","207690562","25.55","20.95"
"1151001","5386","青雲","288.50","-1.50","290.00","290.00","286.00","308000","88898500","269","288.00","288.50","54121322","317.00","260.00"
"1151001","5392","能率","39.90","-0.20","40.50","40.50","39.70","698000","27913350","431","39.90","39.95","180093388","43.85","35.95"
"1151001","5398","慕康生醫","13.80","-0.05","13.85","13.85","13.70","33000","452950","15","13.70","13.80","49465460","15.15","12.45"
"1151001","5403","中菲","93.00","+0.20","93.00","93.00","92.50","20000","1854000","18","92.80","93.10","78176123","102.00","83.70"
"1151001","5410","國眾","32.90","-0.05","33.05","33.10","32.80","108000","3549350","75","32.90","33.00","93368623","36.15","29.65"
"1151001","5425","台半","97.50","+1.50","96.00","98.50","95.70","11965000","1163290100","8350","97.50","97.60","263485486","107.00","87.80"
"1151001","5426","振發","28.60","+0.15","28.60","29.00","28.15","408000","11646150","266","28.60","28.70","143800000","31.45","25.75"
"1151001","5432","新門","158.50","-1.50","160.50","165.50","158.00","257000","41522000","200","158.50","159.00","20687804","174.00","143.00"
"1151001","5438","東友","17.25","-0.10","17.35","17.55","17.25","46000","799000","41","17.25","17.30","112536565","18.95","15.55"
"1151001","5439","高技","251.00","-3.00","255.00","256.00","249.50","1555000","390726500","1146","251.00","251.50","92976751","276.00","226.00"
"1151001","5443","均豪","112.00","-1.00","112.00","116.50","112.00","2944000","335404500","2074","112.00","112.50","164746644","123.00","101.00"
"1151001","5450","南良","14.60","-0.20","14.75","14.90","14.60","152000","2231750","102","14.60","14.65","122403239","16.05","13.15"
"1151001","5452","佶優","27.45","+0.05","27.40","27.60","27.05","213000","5823050","178","27.40","27.45","148763669","30.15","24.75"
"1151001","5455","昇益","----","---","----","----","----","0","0","0","30.40","30.80","65501813","33.75","27.65"
"1151001","5457","宣德","23.90","-0.45","24.50","24.65","23.85","396000","9542250","282","23.90","23.95","196428800","26.25","21.55"
"1151001","5460","同協","17.25","+0.10","17.25","17.25","17.10","30000","514950","19","17.10","17.25","58778130","18.95","15.55"
"1151001","5464","霖宏","92.50","+4.30","90.40","93.70","86.80","567000","51384500","402","92.50","92.60","71071490","101.50","83.30"
"1151001","5465","富驊","33.85","+0.80","32.90","35.00","32.00","1236000","41588250","835","33.85","33.90","147682629","37.20","30.50"
"1151001","5468","凱鈺","25.45","-0.40","25.50","25.65","25.00","139000","3538050","99","25.45","25.60","58922909","27.95","22.95"
"1151001","5474","聰泰","165.00","+1.00","164.50","165.50","163.00","161000","26485000","143","164.50","165.00","39756944","181.50","148.50"
"1151001","5475","德宏","178.00","-1.50","179.00","181.00","176.00","2202000","392361000","1680","178.00","178.50","127127017","195.50","160.50"
"1151001","5478","智冠","97.50","+0.40","97.50","97.60","97.40","23000","2242500","20","97.50","97.60","156074332","107.00","87.80"
"1151001","5481","新華","22.10","+0.30","21.80","22.15","21.75","46000","1007400","36","21.85","22.10","71402891","24.30","19.90"
"1151001","5483","中美晶","211.50","+4.00","209.00","221.50","207.00","56653000","12028567500","34516","211.00","211.50","641221651","232.50","190.50"
"1151001","5487","通泰","28.70","+0.10","28.60","28.75","28.50","15000","428400","13","28.65","28.70","24222516","31.55","25.85"
"1151001","5488","松普","12.15","+0.05","12.00","12.25","11.95","154000","1857100","98","12.15","12.20","91586124","13.35","10.95"
"1151001","5489","彩富","42.35","-0.20","42.55","43.95","42.20","36000","1530800","27","42.20","42.45","102706441","46.55","38.15"
"1151001","5490","同亨","25.60","-0.05","25.65","25.75","25.45","265000","6780000","154","25.55","25.70","96152201","28.15","23.05"
"1151001","5493","三聯","90.70","+0.10","90.90","91.20","90.30","101000","9154000","81","90.70","90.90","43689255","99.70","81.70"
"1151001","5498","凱崴","50.60","-0.60","51.80","51.80","50.50","871000","44400700","619","50.60","50.90","193548545","55.60","45.55"
"1151001","5508","永信建","53.40","+0.30","52.80","53.80","52.80","133000","7088600","99","53.10","53.40","217428133","58.70","48.10"
"1151001","5511","德昌","69.30","-0.30","69.50","69.50","68.50","211000","14558000","160","68.90","69.30","136000000","76.20","62.40"
"1151001","5512","力麒","7.70","-0.01","7.73","7.73","7.66","242000","1861180","98","7.70","7.71","766312494","8.47","6.93"
"1151001","5514","三豐","15.10","+0.05","14.85","15.10","14.70","13000","193950","11","15.00","15.10","236118280","16.60","13.60"
"1151001","5516","雙喜","12.00","0.00","11.90","12.00","11.90","4000","47900","3","11.95","12.05","51545223","13.20","10.80"
"1151001","5520","力泰","83.50","+0.10","83.50","83.50","83.50","1000","83500","1","83.30","83.60","59975245","91.80","75.20"
"1151001","5523","豐謙","30.35","0.00","30.25","30.35","30.15","66000","1996450","33","30.20","30.35","155001464","33.35","27.35"
"1151001","5529","鉅陞","26.05","-0.40","26.45","26.45","25.95","82000","2146700","44","26.05","26.10","105769350","28.65","23.45"
"1151001","5530","龍巖","48.75","-0.10","48.80","49.05","48.70","64000","3125950","48","48.75","48.80","420084199","53.60","43.90"
"1151001","5536","聖暉*","959.00","+40.00","929.00","970.00","919.00","1979000","1887802000","1770","959.00","960.00","124080930","1050.00","864.00"
"1151001","5543","桓鼎-KY","27.00","+0.30","26.00","27.30","26.00","7000","186800","7","26.80","26.95","46703593","29.70","24.30"
"1151001","5547","久舜","20.15","0.00","20.20","20.20","20.05","13000","261450","10","20.05","20.15","51000000","22.15","18.15"
"1151001","5548","安倉","20.00","-0.15","20.10","20.10","20.00","74000","1481000","43","20.00","20.05","63735065","22.00","18.00"
"1151001","5601","台聯櫃","28.90","-0.40","28.90","28.90","28.90","5000","144500","1","29.00","29.95","64800000","31.75","26.05"
"1151001","5603","陸海","13.50","+0.15","13.40","13.50","13.25","149000","1988600","94","13.45","13.50","104876607","14.85","12.15"
"1151001","5604","中連","31.40","+0.20","31.50","31.50","31.40","2000","62900","2","31.30","31.40","108782968","34.50","28.30"
"1151001","5609","中菲行","77.90","-0.20","78.10","78.20","77.90","62000","4838300","52","77.90","78.10","142884000","85.60","70.20"
"1151001","5701","劍湖山","4.07","+0.01","4.08","4.08","4.03","39000","158770","22","4.07","4.08","143000000","4.47","3.67"
"1151001","5703","亞都","----","---","----","----","----","0","0","0","13.50","14.35","70239594","14.85","12.15"
"1151001","5704","老爺知","22.60","-0.05","22.60","22.65","22.45","9000","202850","8","22.50","22.65","58861658","24.85","20.35"
"1151001","5864","致和證","38.25","-0.95","39.20","39.20","37.80","3329000","127270150","1553","38.25","38.30","504490084","42.05","34.45"
"1151001","5878","台名","37.85","0.00","37.90","37.90","37.85","3000","113650","3","37.85","38.00","25024303","41.60","34.10"
"1151001","5902","德記","34.30","-0.20","34.10","34.35","34.00","9000","307950","9","34.20","34.30","94500000","37.70","30.90"
"1151001","5903","全家","186.00","0.00","186.00","186.00","185.50","15000","2784500","9","185.50","186.00","223220000","204.50","167.50"
"1151001","5904","寶雅*","69.10","-0.60","69.70","69.70","68.70","3109000","214498800","2055","69.00","69.10","1064438260","76.00","62.20"
"1151001","5905","南仁湖","7.40","+0.08","7.36","7.43","7.35","223000","1648860","119","7.40","7.43","281623235","8.14","6.66"
"1151001","6015","宏遠證","17.60","-0.35","17.95","17.95","17.35","2975000","52156300","1038","17.55","17.60","403665050","19.35","15.85"
"1151001","6016","康和證","23.70","-0.60","24.25","24.25","23.45","6094000","144365100","1941","23.65","23.70","772419946","26.05","21.35"
"1151001","6020","大展證","20.55","-0.20","20.70","20.70","20.55","6000","123750","6","20.55","20.65","252353154","22.60","18.50"
"1151001","6021","美好證","41.70","-0.10","42.00","42.15","41.20","92000","3828250","77","41.55","41.70","312230974","45.85","37.55"
"1151001","6023","元大期","84.80","-0.20","85.50","85.50","83.80","996000","83975100","521","84.80","84.90","447972732","93.20","76.40"
"1151001","6026","福邦證","15.85","-0.25","16.10","16.10","15.70","975000","15427200","413","15.85","15.90","396161841","17.40","14.30"
"1151001","6028","公勝保經","99.20","+0.20","98.60","99.20","98.30","11000","1084100","7","98.50","99.20","25000000","109.00","89.30"
"1151001","6101","寬魚國際","37.75","+0.35","38.20","38.20","37.40","197000","7420000","174","37.70","37.75","116601850","41.50","34.00"
"1151001","6103","合邦","36.90","-1.40","38.30","39.00","36.90","14000","533900","14","36.35","36.90","13604891","40.55","33.25"
"1151001","6104","創惟","91.70","+0.20","91.90","92.60","91.50","424000","39026800","329","91.70","91.90","91129107","100.50","82.60"
"1151001","6109","亞元","10.45","-0.10","10.55","10.60","10.40","59000","616250","39","10.45","10.50","87825414","11.45","9.41"
"1151001","6111","光聚晶電","38.10","-0.55","38.70","38.70","38.05","108000","4145350","83","38.05","38.10","108511051","41.90","34.30"
"1151001","6113","亞矽","24.90","+2.25","22.70","24.90","22.70","621000","15169900","390","24.90","0.00","52549455","27.35","22.45"
"1151001","6114","久威","----","---","----","----","----","0","0","0","23.50","23.55","43911937","25.85","21.15"
"1151001","6118","建達","16.30","+0.25","16.20","17.30","16.20","852000","14177300","553","16.25","16.40","90889573","17.90","14.70"
"1151001","6121","新普","379.50","+2.50","377.00","381.00","377.00","291000","110167500","237","379.00","380.00","184970519","417.00","342.00"
"1151001","6122","擎邦","62.30","+1.80","60.60","62.50","60.40","2098000","129610600","1357","62.30","62.40","78091632","68.50","56.10"
"1151001","6123","上奇","42.95","-0.10","43.20","43.20","42.65","21000","898500","19","42.65","42.95","62089430","47.20","38.70"
"1151001","6124","業強","27.20","0.00","27.50","27.50","27.20","4000","109200","4","27.15","27.25","182479945","29.90","24.50"
"1151001","6125","廣運","49.85","-0.05","50.20","50.40","49.50","339000","16912750","240","49.85","49.90","259011150","54.80","44.90"
"1151001","6126","信音","30.80","-0.10","31.00","31.00","30.80","187000","5768850","127","30.80","30.90","130218658","33.85","27.75"
"1151001","6127","九豪","56.80","+5.10","52.30","56.80","52.20","16443000","916610900","8332","56.80","0.00","108079751","62.40","51.20"
"1151001","6129","普誠","14.70","-0.20","14.75","14.95","14.70","241000","3569750","140","14.70","14.75","160574120","16.15","13.25"
"1151001","6130","上亞科技","23.55","-0.20","23.65","23.75","23.55","15000","354350","13","23.55","23.65","46300000","25.90","21.20"
"1151001","6134","萬旭","28.95","-0.25","29.20","29.25","28.85","166000","4816050","111","28.90","29.05","81882117","31.80","26.10"
"1151001","6138","茂達","283.50","+7.50","277.00","284.00","276.00","661000","185767000","506","283.50","284.00","75633500","311.50","255.50"
"1151001","6140","訊達","20.05","-0.15","20.15","20.50","19.95","212000","4258650","132","20.05","20.10","54897760","22.05","18.05"
"1151001","6143","振曜","80.60","-0.40","81.30","81.50","80.60","239000","19305600","208","80.60","80.70","86058897","88.60","72.60"
"1151001","6144","得利影","12.80","+0.25","12.55","12.85","12.40","12000","152700","12","12.50","12.80","38273701","14.05","11.55"
"1151001","6146","耕興","181.50","0.00","181.50","182.50","180.00","211000","38288000","188","181.50","182.50","101867199","199.50","163.50"
"1151001","6147","頎邦","225.50","+16.00","212.00","227.00","212.00","48758000","10797355500","30081","225.00","225.50","744577539","248.00","203.00"
"1151001","6148","驊宏資","38.05","-0.05","38.15","38.65","37.85","1083000","41329000","754","38.05","38.10","46603757","41.85","34.25"
"1151001","6150","撼訊","69.90","+6.30","64.50","69.90","64.00","3208000","219418400","1783","69.90","0.00","48345985","76.80","63.00"
"1151001","6151","晉倫","34.65","-0.10","35.00","35.00","34.50","93000","3217450","55","34.65","34.70","55257300","38.10","31.20"
"1151001","6154","順發","14.20","0.00","14.30","14.30","14.15","40000","568200","15","14.15","14.20","80080000","15.60","12.80"
"1151001","6156","松上","21.75","-0.10","21.80","22.35","21.75","767000","16868200","468","21.75","21.80","107875010","23.90","19.60"
"1151001","6158","禾昌","17.25","+0.05","17.20","17.25","17.10","36000","617700","24","17.20","17.25","55698288","18.95","15.55"
"1151001","6160","欣技","13.90","0.00","14.10","14.10","13.80","44000","611300","23","13.90","13.95","68489120","15.25","12.55"
"1151001","6161","捷波","50.30","-1.20","51.40","51.50","50.30","38000","1921500","36","50.30","50.50","56237477","55.30","45.30"
"1151001","6163","華電網","41.40","-0.30","42.00","42.80","41.20","676000","28222350","431","41.35","41.40","148838747","45.50","37.30"
"1151001","6167","久正","10.25","-0.05","10.35","10.40","10.25","182000","1870950","51","10.25","10.30","146000000","11.25","9.23"
"1151001","6169","昱泉","11.85","-0.15","11.85","12.00","11.85","8000","95700","7","11.80","12.00","23394960","13.00","10.70"
"1151001","6170","統振","49.15","+0.50","48.75","49.20","48.75","161000","7881600","105","49.10","49.15","97260038","54.00","44.25"
"1151001","6171","大城地產","27.35","+0.60","27.10","27.35","27.05","435000","11863600","219","27.30","27.35","100000000","27.85","22.85"
"1151001","6173","信昌電","302.50","+14.00","287.00","316.00","280.50","31024000","9411766000","23159","302.00","302.50","171200000","332.50","272.50"
"1151001","6174","安碁","50.00","+4.50","45.80","50.00","45.45","1588000","77737500","877","50.00","0.00","50000000","55.00","45.00"
"1151001","6175","立敦","76.30","+5.90","70.90","77.10","70.90","5454000","411009400","3872","76.30","76.40","150121812","83.90","68.70"
"1151001","6179","亞通","35.95","-0.35","36.40","37.00","35.80","3424000","124138950","1829","35.95","36.00","177324650","39.50","32.40"
"1151001","6180","橘子","41.65","+0.25","41.25","42.05","41.25","348000","14508500","231","41.65","41.70","175493573","45.80","37.50"
"1151001","6182","合晶","130.00","-3.00","136.00","139.50","127.50","179477000","23917081000","98140","130.00","130.50","635459979","143.00","117.00"
"1151001","6185","幃翔","12.60","+0.10","12.55","12.70","12.45","154000","1939750","87","12.55","12.60","149867531","13.85","11.35"
"1151001","6186","新潤","29.10","-0.05","29.20","29.20","28.95","169000","4916850","119","29.05","29.10","226907598","32.00","26.20"
"1151001","6187","萬潤","1275.00","-35.00","1300.00","1325.00","1260.00","1612000","2060030000","1442","1270.00","1275.00","98262739","1400.00","1150.00"
"1151001","6188","廣明","62.10","0.00","62.30","62.50","61.80","331000","20550200","254","62.10","62.20","278358910","68.30","55.90"
"1151001","6190","萬泰科","71.20","+0.80","71.20","71.60","70.40","1537000","109182300","1022","71.10","71.20","195820796","78.30","64.10"
"1151001","6194","育富","30.10","+0.25","30.30","30.30","29.95","27000","810300","13","29.90","30.25","48000000","33.10","27.10"
"1151001","6195","詩肯","28.20","-0.05","28.25","28.25","28.00","8000","225050","7","28.05","28.20","50192942","31.00","25.40"
"1151001","6198","瑞築","----","---","----","----","----","0","0","0","19.45","19.95","171400350","21.90","18.00"
"1151001","6199","天品","128.00","+0.50","127.50","128.50","127.00","6604000","844851000","1542","127.50","128.00","61760018","140.50","115.50"
"1151001","006201","元大富櫃50","46.59","+0.09","46.50","46.75","46.38","107000","4974140","53","46.43","46.59","22946000","51.20","41.94"
"1151001","6203","海韻電","60.30","+0.30","60.00","60.30","59.90","54000","3244900","33","60.30","60.40","82401370","66.30","54.30"
"1151001","6204","艾華","104.50","+1.50","105.00","110.00","104.00","517000","54994000","439","104.50","105.00","23102080","114.50","94.10"
"1151001","6207","雷科","145.00","-6.00","153.00","158.00","139.50","37791000","5566003000","24007","144.50","145.00","93066484","159.50","130.50"
"1151001","6208","日揚","79.50","+3.50","77.00","80.50","76.80","464000","36611100","364","79.50","79.60","94462343","87.40","71.60"
"1151001","6210","慶生","17.90","0.00","17.90","18.50","17.90","12000","216200","11","17.75","17.95","35048000","19.65","16.15"
"1151001","6212","理銘","32.25","-0.55","32.25","32.25","32.25","1000","32250","1","32.30","33.30","102000000","35.45","29.05"
"1151001","6217","中探針","174.50","-2.00","177.00","181.00","174.00","2598000","458965500","1978","174.50","175.00","117210018","191.50","157.50"
"1151001","6218","豪勉","62.80","+0.90","62.00","63.20","61.60","1131000","70750000","832","62.80","62.90","64262000","69.00","56.60"
"1151001","6219","富旺","12.35","+0.15","12.15","12.35","12.05","122000","1495300","73","12.25","12.35","124967090","13.55","11.15"
"1151001","6220","岳豐","25.30","+0.10","25.20","25.40","25.05","92000","2322850","71","25.20","25.35","146462640","27.80","22.80"
"1151001","6221","晉泰","30.95","-0.05","31.05","32.75","30.50","1561000","48978300","1015","30.95","31.00","168612206","34.00","27.90"
"1151001","6222","立軒","----","---","----","----","----","0","0","0","18.55","19.40","95688878","21.20","17.40"
"1151001","6223","旺矽","5030.00","-95.00","5130.00","5185.00","4995.00","924000","4657445000","886","5030.00","5035.00","97981309","5530.00","4530.00"
"1151001","6227","茂綸","137.00","+5.00","133.50","138.00","132.50","1104000","150288000","907","137.00","137.50","76111786","150.50","123.50"
"1151001","6228","全譜","18.15","-0.65","18.25","18.30","18.15","9000","163900","9","18.10","18.15","29000000","19.95","16.35"
"1151001","6229","研通","24.15","-0.05","24.20","24.30","24.00","77000","1860750","54","24.10","24.15","40360700","26.55","21.75"
"1151001","6231","系微","237.00","+2.00","235.00","240.00","235.00","181000","42903000","171","237.00","237.50","45652186","260.50","213.50"
"1151001","6233","旺玖","23.55","+0.75","23.80","24.50","23.30","509000","12033700","300","23.50","23.55","80971896","25.90","21.20"
"1151001","6234","高僑","39.55","-0.20","39.90","40.75","39.25","1196000","47779050","811","39.50","39.55","100386398","43.50","35.60"
"1151001","6236","中湛","18.70","+0.20","19.10","19.10","18.70","2000","37800","2","16.65","18.40","41654039","20.55","16.85"
"1151001","6237","驊訊","36.75","+0.25","36.50","38.55","36.50","762000","28591550","496","36.75","36.85","79645371","40.40","33.10"
"1151001","6240","松崗","25.30","-0.25","25.40","26.00","25.25","23000","585200","17","25.20","25.40","22867370","27.80","22.80"
"1151001","6241","鑫永洋","16.15","-0.15","16.00","16.45","16.00","35000","565850","31","16.15","16.30","45533670","17.75","14.55"
"1151001","6242","立康","----","---","----","----","----","0","0","0","34.05","34.60","31806500","37.45","30.65"
"1151001","6244","茂迪","23.85","-1.20","24.55","24.55","23.75","4415000","106308850","2371","23.85","23.90","387041875","26.20","21.50"
"1151001","6245","立端","88.30","+0.50","88.30","88.30","87.30","433000","38073400","336","88.10","88.30","146608303","97.10","79.50"
"1151001","6246","臺龍","12.70","-0.15","12.90","12.90","12.60","13000","165500","12","12.60","12.80","37851415","13.95","11.45"
"1151001","6248","沛波","17.25","+0.10","17.35","17.35","17.20","74000","1275150","45","17.20","17.25","99956149","18.95","15.55"
"1151001","6259","百徽","31.80","+1.55","30.50","32.60","30.25","815000","25828850","564","31.80","31.85","28056146","34.95","28.65"
"1151001","6261","久元","79.10","0.00","79.80","79.80","78.50","352000","27774200","307","79.00","79.10","128497989","87.00","71.20"
"1151001","6263","普萊德","164.00","+5.50","158.00","164.00","157.00","157000","25389500","147","163.50","164.00","62500964","180.00","148.00"
"1151001","6264","富裔","6.03","0.00","6.06","6.06","6.00","12000","72370","9","6.02","6.04","136355291","6.63","5.43"
"1151001","6265","方土昶","49.25","+0.60","48.70","50.90","48.40","3039000","151180550","2064","49.25","49.30","118172151","54.10","44.35"
"1151001","6266","泰詠","24.95","-0.05","24.90","25.00","24.90","71000","1770750","43","24.95","25.00","153871641","27.40","22.50"
"1151001","6270","倍微","30.55","+0.55","30.10","31.15","29.95","336000","10307500","213","30.50","30.60","72145759","33.60","27.50"
"1151001","6274","台燿","1535.00","+15.00","1530.00","1540.00","1500.00","4463000","6793365000","3652","1530.00","1535.00","299460093","1685.00","1385.00"
"1151001","6275","元山","47.45","+0.30","47.40","47.85","47.25","226000","10746900","178","47.40","47.45","80344567","52.10","42.75"
"1151001","6276","安鈦克","19.65","+0.35","19.60","19.65","19.50","10000","195650","9","19.50","19.70","22043000","21.60","17.70"
"1151001","6279","胡連","113.00","+0.50","112.50","113.00","111.50","199000","22348000","171","113.00","113.50","119015736","124.00","102.00"
"1151001","6284","佳邦","80.30","+4.70","76.00","82.00","76.00","3157000","251011100","2283","80.30","80.40","148980341","88.30","72.30"
"1151001","6290","良維","277.50","-2.50","280.00","281.50","276.00","1763000","490306500","1364","277.50","278.00","169652410","305.00","250.00"
"1151001","6291","沛亨","489.00","-11.00","501.00","507.00","489.00","552000","273168000","506","489.00","491.00","42000000","537.00","440.50"
"1151001","6292","迅德","67.20","+0.60","66.70","68.20","66.70","345000","23251700","276","67.00","67.20","46600712","73.90","60.50"
"1151001","6294","智基","28.15","-0.10","28.25","28.25","28.10","5000","140700","5","28.15","28.35","26047106","30.95","25.35"
"1151001","6411","晶焱","78.40","+0.80","77.90","78.70","77.90","153000","11988900","126","78.30","78.40","99508031","86.20","70.60"
"1151001","6417","韋僑","102.00","0.00","102.00","102.50","101.00","73000","7418000","47","102.00","102.50","42274000","112.00","91.80"
"1151001","6418","詠昇","34.55","-0.10","34.00","34.60","33.90","112000","3865200","36","34.55","34.60","34522000","38.00","31.10"
"1151001","6419","京晨科","155.00","-1.00","156.00","156.00","153.00","67000","10356500","64","155.00","155.50","13159170","170.50","139.50"
"1151001","6423","億而得","94.40","+8.50","89.30","94.40","89.10","340000","31568300","234","94.40","0.00","31016000","103.50","85.00"
"1151001","6425","易發","81.30","+2.30","80.00","84.30","78.40","5261000","426798700","3751","81.30","81.40","51382317","89.40","73.20"
"1151001","6432","今展科","69.80","+6.30","62.80","69.80","62.50","3143000","210993000","1986","69.80","0.00","40017865","76.70","62.90"
"1151001","6435","大中","262.00","+10.00","253.00","262.00","253.00","675000","174349500","566","261.50","262.00","37461300","288.00","236.00"
"1151001","6441","廣錠","24.90","+0.20","24.85","24.95","24.60","75000","1855250","63","24.75","24.90","53318429","27.35","22.45"
"1151001","6461","益得","24.05","-0.40","24.20","24.40","23.75","74000","1780050","36","24.05","24.40","110324527","26.45","21.65"
"1151001","6462","神盾","107.00","+1.00","106.00","110.50","106.00","1715000","184859500","1178","106.50","107.00","91250754","117.50","96.30"
"1151001","6465","威潤","41.60","-0.15","42.30","42.30","41.30","48000","2000350","41","41.60","41.85","59073685","45.75","37.45"
"1151001","6469","大樹","64.40","0.00","64.50","64.60","64.10","138000","8879000","92","64.30","64.40","159104252","70.80","58.00"
"1151001","6470","宇智","42.70","0.00","42.65","42.70","42.45","13000","554200","12","42.70","42.75","37694100","46.95","38.45"
"1151001","6474","華豫寧","35.45","-0.25","35.85","35.85","35.00","87000","3063900","37","35.45","35.50","52526199","38.95","31.95"
"1151001","6482","弘煜科","23.65","+0.15","23.20","23.65","22.90","8000","185350","8","23.25","23.45","28634463","26.00","21.30"
"1151001","6485","點序","84.70","+7.70","80.70","84.70","77.50","3540000","290929600","2231","84.70","0.00","47366493","93.10","76.30"
"1151001","6486","互動","81.30","+0.70","80.70","82.10","80.70","55000","4473600","45","81.30","81.60","50893286","89.40","73.20"
"1151001","6488","環球晶","1085.00","+50.00","1055.00","1135.00","1045.00","23578000","25754225000","16878","1080.00","1085.00","478113725","1190.00","977.00"
"1151001","6492","生華科","34.60","+0.25","34.25","34.95","34.10","142000","4892450","110","34.35","34.60","114903620","38.05","31.15"
"1151001","6494","九齊","52.40","+0.60","52.40","53.20","52.00","106000","5562100","93","52.20","52.40","31559690","57.60","47.20"
"1151001","6496","科懋","23.80","+0.15","23.30","23.95","23.30","12000","284050","12","23.65","23.80","47290220","26.15","21.45"
"1151001","6498","久禾光","68.30","+1.50","67.50","68.50","66.60","90000","6097000","72","68.20","68.50","47475892","75.10","61.50"
"1151001","6499","益安","79.10","+1.40","77.20","82.00","77.10","707000","56613600","554","79.10","79.20","96944893","87.00","71.20"
"1151001","6506","雙邦","18.55","-0.05","18.60","18.65","18.45","32000","593600","21","18.50","18.55","82360826","20.40","16.70"
"1151001","6508","惠光","27.00","+0.05","26.70","27.00","26.65","19000","509700","11","26.75","26.90","86538864","29.70","24.30"
"1151001","6509","聚和","48.80","-0.30","49.30","49.30","48.25","644000","31355000","477","48.75","48.80","197434268","53.60","43.95"
"1151001","6510","精測","3000.00","-65.00","3065.00","3155.00","2960.00","959000","2906940000","931","3000.00","3005.00","32929138","3300.00","2700.00"
"1151001","6512","啟發電","20.25","0.00","20.30","20.30","20.25","5000","101350","4","20.20","20.30","25260000","22.25","18.25"
"1151001","6516","勤崴國際","56.50","0.00","56.50","56.50","55.90","25000","1405200","24","56.20","56.50","56336935","62.10","50.90"
"1151001","6517","保勝光學","63.50","-0.10","64.10","64.10","63.10","89000","5666300","77","63.50","63.70","30579053","69.80","57.20"
"1151001","6523","達爾膚","89.50","除息","89.00","89.60","89.00","21000","1877700","15","89.20","89.30","45047625","98.40","80.60"
"1151001","6527","明達醫","75.00","0.00","75.00","75.00","74.10","28000","2095200","15","74.90","75.10","25458550","82.50","67.50"
"1151001","6530","創威","102.00","-2.50","104.50","104.50","100.50","1692000","172584000","1315","101.50","102.00","33750000","112.00","91.80"
"1151001","6532","瑞耘","122.50","+4.00","121.00","127.00","115.50","5816000","712885000","4209","122.50","123.00","37445147","134.50","110.50"
"1151001","6535","順藥","80.90","-1.30","83.60","83.60","80.60","200000","16235900","177","80.90","81.90","167840825","88.90","72.90"
"1151001","6538","倉和","369.50","+13.50","356.00","370.00","351.00","1571000","565005500","1332","367.50","369.50","38443145","406.00","333.00"
"1151001","6542","隆中","39.90","-0.60","40.25","40.25","39.90","4000","160650","4","40.05","40.25","42000630","43.85","35.95"
"1151001","6546","正基","59.70","+0.30","60.00","60.40","59.40","160000","9559400","118","59.70","59.80","66848449","65.60","53.80"
"1151001","6547","高端疫苗","62.60","+0.20","62.40","62.70","61.30","3053000","189260600","1591","62.50","62.60","329459855","68.80","56.40"
"1151001","6548","長科*","71.50","-0.70","72.70","74.00","70.40","3809000","272541400","2729","71.40","71.50","950464700","78.60","64.40"
"1151001","6556","勝品","61.60","-0.50","60.70","62.10","60.70","7000","431400","6","61.10","62.00","28750000","67.70","55.50"
"1151001","6560","欣普羅","32.60","+0.40","32.30","32.80","32.30","27000","876950","26","32.40","32.60","32474715","35.85","29.35"
"1151001","6561","是方","310.50","+3.50","308.50","310.50","307.50","51000","15731500","49","309.50","310.50","77958370","341.50","279.50"
"1151001","6568","宏觀","140.00","-2.50","141.50","142.00","140.00","53000","7459000","46","140.00","141.00","30799700","154.00","126.00"
"1151001","6569","醫揚","91.30","-0.90","91.20","91.60","91.20","8000","731200","8","91.20","91.50","42820745","100.00","82.20"
"1151001","6570","維田","47.55","0.00","47.55","47.65","47.20","149000","7057200","113","47.50","47.55","37119170","52.30","42.80"
"1151001","6574","霈方","118.50","0.00","118.50","118.50","117.50","9000","1064500","9","117.50","118.50","21990000","130.00","107.00"
"1151001","6576","逸達","79.10","-0.40","79.30","80.00","79.00","101000","8014700","72","79.00","79.70","157579266","87.00","71.20"
"1151001","6577","勁豐","80.50","+0.50","79.70","80.90","79.60","50000","4012200","35","80.50","80.80","60060145","88.50","72.50"
"1151001","6578","達邦蛋白","16.50","+0.05","16.50","16.55","16.50","9000","148550","9","16.45","16.60","71941901","18.15","14.85"
"1151001","6584","南俊國際","531.00","-9.00","540.00","542.00","529.00","259000","138375000","253","531.00","532.00","71381810","584.00","478.00"
"1151001","6588","東典光電","110.00","+2.00","109.00","112.00","108.00","1004000","110931500","693","110.00","110.50","34700825","121.00","99.00"
"1151001","6590","普鴻","65.10","-0.80","65.70","65.70","65.10","15000","983200","12","65.00","65.70","28695603","71.60","58.60"
"1151001","6593","台灣銘板","32.30","+0.05","31.85","32.35","31.70","18000","573200","15","32.10","32.35","31856609","35.50","29.10"
"1151001","6596","寬宏藝術","97.20","-0.10","97.40","97.40","96.70","55000","5332600","42","96.90","97.30","38000000","106.50","87.50"
"1151001","6597","立誠","63.00","-5.70","67.10","67.10","62.00","62000","3895300","43","63.00","64.80","30042250","69.30","56.70"
"1151001","6603","富強鑫","29.80","+1.00","28.90","30.55","28.75","7449000","222945400","3970","29.80","29.85","167442946","32.75","26.85"
"1151001","6609","瀧澤科","39.55","-0.40","40.35","40.35","39.55","60000","2381100","45","39.55","39.60","72456246","43.50","35.60"
"1151001","6612","奈米醫材","77.00","+4.50","71.90","77.20","71.90","117000","8841400","99","77.00","77.10","52266043","84.70","69.30"
"1151001","6613","朋億*","278.50","+4.50","274.00","281.50","274.00","391000","109015500","323","278.50","279.00","77801485","306.00","251.00"
"1151001","6615","慧智","33.50","0.00","33.40","33.80","33.35","6000","201050","6","33.50","33.80","21593400","36.85","30.15"
"1151001","6616","特昇-KY","8.26","+0.08","8.18","8.27","8.08","14000","114790","14","8.26","8.27","35478473","9.08","7.44"
"1151001","6617","共信-KY","132.00","-6.50","138.50","141.00","132.00","795000","107393000","566","132.00","132.50","127506100","145.00","119.00"
"1151001","6620","漢達","144.50","+3.50","145.50","154.50","140.50","9013000","1329247500","5471","144.50","145.00","169981900","158.50","130.50"
"1151001","6624","萬年清","38.00","-0.25","38.95","38.95","38.00","6000","229500","6","37.95","38.00","22579482","41.80","34.20"
"1151001","6629","泰金-KY","103.50","0.00","102.50","103.50","102.50","4000","411000","4","103.50","104.00","38379563","113.50","93.20"
"1151001","6637","醫影","53.90","+0.10","53.70","53.90","53.50","27000","1447900","22","53.70","53.90","26810000","59.20","48.55"
"1151001","6640","均華","1110.00","+70.00","1075.00","1140.00","1075.00","684000","771235000","552","1110.00","1115.00","28911500","1220.00","999.00"
"1151001","6642","富致","83.00","+1.30","81.30","84.80","81.30","376000","31207200","261","83.00","83.10","37399662","91.30","74.70"
"1151001","6643","M31","521.00","-34.00","555.00","557.00","518.00","2139000","1142693000","1829","521.00","522.00","42090160","573.00","469.00"
"1151001","6649","台生材","37.20","+0.70","36.50","37.85","36.50","112000","4168700","83","36.65","37.20","42000000","40.90","33.50"
"1151001","6651","全宇昕","147.50","+1.50","147.00","148.00","146.00","78000","11476500","66","147.50","148.50","34601541","162.00","133.00"
"1151001","6654","天正國際","210.00","-6.00","217.00","217.00","208.00","62000","13079000","29","209.00","212.50","40962720","231.00","189.00"
"1151001","6661","威健生技","----","---","----","----","----","0","0","0","16.10","16.80","23304248","17.80","14.60"
"1151001","6662","樂斯科","28.50","0.00","28.00","28.50","28.00","3000","85000","3","27.90","28.50","25612400","31.35","25.65"
"1151001","6664","群翊","371.50","-4.50","380.00","380.00","367.00","341000","126554000","298","371.00","371.50","61151307","408.50","334.50"
"1151001","6667","信紘科","261.00","-1.00","264.50","268.50","260.00","385000","101546500","345","261.00","261.50","53478878","287.00","235.00"
"1151001","6679","鈺太","204.50","-1.50","206.00","208.00","204.00","120000","24668500","106","204.50","205.00","54975335","224.50","184.50"
"1151001","6680","鑫創電子","51.50","-0.40","51.00","51.60","51.00","12000","614700","12","51.40","51.50","24671427","56.60","46.35"
"1151001","6683","雍智科技","1575.00","-15.00","1600.00","1640.00","1550.00","987000","1570235000","909","1575.00","1580.00","27557161","1730.00","1420.00"
"1151001","6684","安格","50.10","-0.10","50.60","51.90","50.10","114000","5805400","93","50.10","50.30","44559496","55.10","45.10"
"1151001","6690","安碁資訊","177.00","0.00","177.00","177.50","175.00","100000","17611500","97","177.00","177.50","29999720","194.50","159.50"
"1151001","6692","進能服","23.05","-0.80","22.95","23.30","22.95","5000","115300","5","23.00","23.15","58843890","25.35","20.75"
"1151001","6693","廣閎科","212.50","+1.00","210.00","219.50","205.00","1921000","408218500","1619","212.50","213.50","45720000","233.50","191.50"
"1151001","6697","東捷資訊","41.10","-0.20","41.20","41.55","41.00","25000","1029400","23","41.05","41.20","27323364","45.20","37.00"
"1151001","6703","軒郁","100.50","0.00","100.00","100.50","99.80","11000","1099800","10","99.80","100.50","36257210","110.50","90.50"
"1151001","6708","天擎","56.80","+5.10","56.80","56.80","54.90","1490000","84457500","818","56.80","0.00","29008779","62.40","51.20"
"1151001","6712","長聖","162.00","0.00","162.00","162.00","160.00","93000","14986500","88","161.50","162.00","100488861","178.00","146.00"
"1151001","6716","應廣","117.50","+3.50","114.50","117.50","113.00","401000","46405500","311","117.00","117.50","30241814","129.00","106.00"
"1151001","6720","久昌","126.50","-1.00","126.50","127.00","126.00","14000","1771000","14","125.50","127.00","30225741","139.00","114.00"
"1151001","6721","信實","50.20","+0.20","50.20","50.20","50.20","1000","50200","1","49.85","50.00","24500000","55.20","45.20"
"1151001","6725","矽科宏晟","221.00","+3.00","219.00","222.50","218.00","115000","25339500","84","220.00","222.00","37130000","243.00","199.00"
"1151001","6727","亞泰金屬","488.00","+3.00","488.00","496.50","481.50","637000","310721000","558","488.00","488.50","26884177","536.00","439.50"
"1151001","6728","上洋","109.00","0.00","109.00","109.00","108.00","28000","3047000","12","108.50","109.00","30120000","119.50","98.10"
"1151001","6730","常廣","32.20","+0.20","32.40","32.40","31.80","7000","224400","7","31.85","32.25","36298151","35.40","29.00"
"1151001","6732","昇佳電子","152.00","+0.50","151.50","152.50","151.50","54000","8209500","45","152.00","152.50","48912618","167.00","137.00"
"1151001","6733","博晟生醫","24.95","0.00","24.95","25.15","24.95","22000","549950","18","24.95","25.00","134316026","27.40","22.50"
"1151001","6735","美達科技","66.80","-0.50","69.90","69.90","66.50","69000","4673900","62","66.80","67.10","46182292","73.40","60.20"
"1151001","6739","竹陞科技","1105.00","-30.00","1130.00","1140.00","1100.00","143000","159025000","138","1100.00","1110.00","23392500","1215.00","995.00"
"1151001","6741","91APP*-KY","55.60","+0.50","55.10","55.90","55.10","96000","5332400","72","55.40","55.80","120577997","61.10","50.10"
"1151001","6751","智聯服務","44.00","-0.50","44.15","44.15","44.00","4000","176150","4","44.00","44.20","22200000","48.40","39.60"
"1151001","6752","叡揚","96.20","+0.20","95.50","96.20","95.20","8000","765300","8","95.70","96.20","38258471","105.50","86.60"
"1151001","6761","穩得","164.50","-0.50","164.00","166.50","163.50","143000","23585500","122","164.50","165.00","34955867","180.50","148.50"
"1151001","6762","達亞","156.00","-2.00","156.00","156.00","156.00","2000","312000","2","155.00","156.00","36930288","171.50","140.50"
"1151001","6763","綠界科技*","41.20","-0.10","41.25","41.70","41.20","86000","3553050","66","41.20","41.25","184039130","45.30","37.10"
"1151001","6767","台微醫","24.60","+0.10","23.80","24.60","23.80","15000","360700","10","24.05","24.75","39183630","27.05","22.15"
"1151001","6785","昱展新藥","95.30","+0.20","95.30","96.00","95.00","31000","2956700","31","95.00","95.90","66800000","104.50","85.80"
"1151001","6788","華景電","346.50","-2.50","351.00","353.00","344.50","151000","52523500","138","346.00","347.00","38739683","381.00","312.00"
"1151001","6791","虎門科技","100.50","+1.00","100.50","100.50","100.00","4000","401500","4","100.00","100.50","20847000","110.50","90.50"
"1151001","6803","崑鼎","267.00","0.00","268.50","268.50","266.00","37000","9853500","36","266.50","267.00","72794385","293.50","240.50"
"1151001","6804","明係","18.35","0.00","18.45","18.50","18.35","26000","479500","10","18.35","18.40","47500000","20.15","16.55"
"1151001","6811","宏碁資訊","243.50","+3.00","240.50","244.00","238.00","161000","38886000","124","243.00","244.00","41449000","267.50","219.50"
"1151001","6821","聯寶","42.25","-0.55","43.50","43.50","41.80","74000","3135450","64","42.25","42.30","35767479","46.45","38.05"
"1151001","6823","濾能","60.70","-0.10","61.10","62.40","60.70","12000","736100","12","61.10","61.40","30533920","66.70","54.70"
"1151001","6829","千附精密","205.00","-3.50","208.00","208.00","204.00","475000","97507500","416","205.00","205.50","59169000","225.50","184.50"
"1151001","6840","東研信超","99.30","+0.40","97.60","99.60","96.40","337000","32886100","247","99.20","99.30","30767284","109.00","89.40"
"1151001","6841","長佳智能","57.00","-1.80","58.90","59.30","56.80","602000","34679100","368","57.00","57.10","95223000","62.70","51.30"
"1151001","6843","進典","38.45","-0.10","39.25","39.25","38.00","14000","537250","11","38.10","38.40","33304000","42.25","34.65"
"1151001","6844","諾貝兒","57.40","-0.10","57.50","57.50","56.80","11000","628900","11","56.90","57.40","37428440","63.10","51.70"
"1151001","6846","綠茵","58.40","-0.10","59.20","59.20","58.00","6000","351000","5","58.00","58.40","27066039","64.20","52.60"
"1151001","6855","數泓科","----","---","----","----","----","0","0","0","112.00","114.00","23249716","125.00","103.00"
"1151001","6856","鑫傳","41.05","-0.95","41.10","41.55","41.05","10000","411450","8","41.00","41.60","28200000","45.15","36.95"
"1151001","6859","伯特光","120.50","0.00","119.50","121.50","119.50","26000","3121000","26","119.50","120.50","41588600","132.50","108.50"
"1151001","6865","偉康科技","27.65","-1.50","28.10","28.30","27.65","21000","588150","20","27.65","28.45","15840645","30.40","24.90"
"1151001","6870","騰雲","314.50","-9.00","324.00","324.50","314.50","81000","25772500","79","314.00","315.00","28462772","345.50","283.50"
"1151001","6872","浩宇生醫","23.00","-1.05","24.05","24.05","23.00","174000","4053000","89","23.00","23.45","70750511","25.30","20.70"
"1151001","6874","倍力","70.40","+0.60","70.00","71.30","69.90","13000","912900","13","70.20","70.50","24156200","77.40","63.40"
"1151001","6875","國邑*","31.30","-0.05","29.95","31.30","29.95","252000","7683200","160","30.90","31.35","129182804","34.40","28.20"
"1151001","6877","鏵友益","138.50","+12.50","138.50","138.50","138.50","157000","21744500","97","138.50","0.00","46967122","152.00","125.00"
"1151001","6881","潤德","215.00","+0.50","215.00","215.00","214.50","6000","1288000","6","214.00","215.00","15000000","236.50","193.50"
"1151001","6884","海柏特","31.40","+0.85","30.60","31.40","30.60","7000","215250","7","30.60","31.20","18390000","34.50","28.30"
"1151001","6894","衛司特","360.00","-1.00","361.50","363.50","358.50","28000","10113500","26","358.50","362.00","23800000","396.00","324.00"
"1151001","6895","宏碩系統","151.00","-0.50","151.50","152.00","143.00","27000","3966500","27","149.00","151.00","34100000","166.00","136.00"
"1151001","6899","創為精密","49.50","-0.30","49.40","49.50","49.30","11000","543700","11","49.35","49.55","42398491","54.40","44.55"
"1151001","6903","巨漢","316.00","+0.50","318.00","327.00","315.50","399000","127392500","370","315.50","316.00","66676000","347.50","284.50"
"1151001","6904","伯鑫","----","---","----","----","----","0","0","0","118.00","122.00","18500000","134.00","110.00"
"1151001","6907","雅特力-KY","198.50","+10.50","190.50","202.00","190.00","2919000","573617000","2184","198.00","198.50","62542400","218.00","179.00"
"1151001","6910","德鴻","26.80","-0.15","26.95","27.20","26.60","27000","723450","16","26.75","26.80","30521000","29.45","24.15"
"1151001","6913","鴻呈","129.00","+0.50","129.50","129.50","127.00","94000","12051500","81","128.50","129.00","43848863","141.50","116.50"
"1151001","6922","宸曜","221.00","0.00","225.00","225.00","218.00","81000","17838000","74","220.50","221.00","27155385","243.00","199.00"
"1151001","6925","意藍","72.10","-1.70","73.80","80.00","72.10","938000","70442900","795","72.10","72.20","20000300","79.30","64.90"
"1151001","6929","佑全","----","---","----","----","----","0","0","0","21.25","22.10","45090000","23.95","19.65"
"1151001","6945","圓祥生技","143.00","-5.50","147.50","148.00","142.50","535000","77343000","403","142.50","143.00","97531160","157.00","129.00"
"1151001","6953","家碩","252.50","+7.50","245.00","255.00","243.50","97000","24320000","88","251.00","253.00","30014600","277.50","227.50"
"1151001","6961","旅天下","47.65","-0.45","48.10","48.10","47.65","7000","334750","7","47.60","47.65","26834000","52.40","42.90"
"1151001","6967","汎瑋材料","71.50","+1.30","71.20","72.40","70.50","195000","13958800","150","71.00","71.60","30404477","78.60","64.40"
"1151001","6968","萬達寵物","41.45","0.00","41.45","41.45","41.20","45000","1863600","32","41.40","41.45","50436279","45.55","37.35"
"1151001","6971","惠民實業","23.30","-0.20","23.55","23.55","23.20","8000","187200","7","23.45","23.55","38668000","25.60","21.00"
"1151001","6982","大井泵浦","44.70","+0.60","44.50","45.20","44.40","21000","940400","19","44.45","44.80","40752381","49.15","40.25"
"1151001","6983","華洋精機","353.00","+5.00","351.50","364.00","350.00","87000","30879500","64","352.00","354.50","18020000","388.00","318.00"
"1151001","6986","和迅","44.00","-0.05","44.90","44.90","43.90","180000","7923500","52","43.95","44.05","52134000","48.40","39.60"
"1151001","6996","力領科技","169.50","0.00","169.50","170.00","169.00","16000","2712000","16","169.50","170.00","41997833","186.00","153.00"
"1151001","6997","博弘","----","---","----","----","----","0","0","0","66.50","67.40","22100500","73.70","60.30"
"1151001","7402","邑錡","100.50","-0.50","102.00","102.00","100.00","117000","11823500","87","100.50","101.00","35280646","110.50","90.50"
"1151001","7547","碩網","64.10","-0.70","65.10","68.00","64.00","239000","15647300","204","64.10","64.80","33963000","70.50","57.70"
"1151001","7556","意德士","262.50","-2.00","268.00","268.00","261.00","26000","6834000","24","261.00","263.50","29083868","288.50","236.50"
"1151001","7584","樂意","28.60","-0.10","28.60","28.60","28.60","7000","200200","6","27.85","28.55","17055469","31.45","25.75"
"1151001","7642","昶瑞機電","68.20","-0.30","68.50","68.50","67.40","8000","544600","8","68.20","68.30","30150000","75.00","61.40"
"1151001","7703","銳澤","205.00","+3.50","204.50","207.00","203.50","87000","17855500","79","205.00","205.50","34745000","225.50","184.50"
"1151001","7704","明遠精密","61.20","-0.20","61.60","61.70","61.00","28000","1715600","21","61.10","61.60","33769804","67.30","55.10"
"1151001","7708","全家餐飲","92.20","0.00","92.10","92.20","92.00","16000","1473800","16","92.10","92.20","25500000","101.00","83.00"
"1151001","7709","榮田","85.80","-0.50","88.00","88.10","85.30","81000","6980600","72","85.80","86.90","39102740","94.30","77.30"
"1151001","7712","博盛半導體","169.00","+8.00","163.00","169.50","163.00","357000","59714000","319","168.50","169.00","32561873","185.50","152.50"
"1151001","7713","威力德生醫","74.30","0.00","74.40","74.40","74.30","2000","148700","2","73.50","73.90","45478843","81.70","66.90"
"1151001","7714","創泓科技","169.50","-2.50","173.50","173.50","169.00","326000","55719500","269","169.00","169.50","21000000","186.00","153.00"
"1151001","7715","裕山","28.35","-0.05","28.75","28.75","28.30","33000","940100","26","28.30","28.65","32756500","31.15","25.55"
"1151001","7716","昱臺國際","23.95","+0.05","24.05","24.05","23.50","6000","142050","5","23.50","24.00","22500000","26.30","21.60"
"1151001","7717","萊德光電-KY","551.00","-53.00","599.00","600.00","547.00","1068000","603924000","903","551.00","553.00","24831518","606.00","496.00"
"1151001","7718","友鋮","46.00","+0.20","45.80","46.05","45.80","9000","413050","7","46.00","46.05","46356484","50.60","41.40"
"1151001","7723","築間","18.25","-0.15","18.40","18.40","18.25","4000","73250","4","18.25","18.40","49619550","20.05","16.45"
"1151001","7728","光焱科技","649.00","-18.00","685.00","714.00","647.00","145000","98598000","132","649.00","657.00","13992621","713.00","585.00"
"1151001","7734","印能科技","2795.00","+130.00","2705.00","2900.00","2680.00","378000","1059380000","362","2790.00","2795.00","28000000","3070.00","2520.00"
"1151001","7738","東聯互動","156.00","+0.50","155.50","156.50","155.00","11000","1714500","11","155.50","156.50","27355799","171.50","140.50"
"1151001","7743","金利食安","25.00","0.00","24.75","25.00","24.50","15000","373350","8","24.60","25.00","36483338","27.50","22.50"
"1151001","7744","崴寶","537.00","+14.00","531.00","538.00","519.00","68000","35951000","68","536.00","537.00","32076710","590.00","483.50"
"1151001","7747","昕奇雲端","111.50","0.00","111.50","111.50","111.50","301000","33561500","5","110.50","112.00","30168600","122.50","100.50"
"1151001","7751","竑騰","1630.00","+5.00","1615.00","1650.00","1570.00","93000","150055000","93","1630.00","1635.00","26888600","1790.00","1470.00"
"1151001","7753","星亞","35.70","+0.10","35.30","36.00","35.25","16000","570350","16","35.50","35.90","25000000","39.25","32.15"
"1151001","7757","金色三麥","89.20","-1.00","90.30","90.30","89.10","16000","1431100","16","89.20","89.90","24100000","98.10","80.30"
"1151001","7767","仁大資訊","----","---","----","----","----","0","0","0","46.30","46.55","30100000","50.90","41.70"
"1151001","7770","君曜","41.45","-1.15","41.80","41.80","41.40","10000","416650","9","41.45","42.20","30062053","45.55","37.35"
"1151001","7772","耀穎","184.00","+8.00","181.00","184.00","176.00","151000","27175500","122","183.50","184.00","26498600","202.00","166.00"
"1151001","7777","能率亞洲","38.25","+0.25","38.00","38.75","37.40","2935000","112125000","1636","38.25","38.30","202606250","42.05","34.45"
"1151001","7782","光速火箭","25.15","-0.10","25.15","25.15","25.15","1000","25150","1","25.15","25.30","23213000","27.65","22.65"
"1151001","7792","安葆","421.00","-3.00","416.00","430.50","410.00","359000","150771500","328","421.00","422.00","46662000","463.00","379.00"
"1151001","7794","宏碁智新","30.30","-0.30","30.35","30.35","30.00","39000","1175150","34","30.10","30.30","28000000","33.30","27.30"
"1151001","7805","威聯通","490.00","-4.00","492.00","492.00","489.50","40000","19619500","26","489.50","491.50","39750122","539.00","441.00"
"1151001","7810","捷創科技","235.00","0.00","236.00","242.00","235.00","214000","51033000","180","235.00","236.00","20250000","258.50","211.50"
"1151001","7811","民盛","73.50","0.00","73.50","73.50","73.50","5000","367500","1","73.50","74.40","33377000","80.80","66.20"
"1151001","7814","海昌生技","28.40","+0.15","28.25","28.60","28.25","16000","455050","11","28.25","28.60","45000000","31.20","25.60"
"1151001","7819","精誠金融","33.70","0.00","33.80","33.80","33.70","13000","438500","10","33.70","34.35","25263500","37.05","30.35"
"1151001","7820","立盈","110.00","-0.50","108.50","110.00","106.50","10000","1076500","10","107.00","108.50","37768096","121.00","99.00"
"1151001","7825","和亞智慧","85.60","+1.20","84.60","88.00","83.50","432000","37039700","300","85.60","85.90","25614500","94.10","77.10"
"1151001","7828","創新服務","1875.00","-10.00","1920.00","1940.00","1865.00","118000","221970000","105","1870.00","1875.00","40493911","2060.00","1690.00"
"1151001","7839","達人網","43.00","-0.20","43.20","43.50","42.50","21000","903050","17","43.00","43.50","15096025","47.30","38.70"
"1151001","7842","天能綠電","97.70","-0.60","98.20","98.20","97.00","3000","292900","3","96.10","97.80","18250000","107.00","88.00"
"1151001","7856","漢測","4300.00","+50.00","4240.00","4470.00","4115.00","494000","2138860000","464","4300.00","4325.00","33000000","4730.00","3870.00"
"1151001","8024","佑華","12.35","-0.20","12.55","12.75","12.30","51000","632200","39","12.30","12.35","45160100","13.55","11.15"
"1151001","8027","鈦昇","209.50","-12.50","225.00","225.00","207.00","8948000","1902328500","6578","209.50","210.00","112903169","230.00","189.00"
"1151001","8032","光菱","36.20","0.00","36.10","36.50","36.00","24000","868950","16","36.15","36.30","51810300","39.80","32.60"
"1151001","8034","榮群","19.95","-0.40","20.35","20.35","19.95","69000","1388450","53","19.95","20.10","56586353","21.90","18.00"
"1151001","8038","長園科","33.85","-0.75","34.60","34.65","33.75","133000","4541800","96","33.85","34.20","62278190","37.20","30.50"
"1151001","8040","九暘","95.40","-3.10","98.00","99.00","95.40","2757000","265424900","2037","95.40","95.50","96413874","104.50","85.90"
"1151001","8042","金山電","118.00","+6.50","112.00","122.00","112.00","11827000","1392855500","8348","117.50","118.00","142855368","129.50","106.50"
"1151001","8043","蜜望實","138.50","+8.00","132.00","142.00","132.00","6207000","861100500","4915","138.50","139.00","79907170","152.00","125.00"
"1151001","8044","網家","24.20","-0.10","24.35","24.55","23.95","286000","6913450","189","24.05","24.25","204768065","26.60","21.80"
"1151001","8047","星雲","51.00","+0.20","51.00","51.10","50.60","204000","10372000","89","51.00","51.10","41666343","56.10","45.90"
"1151001","8048","德勝","50.80","+0.20","50.80","51.00","50.70","60000","3050100","43","50.80","50.90","59436924","55.80","45.75"
"1151001","8049","晶采","24.80","+0.20","24.60","24.85","24.50","187000","4603150","97","24.75","24.80","118279808","27.25","22.35"
"1151001","8050","廣積","63.40","-0.20","64.10","64.30","62.60","1861000","117791000","1281","63.30","63.40","205204891","69.70","57.10"
"1151001","8054","安國","89.80","+1.20","89.00","92.50","88.90","2163000","196175700","1607","89.70","89.80","108732566","98.70","80.90"
"1151001","8059","凱碩","17.55","+0.40","17.15","17.70","17.15","62000","1084750","48","17.50","17.70","116466300","19.30","15.80"
"1151001","8064","東捷","143.50","-2.00","146.00","148.00","141.00","7934000","1143600500","5691","143.50","144.00","184817836","157.50","129.50"
"1151001","8066","來思達","14.95","-0.20","14.65","14.95","14.65","10000","148300","7","14.85","14.95","36642304","16.40","13.50"
"1151001","8067","志旭","12.00","-0.35","12.60","12.60","12.00","3000","36600","3","11.95","12.35","20700000","13.20","10.80"
"1151001","8068","全達","17.75","0.00","17.85","18.45","17.60","144000","2585250","102","17.75","17.80","80765949","19.50","16.00"
"1151001","8069","元太","144.00","0.00","144.00","145.00","143.50","4026000","581342500","2343","143.50","144.00","1154695380","158.00","130.00"
"1151001","8071","能率網通","22.00","-0.05","22.20","22.40","21.95","303000","6696200","174","22.00","22.05","60084283","24.20","19.80"
"1151001","8074","鉅橡","51.80","+0.20","52.00","52.20","51.60","188000","9746900","151","51.80","51.90","86974466","56.90","46.65"
"1151001","8076","伍豐","21.60","-0.20","21.80","21.80","21.55","342000","7404850","186","21.60","21.65","292213592","23.75","19.45"
"1151001","8077","洛碁","41.80","-0.35","41.80","41.80","41.80","1000","41800","1","41.20","43.05","21945669","45.95","37.65"
"1151001","8080","泰霖","28.00","+0.20","28.35","28.35","28.00","4000","112350","2","27.80","28.55","67163821","30.80","25.20"
"1151001","8083","瑞穎","156.50","+0.50","157.00","157.50","156.00","91000","14220500","69","156.00","157.00","35133193","172.00","141.00"
"1151001","8084","巨虹","24.20","-2.65","24.20","24.20","24.20","2403000","58152600","977","0.00","24.20","174754149","26.60","21.80"
"1151001","8085","福華","14.60","+0.20","14.15","14.90","14.15","141000","2041100","78","14.60","14.65","139983060","16.05","13.15"
"1151001","8086","宏捷科","115.00","+0.50","114.50","116.50","111.50","3834000","438309500","2275","115.00","115.50","196516123","126.50","103.50"
"1151001","8087","麗升能源","23.60","+0.80","22.85","24.30","22.85","21000","494850","21","23.40","23.90","38646042","25.95","21.25"
"1151001","8088","品安","43.65","-0.75","44.90","44.90","43.65","747000","32962500","456","43.65","43.95","60921749","48.00","39.30"
"1151001","8089","康全電訊","19.60","+0.10","19.45","19.60","19.20","68000","1320100","64","19.55","19.60","65998718","21.55","17.65"
"1151001","8091","翔名","215.50","-1.50","217.00","217.00","214.00","139000","29887000","128","215.00","216.00","56943651","237.00","194.00"
"1151001","8092","建暐","12.55","-0.05","12.60","12.60","12.50","28000","351650","21","12.55","12.70","57172325","13.80","11.30"
"1151001","8093","保銳","25.25","+1.60","23.80","25.25","23.80","24000","597150","12","25.20","25.25","56567567","27.75","22.75"
"1151001","8096","擎亞","87.50","-0.80","90.00","90.90","87.10","2942000","260043500","1906","87.50","87.70","149343066","96.20","78.80"
"1151001","8097","常珵","48.55","+0.05","48.00","48.90","47.90","105000","5106300","78","48.50","48.85","63802468","53.40","43.70"
"1151001","8099","大世科","60.30","+0.70","60.40","60.60","59.80","89000","5355100","55","60.10","60.30","100072800","66.30","54.30"
"1151001","8102","傑霖科技","59.00","-0.90","59.00","59.00","59.00","2000","118000","2","59.00","59.90","23358350","64.90","53.10"
"1151001","8107","大億金茂","11.80","-0.20","12.10","12.10","11.80","56000","667400","32","11.80","11.85","75000000","12.95","10.65"
"1151001","8109","博大","144.50","+9.50","136.00","145.50","136.00","1355000","193871500","947","144.00","144.50","82161236","158.50","130.50"
"1151001","8111","立碁","78.00","-1.30","79.30","80.50","78.00","5823000","460641100","3712","78.00","78.10","109102223","85.80","70.20"
"1151001","8121","越峰","34.65","+3.15","31.50","34.65","31.00","2873000","95462450","1386","34.65","0.00","212993743","38.10","31.20"
"1151001","8147","正淩","143.50","-15.00","152.00","153.00","143.00","984000","143993500","836","143.50","144.00","42086166","157.50","129.50"
"1151001","8155","博智","313.50","-2.50","316.00","327.00","310.00","762000","241036000","669","313.50","314.00","62555193","344.50","282.50"
"1151001","8171","天宇","20.70","-0.10","20.90","20.90","20.65","74000","1534950","62","20.65","20.70","112853326","22.75","18.65"
"1151001","8176","智捷","9.71","-0.05","9.73","9.77","9.67","31000","301270","26","9.71","9.76","71701000","10.65","8.74"
"1151001","8182","加高","44.25","+2.85","41.45","45.00","41.45","3689000","162269700","2726","44.20","44.25","107041215","48.65","39.85"
"1151001","8227","巨有科技","363.50","-7.00","379.50","384.50","342.00","11686000","4307787000","9111","363.50","364.00","39543000","399.50","327.50"
"1151001","8234","新漢","63.00","+0.40","63.00","63.60","62.80","279000","17631500","192","63.00","63.30","141226472","69.30","56.70"
"1151001","8240","華宏","60.20","+2.90","60.80","63.00","60.10","8403000","519898500","4972","60.20","60.30","100004414","66.20","54.20"
"1151001","8255","朋程","149.50","+2.50","148.50","150.00","147.50","325000","48393000","243","149.00","149.50","101961041","164.00","135.00"
"1151001","8272","全景軟體","63.90","-0.60","62.90","64.20","62.90","4000","253900","4","62.80","63.80","18997755","70.20","57.60"
"1151001","8277","商丞","15.50","0.00","15.50","15.55","15.25","171000","2622900","60","15.50","15.55","39500000","17.05","13.95"
"1151001","8279","生展","80.80","+2.80","77.60","81.60","77.60","44000","3510900","41","80.20","80.80","27100851","88.80","72.80"
"1151001","8284","三竹","67.60","-0.40","68.00","68.90","66.70","27000","1831100","18","67.50","67.80","47303000","74.30","60.90"
"1151001","8289","泰藝","51.00","+4.60","46.35","51.00","46.30","2488000","123466850","1688","51.00","0.00","68333765","56.10","45.90"
"1151001","8291","尚茂","28.35","-0.20","28.55","28.70","28.35","20000","571200","15","27.95","28.55","17478450","31.15","25.55"
"1151001","8299","群聯","2110.00","-40.00","2165.00","2165.00","2105.00","1789000","3792845000","1617","2105.00","2110.00","221337247","2320.00","1900.00"
"1151001","8342","益張","83.50","0.00","82.00","83.50","82.00","4000","329600","4","82.00","83.80","33536692","91.80","75.20"
"1151001","8349","恒耀","40.50","+0.10","40.40","40.50","40.00","189000","7606200","95","40.50","40.55","208821391","44.55","36.45"
"1151001","8349A","恒耀甲特","45.40","+0.05","45.40","45.40","45.40","2000","90800","2","45.40","45.60","10000000","49.90","40.90"
"1151001","8354","冠好","16.75","-0.15","16.85","17.20","16.75","92000","1553400","43","16.75","16.85","78532263","18.40","15.10"
"1151001","8358","金居","505.00","+10.00","500.00","521.00","500.00","17252000","8804470000","14018","505.00","506.00","252588000","555.00","454.50"
"1151001","8383","千附","67.90","-0.50","68.50","68.50","67.70","475000","32303500","360","67.80","68.00","113760482","74.60","61.20"
"1151001","8390","金益鼎","90.30","-0.10","90.40","91.20","89.90","211000","19093800","167","90.30","90.60","96116128","99.30","81.30"
"1151001","8401","白紗科","22.70","-0.05","22.70","22.70","22.60","24000","543150","16","22.65","22.75","70669058","24.95","20.45"
"1151001","8403","盛弘","18.90","-0.05","18.95","18.95","18.85","65000","1227600","46","18.90","18.95","137640343","20.75","17.05"
"1151001","8409","商之器","18.00","0.00","18.00","18.00","18.00","2000","36000","2","18.00","18.35","32000000","19.80","16.20"
"1151001","8410","森田","27.80","0.00","27.65","27.90","27.55","28000","774750","22","27.70","27.80","36589200","30.55","25.05"
"1151001","8415","大國鋼","35.55","+0.35","35.30","35.75","35.30","470000","16676600","250","35.50","35.55","1031500000","39.10","32.00"
"1151001","8416","實威","169.00","0.00","170.00","170.00","169.00","3000","508500","3","169.00","170.50","28210710","185.50","152.50"
"1151001","8421","旭源","13.00","+0.05","12.95","13.10","12.90","113000","1472650","54","13.00","13.05","63817140","14.30","11.70"
"1151001","8423","保綠-KY","18.00","-0.20","18.20","18.20","18.00","7000","127200","5","17.95","18.00","41714030","19.80","16.20"
"1151001","8424","惠普","----","---","----","----","----","0","0","0","70.10","70.30","36054368","77.30","63.30"
"1151001","8426","紅木-KY","20.65","0.00","20.45","20.65","20.35","18000","367600","13","20.55","20.65","50242500","22.70","18.60"
"1151001","8431","匯鑽科","64.70","-2.10","67.80","67.80","64.30","1153000","76058900","801","64.60","64.70","48778331","71.10","58.30"
"1151001","8432","東生華","50.70","0.00","50.60","50.90","50.50","32000","1623800","21","50.60","50.90","38398140","55.70","45.65"
"1151001","8433","弘帆","52.80","0.00","53.00","53.00","52.80","11000","581200","7","52.70","52.90","54506098","58.00","47.55"
"1151001","8435","鉅邁","53.30","-0.10","53.20","53.40","53.10","10000","533100","7","53.30","53.40","35200450","58.60","48.00"
"1151001","8436","大江","105.00","-1.50","106.50","106.50","105.00","218000","22982000","174","105.00","105.50","117728830","115.50","94.50"
"1151001","8437","大地-KY","10.60","+0.40","10.10","10.65","10.10","51000","531600","43","10.60","10.65","47014070","11.65","9.54"
"1151001","8440","綠電","20.20","-0.15","20.45","20.45","20.15","46000","929200","27","20.20","20.25","50255299","22.20","18.20"
"1151001","8444","綠河-KY","----","---","----","----","----","0","0","0","4.28","4.38","125104845","4.78","3.92"
"1151001","8446","華研","84.90","+0.10","84.80","85.00","84.60","11000","933200","11","84.90","85.00","52914405","93.30","76.50"
"1151001","8450","霹靂","14.30","0.00","14.05","14.30","14.05","16000","226600","14","14.20","14.25","51309947","15.70","12.90"
"1151001","8455","大拓-KY","22.10","0.00","22.80","22.80","22.10","3000","67000","3","22.10","22.80","25219056","24.30","19.90"
"1151001","8472","納維康","69.20","-0.30","70.00","70.00","62.60","181000","11721500","162","67.70","69.20","17735800","76.10","62.30"
"1151001","8477","創業家","14.20","+0.10","14.00","14.20","14.00","6000","85000","6","14.00","14.25","84170616","15.60","12.80"
"1151001","8489","三貝德","22.45","0.00","22.50","22.55","22.15","41000","915450","32","22.40","22.45","59948960","24.65","20.25"
"1151001","8905","裕國","34.50","-0.15","34.75","34.80","34.50","4000","138750","4","34.25","34.80","119440000","37.95","31.05"
"1151001","8906","花王","28.95","+0.35","28.95","28.95","28.95","1000","28950","1","28.50","28.85","44037370","31.80","26.10"
"1151001","8908","欣雄","40.20","-0.15","40.40","40.40","40.00","18000","723250","17","40.15","40.25","324764524","44.20","36.20"
"1151001","8916","光隆","41.00","-0.05","41.10","41.10","40.90","24000","983700","24","40.95","41.00","150384146","45.10","36.90"
"1151001","8917","欣泰","----","---","----","----","----","0","0","0","53.10","53.90","162652459","59.00","48.35"
"1151001","8921","沈氏","----","---","----","----","----","0","0","0","15.30","16.75","46592159","18.40","15.10"
"1151001","8923","時報","----","---","----","----","----","0","0","0","18.00","18.50","30375800","19.80","16.20"
"1151001","8924","大田","49.90","+0.45","49.50","50.00","49.50","35000","1739700","34","49.90","50.00","83800000","54.80","44.95"
"1151001","8927","北基","19.10","+0.35","18.80","19.10","18.75","164000","3104450","85","19.05","19.10","419068367","21.00","17.20"
"1151001","8928","鉅明","23.00","+0.05","23.15","23.20","22.75","7000","160800","7","22.90","23.05","50854015","25.30","20.70"
"1151001","8929","富堡","13.10","-0.10","13.05","13.10","13.05","7000","91650","5","13.05","13.10","50580862","14.40","11.80"
"1151001","8930","青鋼","28.70","-0.05","28.75","28.75","28.65","19000","544900","13","28.65","28.70","81809406","31.55","25.85"
"1151001","8931","大汽電","42.65","-0.60","43.00","43.00","42.65","16000","684700","15","42.65","42.75","122254862","46.90","38.40"
"1151001","8932","智通*","91.80","-0.80","92.60","93.50","91.80","719000","66402600","466","91.80","91.90","426013152","100.50","82.70"
"1151001","8933","愛地雅","4.60","+0.10","4.50","4.60","4.41","84000","381470","20","4.45","4.60","326724305","5.06","4.14"
"1151001","8935","邦泰","19.30","-0.35","19.75","20.00","19.00","159000","3077100","97","19.30","19.35","113495000","21.20","17.40"
"1151001","8936","國統","52.70","+0.10","52.80","53.30","52.40","1004000","53057900","590","52.70","52.80","248078157","57.90","47.45"
"1151001","8937","合騏*","25.50","-0.70","25.20","25.70","25.15","48000","1216800","41","25.20","25.50","431680272","28.05","22.95"
"1151001","8938","明安","52.20","-0.40","52.90","52.90","52.20","46000","2409200","36","52.10","52.30","156986490","57.40","47.00"
"1151001","8941","關中","43.95","+0.15","43.95","43.95","43.10","12000","521650","10","43.05","43.50","34972071","48.30","39.60"
"1151001","8942","森鉅","40.15","-0.05","40.80","40.80","40.05","105000","4222550","75","40.15","40.20","198842255","44.15","36.15"
"1151001","009806","台新標普500","13.81","+0.04","13.79","13.81","13.79","15000","207000","5","13.80","13.81","13661000","9999.95","0.01"
"1151001","009807","台新標普科技精選","18.05","+0.25","17.93","18.05","17.93","29000","521520","7","18.10","18.11","13760000","9999.95","0.01"
"1151001","009814","富邦標普500","11.46","+0.04","11.42","11.46","11.40","1227000","14012730","142","11.45","11.46","153076000","9999.95","0.01"
"1151001","009815","大華美國MAG7+","12.15","+0.22","11.97","12.15","11.97","3126000","37758930","716","12.15","12.16","417170000","9999.95","0.01"
"1151001","009822","華南永昌未來金融","9.33","-0.13","9.37","9.37","9.29","258000","2404300","75","9.33","9.35","68056000","9999.95","0.01"
"1151001","009823","群益S&P500","10.52","+0.05","10.47","10.52","10.46","4130000","43319720","628","10.52","10.53","328817000","9999.95","0.01"
"1151001","009825","聯邦美國金融創新","9.70","-0.08","9.77","9.77","9.60","411000","3972850","106","9.69","9.70","116208000","9999.95","0.01"
"1151001","9949","琉園","24.30","0.00","24.30","24.30","24.25","7000","170000","6","24.25","24.35","44860763","26.70","21.90"
"1151001","9950","萬國通","10.25","+0.05","10.30","10.30","10.15","22000","224350","11","10.15","10.25","167716000","11.25","9.23"
"1151001","9951","皇田","47.00","0.00","47.00","47.00","46.70","62000","2902200","45","46.95","47.00","73300000","51.70","42.30"
"1151001","9960","邁達康","37.50","-4.00","39.70","41.05","37.35","152000","5758400","113","37.50","37.80","33592500","41.25","33.75"
"1151001","9962","有益","10.35","0.00","10.45","10.50","10.30","101000","1046000","44","10.25","10.35","90220260","11.35","9.32"
"1151001","020001","富邦存股雙十N","----","---","----","----","----","0","0","0","28.69","28.76","40000000","31.55","25.83"
"1151001","020025","統一亞洲半導體N","41.02","+0.79","40.54","41.02","40.41","134000","5475810","12","41.20","41.50","200000000","9999.95","0.01"
"1151001","020033","統一恒生科期N","3.42","+0.05","3.42","3.42","3.42","1000","3420","1","3.36","3.42","200000000","9999.95","0.01"
"1151001","020035","元大上櫃ESG高息N","----","---","----","----","----","0","0","0","14.09","14.11","200000000","15.49","12.69"
"1151001","020040","元大上櫃ESG龍頭N","----","---","----","----","----","0","0","0","11.98","12.00","200000000","13.17","10.79"
"1151001","020041","兆豐半導體氣候N","21.13","-0.08","21.25","21.49","21.05","182000","3878660","26","21.11","21.12","40000000","23.24","19.02"
