日期,證券代號,證券名稱,成交股數,成交金額,開盤價,最高價,最低價,收盤價,漲跌價差,成交筆數
"1151005","00400A","主動國泰動能高息","49479634","811259179","16.20","16.54","16.19","16.52","0.7400","9712"
"1151005","00401A","主動摩根台灣鑫收","7913944","115687975","14.46","14.69","14.46","14.66","0.3200","1605"
"1151005","00402A","主動安聯美國科技","10388665","106787796","10.30","10.33","10.25","10.25","0.0100","1263"
"1151005","00403A","主動統一升級50","428617905","4892368864","11.26","11.50","11.26","11.44","0.3700","60110"
"1151005","00404A","主動聯博動能50","36649305","370064401","10.00","10.13","10.00","10.11","0.2300","3320"
"1151005","00405A","主動富邦台灣龍耀","195328993","1911378138","9.56","9.89","9.55","9.86","0.4400","20219"
"1151005","00406A","主動中信台灣收益","371300397","3806898097","10.13","10.33","10.12","10.31","0.0000","38938"
"1151005","00407A","主動凱基台灣","78683203","838412838","10.52","10.75","10.52","10.71","0.4700","9927"
"1151005","00408A","主動第一金優股息","4626213","50904763","10.90","11.06","10.90","11.03","0.3700","565"
"1151005","00409A","主動復華全球50","33699252","352205986","10.41","10.49","10.41","10.42","0.1200","3155"
"1151005","00410A","主動永豐科技趨勢","7198888","94432431","12.93","13.24","12.92","13.24","0.5700","1004"
"1151005","0050","元大台灣50","102872428","11921576082","115.75","116.15","115.25","115.95","3.1500","108438"
"1151005","0051","元大中型100","93603","14220828","151.20","153.15","151.20","152.45","2.1500","548"
"1151005","0052","富邦科技","25481014","1728150079","67.65","68.10","67.45","67.65","1.7000","15002"
"1151005","0053","元大電子","219470","57745671","266.25","266.25","262.05","263.00","7.4500","1268"
"1151005","0055","元大MSCI金融","967128","47380640","48.86","49.15","48.81","48.95","0.1000","4009"
"1151005","0056","元大高股息","45449253","2623948914","57.75","57.90","57.45","57.85","0.8000","35773"
"1151005","0057","富邦摩台","49863","17156849","344.30","344.60","343.65","343.65","7.7500","323"
"1151005","0061","元大寶滬深","155573","3567279","23.01","23.01","22.88","22.90","-0.1600","203"
"1151005","006203","元大MSCI台灣","26752","5580857","209.10","209.70","208.25","208.85","4.0000","314"
"1151005","006204","永豐臺灣加權","22652","5589129","246.70","247.80","246.70","247.80","6.3000","126"
"1151005","006205","富邦上証","367707","14321496","39.13","39.13","38.87","38.96","-0.0400","322"
"1151005","006206","元大上證50","15488","564903","36.69","36.69","36.32","36.52","0.0600","142"
"1151005","006207","復華滬深","234206","7152316","30.70","30.70","30.50","30.55","-0.0500","138"
"1151005","006208","富邦台50","4642212","1231693424","264.85","265.95","264.15","265.35","7.0500","12689"
"1151005","00625K","富邦上証+R","","","","","","","0.0000",""
"1151005","00631L","元大台灣50正2","276945557","11493638240","41.32","41.79","41.14","41.54","1.9600","64466"
"1151005","00632R","元大台灣50反1","189912903","1741870533","9.19","9.22","9.14","9.16","-0.2400","20741"
"1151005","00633L","富邦上証正2","786131","34269639","43.63","43.77","43.34","43.66","0.1800","178"
"1151005","00634R","富邦上証反1","87000","284570","3.28","3.28","3.27","3.27","-0.0200","12"
"1151005","00635U","期元大S&P黃金","4261428","181966584","42.90","42.90","42.52","42.62","-0.4600","5275"
"1151005","00636","國泰中國A50","658960","17188975","26.48","26.48","26.05","26.11","-0.0100","270"
"1151005","00636K","國泰中國A50+U","1700","13964","8.32","8.32","8.20","8.20","-0.1100","3"
"1151005","00637L","元大滬深300正2","5351047","96232421","17.98","18.07","17.88","18.01","0.0600","1024"
"1151005","00638R","元大滬深300反1","159900","1116675","6.98","7.00","6.97","6.99","-0.0200","12"
"1151005","00639","富邦深100","373400","5583814","15.00","15.00","14.93","14.98","0.0100","235"
"1151005","00640L","富邦日本正2","42341","4703548","110.80","111.35","110.80","111.05","1.7000","74"
"1151005","00641R","富邦日本反1","358570","1292452","3.62","3.62","3.60","3.62","-0.0100","45"
"1151005","00642U","期元大S&P石油","1301133","40315076","31.13","31.17","30.85","30.94","-0.8600","949"
"1151005","00643","群益深証中小","2368584","40242784","17.08","17.08","16.91","17.01","0.0500","108"
"1151005","00643K","群益深証中小+R","","","","","","","0.0000",""
"1151005","00645","富邦日本","166448","9768174","58.80","58.80","58.55","58.75","0.5500","302"
"1151005","00646","元大S&P500","3257158","251811233","77.35","77.50","77.15","77.25","0.0000","5316"
"1151005","00647L","元大S&P500正2","50715","7047566","139.40","139.60","138.60","138.75","0.4000","71"
"1151005","00648R","元大S&P500反1","5285601","20606631","3.91","3.91","3.89","3.90","-0.0200","69"
"1151005","00650L","復華香港正2","2009479","30406118","15.22","15.30","15.01","15.20","-0.0500","458"
"1151005","00651R","復華香港反1","136998","748988","5.47","5.50","5.46","5.46","0.0000","22"
"1151005","00652","富邦印度","264129","8174498","31.11","31.11","30.90","30.90","-0.2100","378"
"1151005","00653L","富邦印度正2","456312","18528250","40.86","40.87","40.45","40.66","-0.4400","138"
"1151005","00654R","富邦印度反1","82000","587320","7.16","7.18","7.16","7.18","0.0100","8"
"1151005","00655L","國泰中國A50正2","279938","8480873","30.45","30.45","30.12","30.30","0.1100","89"
"1151005","00656R","國泰中國A50反1","12700","78201","6.17","6.17","6.15","6.17","-0.0200","7"
"1151005","00657","國泰日經225","132498","10969549","81.90","82.95","81.90","82.60","1.8000","117"
"1151005","00657K","國泰日經225+U","200","5220","26.10","26.10","26.10","26.10","0.7400","2"
"1151005","00660","元大歐洲50","11969","542642","45.50","45.53","45.23","45.30","0.0600","84"
"1151005","00661","元大日經225","71527","6474568","90.05","90.85","90.05","90.45","1.7500","247"
"1151005","00662","富邦NASDAQ","6499702","820583479","126.45","126.50","125.80","125.80","0.2000","5001"
"1151005","00663L","國泰臺灣加權正2","7861567","945628937","120.00","121.00","119.15","120.05","5.5000","3739"
"1151005","00664R","國泰臺灣加權反1","33558228","49702567","1.49","1.49","1.47","1.48","-0.0300","1923"
"1151005","00665L","富邦恒生國企正2","9453815","79595994","8.47","8.49","8.33","8.46","-0.0300","803"
"1151005","00666R","富邦恒生國企反1","56000","534100","9.55","9.57","9.48","9.48","-0.0100","9"
"1151005","00668","國泰美國道瓊","98336","5848823","59.65","59.65","59.40","59.40","-0.3500","197"
"1151005","00668K","國泰美國道瓊+U","200","3746","18.73","18.73","18.73","18.73","0.1200","2"
"1151005","00669R","國泰美國道瓊反1","1396101","7560568","5.40","5.43","5.40","5.43","-0.0100","78"
"1151005","00670L","富邦NASDAQ正2","702801","152448580","217.45","217.75","215.35","215.45","2.0000","850"
"1151005","00671R","富邦NASDAQ反1","3552121","8211260","2.32","2.32","2.30","2.32","-0.0200","177"
"1151005","00673R","期元大S&P原油反1","21547712","232198738","10.76","10.84","10.71","10.80","0.2300","2225"
"1151005","00674R","期元大S&P黃金反1","91871","2706557","29.38","29.60","29.37","29.55","0.3400","43"
"1151005","00675L","富邦臺灣加權正2","2108634","768625758","363.20","366.85","361.50","364.45","16.9500","1938"
"1151005","00676R","富邦臺灣加權反1","8388436","42436772","5.08","5.09","5.04","5.07","-0.1300","883"
"1151005","00678","群益那斯達克生技","254476","10812822","42.65","42.65","42.43","42.48","-0.3900","176"
"1151005","00680L","元大美債20正2","12310368","70304982","5.71","5.73","5.69","5.70","0.0000","687"
"1151005","00681R","元大美債20反1","948130","21778821","23.00","23.05","22.91","23.05","0.0400","39"
"1151005","00682U","期元大美元指數","11023","232446","21.06","21.09","21.06","21.09","0.1400","3"
"1151005","00683L","期元大美元指正2","167090","3791251","22.49","22.73","22.49","22.73","0.1700","23"
"1151005","00684R","期元大美元指反1","151330","2227559","14.69","14.72","14.69","14.72","-0.0500","10"
"1151005","00685L","群益臺灣加權正2","267547775","3680475198","13.73","13.85","13.61","13.76","0.6400","38685"
"1151005","00686R","群益臺灣加權反1","6046793","5457939","0.91","0.91","0.90","0.90","-0.0200","378"
"1151005","00688L","國泰20年美債正2","2991545","17027884","5.69","5.71","5.68","5.68","0.0000","268"
"1151005","00689R","國泰20年美債反1","100120","2413900","24.11","24.11","24.11","24.11","-0.0600","3"
"1151005","00690","兆豐藍籌30","412893","35255524","83.85","85.90","83.85","85.80","2.8500","844"
"1151005","00692","富邦公司治理","1053747","105060820","99.40","99.90","99.15","99.55","2.3500","1485"
"1151005","00693U","期街口S&P黃豆","1115264","25974525","23.27","23.32","23.26","23.32","0.0900","176"
"1151005","00700","富邦恒生國企","628684","10334432","16.59","16.59","16.40","16.42","-0.1700","176"
"1151005","00701","國泰股利精選30","621166","25684404","41.59","41.88","41.01","41.02","-0.3000","736"
"1151005","00702","國泰標普低波高息","103906","2397212","23.07","23.13","23.07","23.12","-0.0300","86"
"1151005","00703","台新MSCI中國","24558","453956","18.50","18.51","18.46","18.50","0.0000","13"
"1151005","00706L","期元大S&P日圓正2","328285","6283240","19.16","19.22","19.06","19.10","-0.0200","130"
"1151005","00707R","期元大S&P日圓反1","2000","63800","31.90","31.90","31.90","31.90","0.0000","1"
"1151005","00708L","期元大S&P黃金正2","6143842","437063851","71.60","71.75","70.45","70.80","-1.9000","4956"
"1151005","00709","富邦歐洲","47967","1849035","38.60","38.62","38.39","38.46","-0.1400","262"
"1151005","00710B","復華彭博非投等債","142139","2632453","18.52","18.52","18.50","18.52","0.0000","71"
"1151005","00711B","復華彭博新興債","131361","1916240","14.58","14.60","14.57","14.60","0.0000","71"
"1151005","00712","復華富時不動產","147472818","1041944876","7.13","7.13","7.05","7.06","-0.1700","29045"
"1151005","00713","元大台灣高息低波","4827679","304033652","63.00","63.15","62.75","62.85","0.1500","4867"
"1151005","00714","群益道瓊美國地產","119109","2403646","20.21","20.21","20.16","20.16","-0.0700","114"
"1151005","00715L","期街口布蘭特正2","1990529","139205592","70.35","70.65","69.35","69.90","-0.8500","862"
"1151005","00717","富邦美國特別股","44176","640887","14.50","14.52","14.49","14.51","-0.0400","141"
"1151005","00728","第一金工業30","380889","27710562","71.95","73.10","71.95","72.75","1.9500","533"
"1151005","00730","富邦臺灣優質高息","244636","7369654","29.75","30.20","29.75","30.16","0.4200","453"
"1151005","00731","復華富時高息低波","588186","57696571","97.95","98.45","97.75","98.05","0.9000","236"
"1151005","00733","富邦臺灣中小","529127","40406421","75.95","76.75","75.95","76.35","1.7500","989"
"1151005","00735","國泰臺韓科技","1689692","189761521","111.65","112.50","111.65","112.20","2.0500","2090"
"1151005","00736","國泰新興市場","107305","3397992","31.77","31.77","31.66","31.76","0.3600","19"
"1151005","00737","國泰AI機器人","81312","3392151","41.62","41.81","41.62","41.63","0.0100","208"
"1151005","00738U","期元大道瓊白銀","2760516","133647593","48.57","48.72","48.13","48.22","-0.3200","1540"
"1151005","00739","元大MSCI A股","13113","344469","26.25","26.35","26.22","26.29","0.0000","108"
"1151005","00752","中信中國50","1086965","23764290","22.12","22.12","21.77","21.94","-0.0600","648"
"1151005","00753L","中信中國50正2","22909964","190592324","8.35","8.36","8.26","8.36","0.0300","3318"
"1151005","00757","統一FANG+","497240","71583186","144.40","144.40","143.55","143.60","-0.5000","2206"
"1151005","00762","元大全球AI","254509","31228436","123.65","123.65","122.35","122.35","-1.0500","595"
"1151005","00763U","期街口道瓊銅","919744","31754322","34.54","34.65","34.32","34.36","-0.1400","269"
"1151005","00770","國泰北美科技","473487","31545328","67.00","67.00","66.40","66.50","0.2500","624"
"1151005","00771","元大US高息特別股","17557","261947","14.95","14.97","14.88","14.89","-0.1200","35"
"1151005","00775B","台新投等債15+","83275","2460860","29.58","29.58","29.55","29.57","-0.0500","6"
"1151005","00783","富邦中証500","28233","752513","26.70","26.75","26.65","26.75","-0.0400","117"
"1151005","00830","國泰費城半導體","8434533","784674511","93.15","93.35","92.70","92.90","1.6500","11718"
"1151005","00850","元大臺灣ESG永續","558856","55467343","98.95","99.50","98.80","99.20","2.5000","1211"
"1151005","00851","台新全球AI","50747","3757575","74.20","74.50","73.80","73.95","0.1500","110"
"1151005","00852L","國泰美國道瓊正2","472120","15342445","32.59","32.59","32.40","32.41","-0.0800","154"
"1151005","00861","元大全球未來通訊","334252","30767115","91.80","92.30","91.80","91.95","1.5500","539"
"1151005","00865B","國泰US短期公債","8607780","421208913","49.13","49.15","48.85","48.94","-0.1900","1690"
"1151005","00875","國泰網路資安","204454","11979083","58.55","58.75","58.35","58.45","-0.1000","1719"
"1151005","00876","元大全球5G","511923","49273734","95.85","96.50","95.85","96.20","2.6000","948"
"1151005","00878","國泰永續高股息","29467642","1036849142","35.05","35.30","35.05","35.11","0.2200","23850"
"1151005","00881","國泰台灣科技龍頭","34134384","1854644909","53.90","54.65","53.90","54.45","1.7000","14150"
"1151005","00882","中信中國高股息","6052159","88960523","14.78","14.78","14.66","14.71","-0.0700","2437"
"1151005","00885","富邦越南","3614746","64068705","17.78","17.78","17.67","17.75","-0.0300","1477"
"1151005","00891","中信關鍵半導體","17509175","679055508","38.80","38.96","38.58","38.81","0.8600","7648"
"1151005","00892","富邦台灣半導體","7012607","310619870","44.00","44.40","44.00","44.40","1.0900","2054"
"1151005","00893","國泰智能電動車","1644729","77811480","46.99","47.38","46.99","47.23","0.9600","760"
"1151005","00894","中信小資高價30","1887963","99104313","51.95","52.85","51.90","52.75","2.2000","1505"
"1151005","00895","富邦未來車","864248","46174865","53.10","53.55","53.10","53.30","0.8000","477"
"1151005","00896","中信綠能及電動車","20155432","574830600","28.39","28.64","28.30","28.59","0.7000","4681"
"1151005","00897","富邦基因免疫生技","808976","11244666","13.93","13.93","13.87","13.87","-0.1400","383"
"1151005","00898","國泰基因免疫革命","213057","2528257","11.81","12.01","11.81","11.84","-0.0300","294"
"1151005","00899","FT潔淨能源","79071","1737435","21.95","22.00","21.91","21.95","0.0300","192"
"1151005","00900","富邦特選高股息30","7032295","137664852","19.49","19.63","19.49","19.49","0.1200","1701"
"1151005","00901","永豐智能車供應鏈","810812","40900080","49.87","50.50","49.87","50.20","1.4600","378"
"1151005","00902","中信電池及儲能","959041","12337954","12.81","12.89","12.81","12.86","0.2100","381"
"1151005","00903","富邦元宇宙","92581","2064732","22.34","22.34","22.26","22.26","-0.0800","168"
"1151005","00904","台新臺灣半導體30","3920299","176296103","44.90","45.08","44.71","44.99","0.9400","1853"
"1151005","00905","FT臺灣Smart","3123728","89377010","28.46","28.70","28.45","28.59","0.6800","1364"
"1151005","00907","永豐優息存股","1941240","34196035","17.79","17.79","17.56","17.57","-0.0900","823"
"1151005","00908","富邦入息REITs+","85148","1212795","14.26","14.26","14.23","14.25","-0.1000","121"
"1151005","00909","國泰數位支付服務","1805227","87310472","48.36","48.60","48.19","48.20","-0.2400","1479"
"1151005","00910","第一金太空衛星","819365","47735494","58.20","58.40","58.05","58.10","0.8000","1174"
"1151005","00911","兆豐洲際半導體","400910","23696321","59.05","59.55","59.00","59.15","1.0500","2399"
"1151005","00912","中信臺灣智慧50","1357271","50704247","37.57","37.57","36.98","37.41","1.0500","961"
"1151005","00913","兆豐台灣晶圓製造","3032089","166041119","55.05","55.25","54.40","54.55","0.5500","1386"
"1151005","00915","凱基優選高股息30","2704425","89486729","33.13","33.26","32.84","32.86","-0.1100","991"
"1151005","00916","國泰全球品牌50","378918","10155491","26.84","26.87","26.74","26.74","-0.0800","474"
"1151005","00917","中信特選金融","1625693","35696227","22.13","22.20","21.92","21.92","-0.2100","1587"
"1151005","00918","大華優利高填息30","37273710","1265394614","33.94","34.07","33.86","33.89","0.0800","17978"
"1151005","00919","群益台灣精選高息","68541371","2173367281","31.65","31.86","31.60","31.63","0.0800","41541"
"1151005","00920","富邦ESG綠色電力","147861","3758391","25.09","25.50","25.09","25.42","0.4300","285"
"1151005","00921","兆豐龍頭等權重","487107","11606505","23.75","23.91","23.73","23.87","0.3600","309"
"1151005","00922","國泰台灣領袖50","11231153","506253915","44.94","45.16","44.85","45.11","1.2500","6092"
"1151005","00923","群益台ESG低碳50","10354041","444544938","42.70","43.10","42.70","42.97","1.1700","3812"
"1151005","00924","復華S&P500成長","1299321","44285506","34.05","34.17","34.03","34.04","0.0300","1518"
"1151005","00926","凱基全球菁英55","565334","15048943","26.76","26.76","26.56","26.58","-0.0400","341"
"1151005","00927","群益半導體收益","60380170","2475707766","41.36","41.36","40.75","40.82","0.3000","23125"
"1151005","00929","復華台灣科技優息","32618605","980271614","30.00","30.15","29.97","30.05","0.3200","11596"
"1151005","00930","永豐ESG低碳高息","2415961","57944036","23.87","24.04","23.87","23.99","0.2400","739"
"1151005","00932","兆豐永續高息等權","398204","7015590","17.60","17.67","17.58","17.58","0.0200","234"
"1151005","00934","中信成長高股息","7449648","224560528","30.11","30.26","30.06","30.08","0.0700","2878"
"1151005","00935","野村臺灣新科技50","12220196","775958634","63.25","63.70","63.10","63.55","1.6000","7688"
"1151005","00936","台新永續高息中小","569931","12473897","21.79","21.96","21.79","21.80","0.0600","441"
"1151005","00938","凱基優選30","1187083","32111220","26.99","27.10","26.90","26.90","0.2500","235"
"1151005","00939","統一台灣高息動能","5280111","126537973","24.00","24.05","23.86","23.87","0.0000","1602"
"1151005","00940","元大台灣價值高息","14305651","189772369","13.23","13.31","13.22","13.26","0.0900","5041"
"1151005","00941","中信上游半導體","1578319","42734643","26.87","27.17","26.87","27.01","0.5700","969"
"1151005","00943","兆豐電子高息等權","2224598","47575754","22.05","22.05","21.30","21.36","0.1100","570"
"1151005","00944","野村趨勢動能高息","264548","5928817","22.37","22.46","22.25","22.28","0.0600","314"
"1151005","00945B","凱基美國非投等債","4571040","64840967","14.23","14.23","14.17","14.18","-0.0300","916"
"1151005","00946","群益科技高息成長","2596893","40474400","15.54","15.63","15.52","15.56","0.1200","946"
"1151005","00947","台新臺灣IC設計","20535032","845081271","40.81","41.40","40.81","41.30","0.8200","5829"
"1151005","00949","復華日本龍頭","461058","10274153","22.28","22.33","22.23","22.26","0.1100","387"
"1151005","00951","台新日本半導體","2869337","56671211","19.78","19.85","19.61","19.67","0.5000","851"
"1151005","00952","凱基台灣AI50","3164814","59447351","18.65","18.85","18.65","18.70","0.1800","609"
"1151005","00953B","群益優選非投等債","53018684","503130493","9.50","9.51","9.48","9.49","-0.0200","7950"
"1151005","00954","中信日本半導體","5743115","121235296","21.12","21.18","21.00","21.05","0.6200","1044"
"1151005","00956","中信日經高股息","366315","4852490","13.28","13.28","13.20","13.24","-0.0500","335"
"1151005","00960","野村全球航運龍頭","443399","10076503","22.79","22.80","22.63","22.72","0.1100","2390"
"1151005","00961","FT臺灣永續高息","61217693","806195620","13.12","13.22","13.12","13.14","0.0000","7904"
"1151005","00962","台新AI優息動能","10305154","157657212","15.26","15.34","15.26","15.29","0.1400","1927"
"1151005","00963","中信全球高股息","2628234","32236605","12.35","12.35","12.23","12.26","-0.0500","1055"
"1151005","00964","中信亞太高股息","2188836","32381218","14.80","14.84","14.77","14.78","0.0000","773"
"1151005","00965","元大航太防衛科技","1378072","35281202","25.62","25.70","25.54","25.54","0.0400","788"
"1151005","00971","野村美國研發龍頭","189978","3404314","17.85","18.01","17.85","17.92","0.0600","203"
"1151005","00972","野村日本動能高息","38613","821864","21.35","21.35","21.23","21.23","-0.1300","46"
"1151005","009800","中信NASDAQ","1459234","19933067","13.70","13.70","13.62","13.63","0.0200","661"
"1151005","009801","中信美國創新科技","550895","6511780","11.84","11.86","11.79","11.80","0.0100","298"
"1151005","009802","富邦旗艦50","9680806","196526146","20.19","20.37","20.19","20.30","0.3500","1796"
"1151005","009803","玉山市值動能50","7236572","161528321","22.24","22.37","22.20","22.35","0.5600","2458"
"1151005","009804","聯邦台精彩50","3716265","92099085","24.62","24.85","24.62","24.82","0.7200","852"
"1151005","009805","台新美國電力基建","8646950","131836461","15.21","15.28","15.20","15.26","0.0900","1828"
"1151005","009808","華南永昌優選50","172115","5677097","32.80","33.06","32.80","33.00","0.7200","86"
"1151005","009809","富邦淨零ESG50","69966","1331310","19.02","19.13","18.94","19.01","0.3200","93"
"1151005","00980A","主動野村臺灣優選","16962533","454641571","26.42","27.02","26.42","26.96","1.0900","3797"
"1151005","009810","玉山全球藍籌100","497125","10621142","21.45","21.45","21.33","21.34","0.0400","48"
"1151005","009811","統一美國50","1007107","13712803","13.59","13.66","13.59","13.60","0.0400","586"
"1151005","009812","野村日本東證","357830","4711438","13.22","13.22","13.12","13.13","0.0400","205"
"1151005","009813","貝萊德標普卓越50","1629851","18905879","11.63","11.63","11.57","11.57","0.0000","483"
"1151005","009816","凱基台灣TOP50","115388477","1960396160","16.93","17.04","16.93","16.99","0.4100","33142"
"1151005","009817","國泰日本不動產","2282610","19368000","8.62","8.62","8.46","8.48","-0.1400","1078"
"1151005","009818","華南永昌NASDAQxT","197224","4243669","21.51","21.55","21.45","21.45","0.0500","60"
"1151005","009819","中信數據及電力","5656058","55520581","9.76","9.87","9.76","9.79","0.0700","1401"
"1151005","00981A","主動統一台股增長","279313470","9091007952","32.21","32.76","32.21","32.65","1.2100","71639"
"1151005","00981T","平衡凱基雙核收息","2578199","30102720","11.68","11.69","11.64","11.67","0.0500","368"
"1151005","009820","元大納斯達克精選","9397107","100274279","10.70","10.71","10.63","10.63","0.0100","1016"
"1151005","009821","野村稀土關鍵資源","9179093","119871600","13.13","13.15","13.00","13.03","-0.0500","3853"
"1151005","009824","群益美國科技巨頭","4430018","47763646","10.78","10.85","10.73","10.74","0.0100","1089"
"1151005","009826","貝萊德世界股票","15433501","155050383","10.06","10.06","10.03","10.04","0.0100","3798"
"1151005","009827","玉山未來全球算力","2796814","29540652","10.54","10.63","10.53","10.54","0.1300","860"
"1151005","009828","中信台日韓PCB","75532672","843629092","11.01","11.24","11.01","11.17","0.4900","12222"
"1151005","009829","大華韓國KOSPI50","14033213","156299659","11.11","11.21","11.11","11.15","0.1100","1853"
"1151005","00982A","主動群益台灣強棒","37802454","927841572","24.38","24.70","24.34","24.67","0.8800","10552"
"1151005","00982D","主動富邦動態入息","681459","6333721","9.32","9.32","9.29","9.29","-0.0300","218"
"1151005","00982T","平衡兆豐台美動能","478163","7509442","15.42","15.78","15.42","15.70","0.2000","68"
"1151005","00983A","主動中信ARK創新","2129096","28510778","13.35","13.42","13.35","13.35","0.0900","395"
"1151005","00983D","主動富邦複合收益","676459","6470044","9.58","9.60","9.55","9.57","-0.0300","323"
"1151005","00984A","主動安聯台灣高息","9751811","156894736","15.97","16.15","15.97","16.10","0.3100","3013"
"1151005","00984D","主動聯博全球非投","18852694","181347778","9.66","9.66","9.60","9.62","0.0000","3443"
"1151005","00985A","主動野村台灣50","54670399","1343421101","24.72","24.80","24.42","24.58","0.5400","13899"
"1151005","00985B","群益ESG投等債0-5","16655044","167558807","10.08","10.08","10.05","10.07","-0.0300","1581"
"1151005","00986A","主動台新龍頭成長","481539","7301714","15.15","15.20","15.12","15.13","0.1100","180"
"1151005","00987A","主動台新優勢成長","6536501","119582335","18.09","18.45","18.08","18.34","0.6600","1455"
"1151005","00988A","主動統一全球創新","40842223","716767637","17.51","17.65","17.47","17.47","0.2100","9602"
"1151005","00989A","主動摩根美國科技","997840","18108839","18.17","18.20","18.06","18.06","-0.0100","207"
"1151005","00990A","主動元大AI新經濟","16149688","269145972","16.62","16.72","16.59","16.59","0.2000","4541"
"1151005","00991A","主動復華未來50","181342398","3507227915","19.15","19.50","19.13","19.47","0.7800","32548"
"1151005","00991B","貝萊德A級公司債","660989","9409816","14.27","14.29","14.21","14.21","-0.0600","56"
"1151005","00992A","主動群益科技創新","61227840","1230411520","19.97","20.23","19.90","20.21","0.8100","14031"
"1151005","00993A","主動安聯台灣","14990947","220259932","14.51","14.82","14.51","14.75","0.5500","2479"
"1151005","00994A","主動第一金台股優","23331955","427506389","18.06","18.44","18.05","18.36","0.8000","3132"
"1151005","00995A","主動中信台灣卓越","8320327","155983873","18.39","18.87","18.39","18.83","0.7300","1513"
"1151005","00996A","主動兆豐台灣豐收","19571455","299833514","15.26","15.42","15.21","15.35","0.4200","3537"
"1151005","00997A","主動群益美國增長","13823586","166568592","12.05","12.09","11.98","11.98","-0.0200","2674"
"1151005","00999A","主動野村臺灣高息","24331951","285349429","11.62","11.80","11.61","11.76","0.3600","3728"
"1151005","01001T","土銀富邦R1","32000","354730","11.11","11.11","11.08","11.09","-0.0200","9"
"1151005","01002T","土銀國泰R1","37000","470080","12.72","12.72","12.66","12.66","-0.0600","29"
"1151005","01004T","土銀富邦R2","12012","120362","9.99","10.15","9.99","10.00","0.0100","8"
"1151005","01007T","兆豐國泰R2","36000","405650","11.29","11.29","11.26","11.28","-0.0100","9"
"1151005","01009T","王道圓滿R1","1260000","6918890","5.54","5.56","5.45","5.49","-0.0800","58"
"1151005","01010T","京城樂富R1","107000","1069480","9.99","10.00","9.98","10.00","0.0000","10"
"1151005","020000","富邦特選蘋果N","","","","","","","0.0000",""
"1151005","020011","統一微波高息20N","","","","","","","0.0000",""
"1151005","020012","富邦行動通訊N","","","","","","","0.0000",""
"1151005","02001L","富邦蘋果正二N","171000","30248700","170.00","181.10","170.00","174.80","9.3500","86"
"1151005","020020","元大台股領航N","34000","1056680","30.89","31.20","30.89","31.20","1.0500","15"
"1151005","020028","元大特選電動車N","50000","1089340","21.68","21.84","21.68","21.75","0.6700","13"
"1151005","020029","元大ESG高股息N","5000","104750","21.00","21.00","20.75","20.75","-0.0900","3"
"1151005","020030","統一智慧電動車N","32000","710350","22.21","22.21","22.10","22.10","0.6400","3"
"1151005","020031","統一IC設計臺灣N","40000","478150","11.92","12.04","11.92","12.04","0.3700","6"
"1151005","020032","元大綠能N","","","","","","","0.0000",""
"1151005","020034","元大IC設計N","45000","789090","17.44","17.55","17.44","17.53","0.5600","5"
"1151005","020036","元大金融配息N","1000","11540","11.54","11.54","11.54","11.54","0.1400","1"
"1151005","020037","元大金融高股息N","28000","358190","12.85","12.85","12.78","12.78","0.0100","8"
"1151005","020038","元大ESG配息N","3000","48180","16.19","16.19","15.99","15.99","0.0000","3"
"1151005","020039","元大加權N","12000","190740","15.87","15.91","15.87","15.90","0.3800","11"
"1151005","1101","台泥","35720704","900036992","25.60","25.60","25.00","25.00","-0.3500","12331"
"1151005","1101B","台泥乙特","54789","2375421","43.30","43.40","43.05","43.35","-0.0500","23"
"1151005","1102","亞泥","5154626","181634068","35.80","35.80","35.05","35.15","-0.4500","2745"
"1151005","1103","嘉泥","238019","3119371","13.15","13.20","13.05","13.05","-0.1500","173"
"1151005","1104","環泥","400761","10639155","26.55","26.60","26.50","26.50","-0.0500","326"
"1151005","1108","幸福","112249","1247722","11.10","11.20","11.05","11.05","-0.1000","86"
"1151005","1109","信大","155673","2059177","13.25","13.30","13.15","13.20","-0.0500","508"
"1151005","1110","東泥","177272","2574653","14.40","14.70","14.35","14.35","0.0000","138"
"1151005","1201","味全","838421","9627660","11.55","11.55","11.40","11.40","-0.1500","801"
"1151005","1203","味王","32731","1415449","43.65","44.25","42.05","42.50","-0.4000","131"
"1151005","1210","大成","1210495","62154370","51.90","51.90","51.10","51.60","0.1000","1371"
"1151005","1213","大飲","2100","14929","7.02","7.20","7.02","7.20","0.1200","4"
"1151005","1215","卜蜂","668999","69725508","105.00","105.00","104.00","104.00","-1.0000","1213"
"1151005","1216","統一","9833552","716074706","73.30","73.30","72.60","72.70","0.0000","5457"
"1151005","1217","愛之味","430491","4267353","9.96","9.98","9.85","9.87","-0.0700","560"
"1151005","1218","泰山","362753","5239014","14.45","14.50","14.35","14.40","-0.0500","288"
"1151005","1219","福壽","250628","2826184","11.40","11.45","11.20","11.20","-0.2000","223"
"1151005","1220","台榮","118393","1286987","10.80","10.95","10.80","10.95","0.1500","99"
"1151005","1225","福懋油","123202","3002447","24.25","24.85","24.00","24.35","0.1500","146"
"1151005","1227","佳格","1406884","39154981","28.00","28.00","27.75","27.75","-0.2000","1111"
"1151005","1229","聯華","2011301","79990565","40.20","40.20","39.65","39.65","-0.3500","2243"
"1151005","1231","聯華食","697762","54948601","79.70","79.70","78.40","78.50","-0.8000","1487"
"1151005","1232","大統益","59672","9180273","153.50","154.50","153.50","153.50","0.0000","142"
"1151005","1233","天仁","8055","226344","28.00","28.20","28.00","28.00","0.0000","11"
"1151005","1234","黑松","175757","5719634","32.70","32.70","32.40","32.40","-0.2500","224"
"1151005","1235","興泰","35792","1137300","31.80","32.15","30.80","30.80","-0.9000","48"
"1151005","1236","宏亞","61577","1584332","26.30","26.45","25.40","25.50","-0.0500","155"
"1151005","1256","鮮活果汁-KY","26853","4512035","168.00","169.50","167.50","168.00","0.0000","391"
"1151005","1301","台塑","24980170","1718028068","69.30","69.60","67.80","68.50","0.2000","16695"
"1151005","1303","南亞","90932358","25292249616","270.00","286.00","266.50","286.00","26.0000","77943"
"1151005","1304","台聚","1730629","21797009","12.70","12.70","12.50","12.60","-0.1000","863"
"1151005","1305","華夏","1223237","15089534","12.55","12.55","12.25","12.35","-0.2000","657"
"1151005","1307","三芳","1106412","34130742","31.30","31.35","30.60","30.85","-0.4500","804"
"1151005","1308","亞聚","1079725","15433884","14.50","14.50","14.20","14.30","-0.1500","582"
"1151005","1309","台達化","1520300","21341787","14.30","14.30","13.90","14.05","-0.2500","885"
"1151005","1310","台苯","3452484","32765952","9.61","9.66","9.37","9.53","-0.0800","1886"
"1151005","1312","國喬","7774750","113969843","14.80","14.90","14.50","14.50","-0.2500","2717"
"1151005","1312A","國喬特","1000","22850","22.85","22.85","22.85","22.85","0.0000","1"
"1151005","1313","聯成","3462792","43540603","12.75","12.75","12.45","12.50","-0.1500","1193"
"1151005","1314","中石化","46188896","401584036","8.94","8.94","8.59","8.67","-0.2800","10431"
"1151005","1315","達新","84771","5832191","68.70","69.00","68.50","68.70","0.1000","192"
"1151005","1316","上曜","1940230","20146195","10.55","10.55","10.30","10.30","-0.2500","712"
"1151005","1319","東陽","1201367","93646725","78.90","78.90","77.70","77.80","-0.3000","1015"
"1151005","1321","大洋","67063","2175346","32.50","32.55","32.30","32.30","-0.0500","62"
"1151005","1323","永裕","78705","1690156","21.25","21.55","21.25","21.55","0.3000","65"
"1151005","1324","地球","60618","601251","9.91","9.95","9.90","9.91","0.0000","99"
"1151005","1325","恆大","182302","4697621","26.15","26.15","25.70","25.70","-0.2500","133"
"1151005","1326","台化","27123406","1944504979","71.70","73.00","70.90","71.60","-0.1000","28834"
"1151005","1337","再生-KY","298856","1321153","4.46","4.48","4.40","4.41","-0.0200","217"
"1151005","1338","廣華-KY","122115","1827529","15.40","15.40","14.80","14.95","-0.2500","111"
"1151005","1339","昭輝","88420","3772327","42.95","42.95","42.45","42.70","0.2000","88"
"1151005","1340","勝悅-KY","100973","526492","5.21","5.23","5.16","5.22","0.0100","142"
"1151005","1341","富林-KY","5071","300074","59.00","59.90","58.70","59.40","0.4000","10"
"1151005","1342","八貫","152371","15243955","100.00","101.00","99.80","99.80","-0.2000","220"
"1151005","1402","遠東新","6392829","178132991","28.20","28.20","27.70","27.75","-0.3000","3225"
"1151005","1409","新纖","24296690","617154190","25.20","25.85","24.90","25.30","0.3500","9950"
"1151005","1410","南染","41948","1006054","24.10","24.15","23.80","24.05","0.1000","113"
"1151005","1413","宏洲","18388","168498","9.22","9.23","9.08","9.10","-0.1300","15"
"1151005","1414","東和","145007","2489524","17.30","17.30","17.10","17.30","0.0500","115"
"1151005","1416","廣豐","438963","5171543","11.90","11.90","11.65","11.85","0.0000","260"
"1151005","1417","嘉裕","201612","1632226","8.12","8.14","8.06","8.12","-0.0100","121"
"1151005","1418","東華","30322","572692","19.60","19.60","18.30","18.70","0.3000","52"
"1151005","1419","新紡","35939","2352922","65.80","65.80","65.30","65.30","-0.3000","98"
"1151005","1423","利華","3033","105103","35.50","35.50","34.50","34.50","0.2000","19"
"1151005","1432","大魯閣","64767","969592","14.95","15.00","14.95","14.95","0.0000","278"
"1151005","1434","福懋","2063293","37090733","18.20","18.25","17.85","17.85","-0.3500","1238"
"1151005","1435","中福","11300","245380","21.70","22.00","21.50","21.50","-0.0500","27"
"1151005","1436","華友聯","166293","5929727","35.40","35.85","35.20","35.60","0.2500","173"
"1151005","1437","勤益控","139528","4376398","31.60","31.60","31.25","31.25","-0.3000","98"
"1151005","1438","三地開發","53017","1139242","21.45","21.60","21.35","21.50","0.1000","42"
"1151005","1439","雋揚","4120","117265","29.00","29.30","29.00","29.30","0.3000","202"
"1151005","1440","南紡","3080225","41719286","13.50","13.70","13.35","13.40","0.1000","1052"
"1151005","1441","大東","26755","265157","9.80","10.00","9.80","9.81","-0.0100","106"
"1151005","1442","名軒","411060","10817035","26.65","26.65","26.10","26.10","-0.6000","392"
"1151005","1443","立益物流","13277","305633","22.95","23.30","22.45","23.05","0.2000","21"
"1151005","1444","力麗","1425235","9750092","6.92","6.95","6.80","6.80","-0.1200","716"
"1151005","1445","大宇","93621","936450","10.05","10.05","9.98","9.98","-0.0200","51"
"1151005","1446","宏和","74766","1000910","13.45","13.45","13.35","13.35","-0.0500","47"
"1151005","1447","力鵬","1099224","7060912","6.51","6.51","6.39","6.41","-0.1300","670"
"1151005","1449","佳和","241667","2984096","12.55","12.55","12.30","12.35","0.0000","232"
"1151005","1451","年興","153834","2612756","17.00","17.10","16.90","17.00","-0.0500","106"
"1151005","1452","宏益","96709","1030216","10.70","10.75","10.60","10.60","-0.1000","93"
"1151005","1453","大將","56122","609745","10.95","11.05","10.75","10.90","-0.0500","86"
"1151005","1454","台富","23401","284153","12.20","12.25","12.05","12.05","-0.0500","95"
"1151005","1455","集盛","869674","8654488","10.10","10.10","9.87","9.87","-0.1300","793"
"1151005","1456","怡華","77001","1150013","15.05","15.30","14.80","14.85","-0.2500","42"
"1151005","1457","宜進","127103","1833722","14.45","14.50","14.30","14.30","-0.0500","87"
"1151005","1459","聯發","1209062","24836336","20.55","20.55","20.00","20.55","1.8500","2594"
"1151005","1460","宏遠","339464","2087360","6.20","6.21","6.11","6.12","-0.0800","227"
"1151005","1463","強盛新","18892","328982","17.45","17.55","17.30","17.50","0.0500","33"
"1151005","1464","得力","239425","2383184","9.99","10.00","9.93","9.93","-0.0600","245"
"1151005","1465","偉全","78150","913314","11.65","11.75","11.60","11.65","0.0000","88"
"1151005","1466","聚隆","254894","3660803","14.70","14.70","14.25","14.35","-0.2000","164"
"1151005","1467","南緯","595167","4986018","8.39","8.54","8.22","8.22","-0.4000","431"
"1151005","1468","昶和","428000","5625150","13.15","13.25","12.95","13.15","-0.0500","45"
"1151005","1470","大統新創","7010","171495","24.50","24.60","24.10","24.10","-0.4000","8"
"1151005","1471","首利","284764","2705033","9.43","9.64","9.43","9.45","0.0200","200"
"1151005","1472","三洋實業","65041","5687996","87.50","88.00","86.90","86.90","-0.6000","37"
"1151005","1473","台南","141586","2709312","19.15","19.20","19.05","19.10","-0.0500","747"
"1151005","1474","弘裕","379117","3734996","10.05","10.05","9.70","9.98","0.0000","224"
"1151005","1475","業旺","16435","428560","26.15","26.30","25.80","26.10","0.0000","20"
"1151005","1476","儒鴻","1709131","476161045","281.00","281.00","277.00","278.50","0.5000","2005"
"1151005","1477","聚陽","2063969","406136415","193.00","199.00","191.00","197.50","5.5000","2190"
"1151005","1503","士電","899353","177449489","199.00","199.00","196.00","196.00","-1.0000","1637"
"1151005","1504","東元","4664336","325333201","70.40","70.40","69.00","69.00","-0.7000","3842"
"1151005","1506","正道","160515","1567903","9.80","9.81","9.70","9.71","-0.1000","92"
"1151005","1512","瑞利","22075","138063","6.17","6.31","6.16","6.22","0.0500","27"
"1151005","1513","中興電","1909857","319470968","168.50","168.50","166.00","166.50","-1.0000","2705"
"1151005","1514","亞力","1071327","109864681","103.00","103.50","102.00","102.00","-0.5000","1470"
"1151005","1515","力山","870056","25058728","29.50","29.50","28.65","28.70","-0.5000","713"
"1151005","1516","川飛","52387","711475","13.30","13.80","13.30","13.75","0.4500","676"
"1151005","1517","利奇","392844","4040924","10.40","10.45","10.20","10.25","-0.1000","253"
"1151005","1519","華城","1102674","764683058","701.00","703.00","690.00","691.00","-1.0000","4879"
"1151005","1521","大億","19011","490630","25.85","25.95","25.70","25.70","-0.1000","16"
"1151005","1522","堤維西","419256","10849410","26.20","26.20","25.75","25.75","-0.4500","385"
"1151005","1524","耿鼎","358666","9241179","25.95","25.95","25.70","25.80","-0.0500","255"
"1151005","1525","江申","3531","224422","63.70","63.70","63.30","63.30","-0.4000","13"
"1151005","1526","日馳","65700","971753","15.00","15.00","14.70","14.85","-0.1500","82"
"1151005","1527","鑽全","130662","4286293","32.90","32.90","32.70","32.80","-0.2000","404"
"1151005","1528","恩德","3564709","87023522","25.00","25.00","24.10","24.15","-0.6000","3445"
"1151005","1529","樂事綠能","770075","12154144","16.10","16.10","15.60","15.65","-0.4000","692"
"1151005","1530","亞崴","23766","637600","26.80","27.05","26.70","26.70","0.0500","106"
"1151005","1531","高林股","171384","1971160","11.50","11.60","11.45","11.45","-0.0500","194"
"1151005","1532","勤美","915027","19884524","22.10","22.10","21.55","21.65","-0.4500","415"
"1151005","1533","車王電","109938","3326386","30.50","30.50","30.10","30.20","-0.3000","91"
"1151005","1535","中宇","26970","1220891","45.30","45.45","45.20","45.30","0.0000","41"
"1151005","1536","和大","1113558","51632249","46.85","46.85","46.10","46.10","-0.5500","1045"
"1151005","1537","廣隆","116650","13254366","113.50","114.00","113.50","113.50","-1.0000","177"
"1151005","1538","正峰","1591","12634","8.13","8.13","8.13","8.13","0.2300","5"
"1151005","1539","巨庭","33053","521230","15.85","15.95","15.60","15.65","0.0000","26"
"1151005","1540","喬福","183756","3501255","19.30","19.30","18.90","18.95","-0.2000","404"
"1151005","1541","錩泰","18015","376365","21.85","21.85","20.60","20.60","-0.2500","15"
"1151005","1558","伸興","72900","8075538","111.50","112.00","110.00","110.00","-1.5000","117"
"1151005","1560","中砂","1227306","1271654010","1020.00","1060.00","1010.00","1040.00","25.0000","3700"
"1151005","1563","巧新","470151","36261805","76.80","77.60","76.70","77.00","0.7000","479"
"1151005","1568","倉佑","368279","11646568","32.25","32.25","31.10","31.45","-0.6000","291"
"1151005","1582","信錦","551457","39806024","72.50","72.90","71.60","72.40","0.5000","620"
"1151005","1583","程泰","14000","640950","45.80","45.80","45.70","45.70","-0.1500","8"
"1151005","1587","吉茂","192915","4537439","23.85","23.85","23.40","23.40","-0.4500","168"
"1151005","1590","亞德客-KY","561654","667627800","1180.00","1205.00","1175.00","1180.00","0.0000","1205"
"1151005","1597","直得","1655396","244488491","149.00","151.50","144.50","145.50","-2.5000","1951"
"1151005","1598","岱宇","162747","3312010","20.50","20.55","20.25","20.35","-0.1500","250"
"1151005","1603","華電","179461","5452852","30.60","30.75","30.10","30.35","-0.2500","145"
"1151005","1604","聲寶","154777","3608593","23.30","23.40","23.25","23.25","0.0000","171"
"1151005","1605","華新","23323207","907260146","39.05","39.35","38.40","38.40","-0.3500","11052"
"1151005","1608","華榮","1554099","55970251","36.40","36.50","35.85","35.85","-0.4000","1437"
"1151005","1609","大亞","3514769","134839047","39.00","39.00","38.05","38.20","-0.3500","3052"
"1151005","1611","中電","661557","7465102","11.40","11.40","11.20","11.25","-0.1000","426"
"1151005","1612","宏泰","389026","13673661","35.20","35.30","35.00","35.00","-0.2000","332"
"1151005","1614","三洋電","74561","2307856","31.20","31.20","30.75","30.85","-0.1500","315"
"1151005","1615","大山","92209","3915179","42.50","42.80","42.25","42.25","-0.2500","112"
"1151005","1616","億泰","302548","5539507","18.55","18.55","18.20","18.30","-0.2500","201"
"1151005","1617","榮星","6613744","158389879","24.65","24.80","22.40","24.10","0.0000","4071"
"1151005","1618","合機","303551","11836694","39.45","39.45","38.80","38.90","-0.2500","274"
"1151005","1623","大東電","68859","13656750","200.00","200.00","197.50","198.00","-0.5000","122"
"1151005","1626","艾美特-KY","26494","255967","9.65","9.73","9.61","9.65","0.0000","64"
"1151005","1702","南僑","120387","3963938","33.15","33.15","32.75","32.80","-0.3500","179"
"1151005","1707","葡萄王","359919","30523253","85.20","85.20","84.60","84.60","-0.6000","691"
"1151005","1708","東鹼","7899714","448190541","56.70","57.80","55.90","56.80","0.6000","7752"
"1151005","1709","和益","19250830","1235486887","63.80","64.30","63.60","64.30","5.8000","3992"
"1151005","1710","東聯","9000978","157909655","17.35","17.75","17.05","17.50","0.3500","4051"
"1151005","1711","永光","21865293","983050656","44.00","47.00","42.65","44.20","1.2000","13744"
"1151005","1712","興農","400889","15904250","39.80","39.80","39.60","39.65","-0.1500","455"
"1151005","1713","國化","970272","43860607","43.80","46.30","43.55","44.80","2.1000","960"
"1151005","1714","和桐","49600892","906076772","17.50","18.50","17.25","18.50","1.6500","13785"
"1151005","1717","長興","11553798","867708486","75.10","76.40","74.20","74.60","0.4000","8562"
"1151005","1718","中纖","42928384","480179743","10.90","11.60","10.75","11.15","0.4000","11625"
"1151005","1720","生達","305488","17052149","56.10","56.10","55.60","55.80","-0.2000","356"
"1151005","1721","國慶科技","3390748","92857433","27.25","27.90","26.75","27.55","0.2000","2670"
"1151005","1722","台肥","2959615","121264890","41.30","41.30","40.85","40.85","-0.3000","2392"
"1151005","1723","中碳","313552","25226160","80.40","80.80","80.00","80.10","-0.3000","491"
"1151005","1725","元禎","398416","13822321","34.30","35.45","34.10","34.15","0.3000","467"
"1151005","1726","永記","31779","2424019","76.20","76.40","76.10","76.10","-0.1000","47"
"1151005","1727","中華化","22433842","2702511579","128.00","130.00","116.00","117.50","-5.5000","16702"
"1151005","1730","花仙子","48042","2458659","51.20","51.30","51.10","51.10","-0.1000","67"
"1151005","1731","美吾華","91388","1905200","20.85","20.90","20.80","20.80","0.0000","82"
"1151005","1732","毛寶","41014","1066363","26.10","26.10","25.95","26.00","-0.1000","40"
"1151005","1733","五鼎","111959","3403254","30.25","30.80","30.15","30.15","-0.1000","165"
"1151005","1734","杏輝","190051","6087551","31.95","32.10","31.85","32.10","0.0000","273"
"1151005","1735","日勝化","899047","21675366","23.90","24.35","23.10","24.35","2.2000","519"
"1151005","1736","喬山","738952","91789315","124.00","126.50","123.00","124.00","0.5000","588"
"1151005","1737","臺鹽","158616","4764843","30.10","30.15","29.95","30.00","0.0000","185"
"1151005","1752","南光","52638","1658898","32.00","32.00","31.30","31.30","-0.1500","73"
"1151005","1760","寶齡富錦","154482","8344390","54.90","54.90","53.80","53.90","-0.7000","166"
"1151005","1762","中化生","32699","1101936","33.70","33.95","33.60","33.70","-0.0500","84"
"1151005","1773","勝一","2509063","447592906","173.00","182.00","173.00","180.50","10.0000","2835"
"1151005","1776","展宇","60455","1108483","18.45","18.45","18.20","18.40","0.1500","47"
"1151005","1783","和康生","32749","1211249","37.05","37.15","36.70","36.90","-0.1500","47"
"1151005","1786","科妍","238648","9999194","42.80","42.80","41.50","41.50","-1.2000","285"
"1151005","1789","神隆","346126","6439191","18.80","18.80","18.50","18.50","-0.1000","251"
"1151005","1795","美時","632333","111707987","178.00","178.00","176.00","177.50","1.5000","1451"
"1151005","1802","台玻","23093784","1391651459","60.70","61.40","59.30","59.30","-0.2000","13942"
"1151005","1805","寶徠","39845","397995","10.00","10.05","9.95","9.96","-0.0200","66"
"1151005","1806","冠軍","141256","1117833","7.91","7.96","7.87","7.88","-0.0300","225"
"1151005","1808","潤隆","844067","26443807","31.60","31.70","31.15","31.35","-0.2500","660"
"1151005","1809","中釉","4735060","221827285","47.90","48.35","45.80","46.60","-0.9500","6957"
"1151005","1810","和成","1405333","33496928","24.20","24.20","23.70","23.70","-0.2500","865"
"1151005","1817","凱撒衛","15504","617168","39.85","39.85","39.75","39.75","-0.1000","36"
"1151005","1903","士紙","142154","6718201","47.30","47.60","47.05","47.05","-0.3000","191"
"1151005","1904","正隆","1408636","33960496","24.25","24.30","24.00","24.00","-0.2000","1328"
"1151005","1905","華紙","1783533","22725127","12.95","12.95","12.70","12.70","-0.1500","961"
"1151005","1906","寶隆","53031","569263","10.75","10.80","10.60","10.60","-0.0500","60"
"1151005","1907","永豐餘","875572","24207131","27.75","27.80","27.55","27.60","-0.3000","589"
"1151005","1909","榮成","2397212","24170832","10.20","10.20","10.00","10.00","-0.1000","637"
"1151005","2002","中鋼","26859457","507914169","19.10","19.10","18.85","18.90","-0.1000","8947"
"1151005","2002A","中鋼特","7140","266322","37.45","37.45","37.25","37.25","-0.2000","9"
"1151005","2006","東和鋼鐵","723099","62038971","86.60","86.60","85.20","85.80","-0.8000","2241"
"1151005","2007","燁興","151385","1052344","7.00","7.00","6.90","6.91","-0.0900","102"
"1151005","2008","高興昌","9124","278895","30.60","30.60","30.50","30.50","0.0000","12"
"1151005","2009","第一銅","1213551","47755138","39.70","39.70","39.20","39.20","-0.1000","841"
"1151005","2010","春源","910469","20466627","22.70","22.70","22.35","22.35","-0.2000","474"
"1151005","2012","春雨","40269","575274","14.25","14.40","14.20","14.20","0.0000","55"
"1151005","2013","中鋼構","29632","1224542","41.60","41.60","41.05","41.10","-0.3000","93"
"1151005","2014","中鴻","2253453","38283680","17.20","17.20","16.85","16.85","-0.2500","948"
"1151005","2015","豐興","134639","8639102","64.00","64.40","63.80","63.80","0.0000","118"
"1151005","2017","官田鋼","234208","2099405","9.07","9.07","8.90","8.93","-0.1000","280"
"1151005","2020","美亞","4703196","121584025","26.90","26.90","25.25","25.25","-1.6500","3306"
"1151005","2022","聚亨","164872","1193932","7.30","7.30","7.20","7.26","-0.0500","153"
"1151005","2023","燁輝","691501","9567665","14.00","14.00","13.80","13.80","-0.1000","450"
"1151005","2024","志聯","4305","56421","13.20","13.20","13.15","13.15","-0.1000","22"
"1151005","2025","千興","1647730","23015999","14.35","14.35","13.65","13.90","-0.4000","890"
"1151005","2027","大成鋼","10667229","517579025","48.45","49.30","47.85","47.90","-0.1500","5703"
"1151005","2028","威致","88855","1492797","17.00","17.00","16.60","16.80","-0.0500","110"
"1151005","2029","盛餘","407904","8957376","22.15","22.45","21.80","21.80","-0.5000","235"
"1151005","2030","彰源","10396704","393059839","39.75","39.75","36.70","36.90","-1.5000","6657"
"1151005","2031","新光鋼","586929","27037161","46.70","46.70","45.80","45.80","-0.8500","565"
"1151005","2032","新鋼","2399703","46190258","20.05","20.05","18.95","19.00","-1.0500","1319"
"1151005","2033","佳大","7940687","416222545","56.30","56.30","49.80","51.00","-0.2000","5200"
"1151005","2034","允強","4692948","112050572","24.30","24.65","23.40","23.50","-0.5000","2248"
"1151005","2038","海光","315836","4049108","12.90","13.00","12.65","12.65","-0.3000","234"
"1151005","2049","上銀","4839198","1688906702","336.00","357.00","335.50","345.50","13.0000","6408"
"1151005","2059","川湖","560379","7320650105","12500.00","13355.00","12450.00","13355.00","1210.0000","11766"
"1151005","2062","橋椿","124114","2229615","18.00","18.10","17.90","17.90","-0.1000","93"
"1151005","2069","運錩","1410035","35724834","26.15","26.25","24.80","24.80","-1.1500","1045"
"1151005","2072","世紀風電","370954","48065204","132.00","132.00","128.50","129.00","-4.0000","513"
"1151005","2101","南港","7537237","217258520","29.40","29.40","28.65","28.70","-0.6000","3927"
"1151005","2102","泰豐","342483","5647800","16.75","16.75","16.40","16.40","-0.3500","396"
"1151005","2103","台橡","3703862","105272316","28.35","28.80","27.80","28.60","0.4500","1845"
"1151005","2104","國際中橡","4890748","54747450","11.25","11.30","11.05","11.25","0.2500","1197"
"1151005","2105","正新","4018941","121844984","30.75","30.75","30.15","30.15","-0.3000","2288"
"1151005","2106","建大","744910","12318979","16.65","16.65","16.45","16.50","-0.1500","403"
"1151005","2107","厚生","258578","6993614","27.00","27.15","26.95","27.10","0.1500","200"
"1151005","2108","南帝","570162","16086901","28.35","28.40","28.10","28.10","-0.1500","459"
"1151005","2109","華豐","125006","1791974","14.40","14.45","14.25","14.25","-0.1000","95"
"1151005","2114","鑫永銓","27683","2490222","90.00","90.00","89.80","90.00","0.0000","40"
"1151005","2115","六暉-KY","30511","729351","23.75","24.10","23.70","23.90","0.0000","47"
"1151005","2201","裕隆","3032136","86610817","28.70","28.85","28.35","28.35","-0.3000","2157"
"1151005","2204","中華","1690168","86469801","51.80","51.80","50.90","51.10","-0.6000","1794"
"1151005","2206","三陽工業","582647","36401487","62.90","63.00","62.00","62.60","-0.2000","758"
"1151005","2207","和泰車","257966","132510061","521.00","521.00","510.00","510.00","-3.0000","797"
"1151005","2208","台船","5573000","103803866","18.90","18.95","18.45","18.45","-0.4000","2423"
"1151005","2211","長榮鋼","525528","41627609","79.50","79.60","79.00","79.00","-0.4000","564"
"1151005","2227","裕日車","27750","1232079","44.40","44.80","44.20","44.20","-0.2000","51"
"1151005","2228","劍麟","176605","13100028","75.00","75.00","73.90","74.10","-0.8000","530"
"1151005","2231","為升","280099","25942096","93.50","93.60","91.90","92.20","0.0000","286"
"1151005","2233","宇隆","392863","66729647","172.00","173.00","168.00","169.00","-1.0000","619"
"1151005","2236","百達-KY","1011719","101989139","107.50","107.50","98.00","98.00","-9.5000","1051"
"1151005","2237","華德動能-創","118587","3209690","27.05","27.25","26.90","26.95","0.1500","110"
"1151005","2239","英利-KY","91786","1703126","18.70","19.10","18.35","18.50","-0.4500","75"
"1151005","2241","艾姆勒","4031023","182142977","43.55","46.50","43.10","46.05","2.3000","3006"
"1151005","2243","宏旭-KY","957618","49332885","53.00","56.80","52.30","54.50","1.7000","589"
"1151005","2247","汎德永業","21221","4792762","225.50","226.50","225.00","226.00","-1.0000","244"
"1151005","2248","華勝-KY","31409","1901021","61.50","61.50","60.00","60.70","-0.3000","35"
"1151005","2250","IKKA-KY","64920","3589029","55.70","55.70","55.00","55.20","-0.6000","210"
"1151005","2254","巨鎧精密-創","2187298","206809916","94.50","95.00","94.10","94.80","0.5000","783"
"1151005","2258","鴻華先進-創","623609","19158264","31.00","31.20","30.45","30.50","-0.5000","372"
"1151005","2301","光寶科","29984591","8883116290","286.00","301.50","285.50","298.00","16.5000","31780"
"1151005","2302","麗正","16760325","825189031","47.35","50.90","47.35","49.85","3.3500","21003"
"1151005","2303","聯電","328772084","51160542375","164.50","165.00","152.00","152.50","-9.0000","240263"
"1151005","2305","全友","12758509","743457331","59.80","60.70","56.60","57.80","-2.4000","9394"
"1151005","2308","台達電","17838513","35323157340","1920.00","2010.00","1920.00","2005.00","120.0000","79659"
"1151005","2312","金寶","5703898","176110621","31.15","31.20","30.70","30.70","-0.1500","3306"
"1151005","2313","華通","51436246","12518539148","233.00","248.50","232.00","248.50","22.5000","44899"
"1151005","2314","台揚","86999","959166","10.95","11.10","10.95","11.10","0.1000","103"
"1151005","2316","楠梓電","2621525","452754055","172.00","176.00","169.50","171.50","1.0000","2917"
"1151005","2317","鴻海","52629375","13397868878","254.00","256.00","253.50","254.00","3.0000","32440"
"1151005","2321","東訊","36405","927524","25.50","25.50","25.35","25.35","-0.5000","50"
"1151005","2324","仁寶","43703092","1575970053","36.60","36.60","35.80","35.80","-0.4000","27050"
"1151005","2327","國巨*","67379604","43058996053","649.00","658.00","626.00","626.00","0.0000","96290"
"1151005","2328","廣宇","2608301","126055088","48.30","48.55","47.95","48.30","0.3500","1923"
"1151005","2329","華泰","4115875","187338129","46.00","46.25","45.00","45.00","0.0000","3613"
"1151005","2330","台積電","26800187","68799148330","2550.00","2580.00","2545.00","2575.00","75.0000","105264"
"1151005","2331","精英","933570","17738475","19.20","19.35","18.80","18.80","-0.2500","576"
"1151005","2332","友訊","7145358","145404008","20.70","20.70","20.00","20.15","-0.3000","3324"
"1151005","2337","旺宏","24536381","2964854358","122.50","122.50","119.50","121.50","-0.5000","18695"
"1151005","2338","光罩","7682582","377060728","50.30","50.30","48.20","48.20","-1.4500","7280"
"1151005","2340","台亞","21474354","1065391303","46.70","50.30","46.50","50.30","4.5500","8882"
"1151005","2342","茂矽","10795983","543489534","51.30","52.20","49.00","49.40","-1.9000","8264"
"1151005","2344","華邦電","90976614","16225709097","177.50","181.00","174.00","181.00","2.0000","65795"
"1151005","2345","智邦","6386760","13202826075","2070.00","2110.00","2015.00","2075.00","110.0000","23033"
"1151005","2347","聯強","3056330","297678213","98.70","98.70","96.30","97.00","-0.1000","3844"
"1151005","2348","海悅","467879","32725826","70.60","70.60","69.70","69.90","-0.7000","530"
"1151005","2348A","海悅甲特","32200","1230569","38.05","38.35","38.05","38.30","-0.0500","23"
"1151005","2349","錸德","2015466","20955647","10.60","10.60","10.35","10.35","-0.1500","634"
"1151005","2351","順德","6037296","1341609003","213.50","226.50","212.50","222.00","10.5000","6536"
"1151005","2352","佳世達","4972300","145343705","29.40","29.80","28.95","28.95","-0.2500","4094"
"1151005","2353","宏碁","12041524","380475985","31.75","32.00","31.40","31.40","0.0000","5096"
"1151005","2354","鴻準","14939250","977925113","66.30","66.90","64.20","64.40","-1.3000","10229"
"1151005","2355","敬鵬","6816305","302113545","44.00","45.00","43.45","44.65","1.3500","6528"
"1151005","2356","英業達","15023218","883631315","59.50","59.60","58.30","58.30","-0.7000","11539"
"1151005","2357","華碩","2807714","2776109183","975.00","995.00","968.00","995.00","33.0000","6543"
"1151005","2359","所羅門","2334175","300730162","130.50","131.50","127.00","127.00","-1.5000","2782"
"1151005","2360","致茂","2976742","6869753915","2225.00","2355.00","2215.00","2325.00","135.0000","8350"
"1151005","2362","藍天","629435","29360315","46.75","47.10","46.25","46.25","-0.4000","1266"
"1151005","2363","矽統","10146062","616409236","62.40","62.60","59.60","59.60","-2.8000","8752"
"1151005","2364","倫飛","177005","11489650","65.40","65.40","64.50","64.80","-0.7000","638"
"1151005","2365","昆盈","1067201","30079931","28.65","28.65","27.90","28.00","-0.4000","852"
"1151005","2367","燿華","31483475","1510359309","46.10","49.65","45.55","49.65","4.5000","21395"
"1151005","2368","金像電","7237447","8687803105","1160.00","1215.00","1160.00","1215.00","110.0000","14450"
"1151005","2369","菱生","4075640","129997806","32.50","32.65","31.55","31.60","-0.3500","2637"
"1151005","2371","大同","18642408","572413979","31.50","31.50","30.15","30.15","-0.9500","9347"
"1151005","2373","震旦行","22288","1170515","52.50","52.70","52.20","52.50","0.1000","49"
"1151005","2374","佳能","1735142","116304240","67.70","67.90","66.50","66.50","-0.6000","1821"
"1151005","2375","凱美","3717848","473202716","130.00","130.50","125.00","126.00","0.0000","3925"
"1151005","2376","技嘉","11355878","4399796022","377.00","394.00","375.50","388.50","15.0000","12772"
"1151005","2377","微星","7044488","1105604972","156.00","159.00","154.50","155.00","0.0000","7244"
"1151005","2379","瑞昱","2088058","1576101178","760.00","766.00","747.00","755.00","1.0000","4252"
"1151005","2380","虹光","51667","863394","17.00","17.00","16.50","16.60","-0.2500","152"
"1151005","2382","廣達","14036243","4660949065","335.00","336.00","330.00","331.00","-1.0000","18851"
"1151005","2383","台光電","1316051","7478860700","5630.00","5700.00","5600.00","5700.00","515.0000","14816"
"1151005","2385","群光","4126425","434904388","105.00","106.50","104.50","105.00","0.5000","2904"
"1151005","2387","精元","303009","10975798","36.50","36.50","36.05","36.15","-0.3500","270"
"1151005","2388","威盛","2743696","199195129","74.10","74.20","71.70","71.80","-1.4000","3504"
"1151005","2390","云辰","500084","5035676","10.20","10.20","10.00","10.05","-0.1000","305"
"1151005","2392","正崴","2111669","88595821","41.60","42.50","41.50","41.55","0.1500","1627"
"1151005","2393","億光","3705329","247569408","66.20","67.90","65.40","67.00","1.6000","2798"
"1151005","2395","研華","2579224","1909181486","735.00","746.00","725.00","740.00","24.0000","4287"
"1151005","2397","友通","548548","35847162","65.40","66.80","64.20","64.40","0.8000","457"
"1151005","2399","映泰","9795241","484444322","51.50","51.70","48.50","48.60","-2.6000","7434"
"1151005","2401","凌陽","6369118","173035083","28.00","28.00","26.50","26.65","-0.6500","3284"
"1151005","2402","毅嘉","2105761","124385138","59.80","59.90","58.00","59.00","-0.1000","2129"
"1151005","2404","漢唐","1938856","2530834525","1300.00","1325.00","1280.00","1310.00","25.0000","5999"
"1151005","2405","輔信","1245035","18964141","15.50","15.50","15.10","15.15","-0.2000","609"
"1151005","2406","國碩","9148067","287098818","31.50","31.85","30.85","31.45","0.2500","5197"
"1151005","2408","南亞科","42326713","22229040725","521.00","534.00","512.00","530.00","4.0000","48857"
"1151005","2409","友達","965082115","39398949082","41.55","43.55","39.00","39.05","-1.4000","356424"
"1151005","2412","中華電","8515486","1239700787","147.00","147.00","144.00","145.50","-0.5000","5047"
"1151005","2413","環科","8344142","454221964","53.10","56.20","51.90","55.30","3.0000","6327"
"1151005","2414","精技","147039","7789907","53.20","53.20","52.50","53.10","0.3000","139"
"1151005","2415","錩新","181279","5023599","27.55","28.05","27.50","27.90","0.5000","424"
"1151005","2417","圓剛","520001","20169328","39.20","39.30","38.50","38.50","-0.5000","498"
"1151005","2419","仲琦","3182143","88204778","28.15","28.25","27.35","27.60","-1.7000","2923"
"1151005","2420","新巨","413342","24115780","58.30","59.00","57.60","57.70","-0.5000","710"
"1151005","2421","建準","3627253","615899818","167.00","172.00","167.00","169.50","3.5000","3830"
"1151005","2423","固緯","84325","6150240","73.10","73.80","72.00","72.60","0.8000","86"
"1151005","2424","隴華","43424","373366","8.28","8.88","8.27","8.60","0.1800","40"
"1151005","2425","承啟","523513","19658717","38.30","38.30","37.25","37.25","-0.7500","1141"
"1151005","2426","鼎元","27454253","3091489342","108.00","114.00","108.00","114.00","10.0000","14673"
"1151005","2427","三商電","848121","19498574","23.50","23.50","22.60","22.80","-0.6000","1314"
"1151005","2428","興勤","1269811","336639635","268.00","269.50","261.50","262.00","-1.0000","2534"
"1151005","2429","銘旺科","377825","11412042","30.65","30.65","30.05","30.05","-0.6000","352"
"1151005","2430","燦坤","53359","944025","17.95","17.95","17.50","17.50","-0.4500","244"
"1151005","2431","聯昌","73877","741727","10.15","10.15","10.00","10.00","-0.1500","97"
"1151005","2432","倚天酷碁-創","16296","450499","27.55","27.75","27.40","27.70","0.1500","15"
"1151005","2433","互盛電","32447","1297277","40.00","40.00","39.90","40.00","0.0000","44"
"1151005","2434","統懋","430500","26924288","63.20","64.90","61.20","61.20","-1.8000","502"
"1151005","2436","偉詮電","7263426","544960673","76.60","77.00","73.20","73.20","-2.8000","7914"
"1151005","2438","翔耀","101117","1978168","19.75","20.10","19.40","20.10","0.1000","152"
"1151005","2439","美律","1528057","115322123","76.40","76.50","75.00","75.30","-0.4000","1413"
"1151005","2440","太空梭","294607","4275449","14.55","14.65","14.40","14.50","-0.0500","152"
"1151005","2441","超豐","3434661","430527246","128.50","129.00","123.50","124.00","-2.5000","3461"
"1151005","2442","新美齊","1307835","18344593","14.30","14.30","13.95","14.00","-0.2000","839"
"1151005","2444","兆勁","5517237","91827065","17.40","17.80","16.00","16.20","-0.3000","2800"
"1151005","2449","京元電子","18711413","5560098682","300.50","303.50","294.00","294.00","-1.5000","27058"
"1151005","2450","神腦","111053","3135627","28.30","28.30","28.15","28.15","-0.0500","149"
"1151005","2451","創見","1846095","533893474","290.00","292.00","284.00","289.50","-0.5000","2332"
"1151005","2453","凌群","215572","11516835","53.80","53.80","53.20","53.20","-0.3000","222"
"1151005","2454","聯發科","7580538","38606572956","4980.00","5165.00","4980.00","5165.00","215.0000","54132"
"1151005","2455","全新","2369279","1411804426","590.00","607.00","575.00","606.00","26.0000","4958"
"1151005","2457","飛宏","1005382","22482885","22.60","22.65","22.15","22.20","-0.2500","782"
"1151005","2458","義隆","3162450","421748936","135.50","135.50","132.00","134.00","-4.0000","3279"
"1151005","2459","敦吉","104965","6814958","65.20","65.30","64.70","64.90","0.1000","74"
"1151005","2460","建通","236341","7215204","30.80","31.10","30.30","30.50","-0.3000","264"
"1151005","2461","光群雷","545276","9330515","17.35","17.40","16.90","16.95","-0.4000","335"
"1151005","2462","良得電","946938","19274579","20.00","21.20","19.80","20.70","0.9000","591"
"1151005","2464","盟立","23185762","4580093526","200.00","209.50","191.00","191.00","-4.5000","21457"
"1151005","2465","麗臺","1502240","138465465","93.30","93.50","90.90","90.90","-2.0000","3652"
"1151005","2466","冠西電","4574285","692280844","150.00","155.00","145.00","155.00","14.0000","3075"
"1151005","2467","志聖","1316432","756656489","561.00","587.00","557.00","577.00","25.0000","3293"
"1151005","2468","華經","4568867","193477013","43.65","43.90","41.30","41.50","-3.8500","3751"
"1151005","2471","資通","221987","11306339","52.00","52.00","50.70","50.70","-0.7000","235"
"1151005","2472","立隆電","3396416","783502330","236.00","237.50","227.00","227.00","-2.0000","6191"
"1151005","2474","可成","1470531","304142179","208.00","208.00","206.00","207.00","0.0000","1910"
"1151005","2476","鉅祥","1813978","230554025","127.50","128.50","125.50","128.50","2.5000","1664"
"1151005","2477","美隆電","44133","1004172","22.75","22.85","22.65","22.65","-0.1000","189"
"1151005","2478","大毅","4763714","611523429","130.00","132.00","126.00","126.50","-0.5000","3607"
"1151005","2480","敦陽科","779252","128547686","161.00","170.00","159.50","166.50","5.0000","904"
"1151005","2481","強茂","55982783","10408591354","178.50","191.50","178.50","180.50","6.0000","42419"
"1151005","2482","連宇","102739","1675744","16.30","16.50","16.15","16.30","0.1000","190"
"1151005","2483","百容","3931690","155442445","38.00","40.70","37.40","40.70","3.7000","2521"
"1151005","2484","希華","34032579","3034548880","87.50","94.80","85.70","86.40","-0.1000","27571"
"1151005","2485","兆赫","18380592","805159898","41.95","45.30","41.45","44.60","3.3000","13425"
"1151005","2486","一詮","4968816","1237315003","248.00","253.00","245.00","247.00","2.0000","5516"
"1151005","2488","漢平","48661","2374752","48.90","49.30","48.70","48.95","0.1000","66"
"1151005","2489","瑞軒","16344152","666943351","41.65","42.05","40.15","40.40","-0.7500","10857"
"1151005","2491","吉祥全","1098103","44365962","41.65","41.70","39.80","40.05","-1.4000","804"
"1151005","2492","華新科","95779681","36247880780","377.50","396.00","365.00","368.50","7.0000","94979"
"1151005","2493","揚博","3344745","685314118","200.00","211.00","197.50","208.00","11.5000","3796"
"1151005","2495","普安","1018022","39399317","39.00","39.10","38.35","38.45","0.0500","850"
"1151005","2496","卓越","16811","919995","55.10","55.10","54.60","54.80","-0.3000","45"
"1151005","2497","怡利電","227595","10049126","44.20","44.55","43.60","44.05","0.0000","215"
"1151005","2498","宏達電","6643820","283030793","42.90","43.20","42.05","42.05","-0.8500","4348"
"1151005","2501","國建","4573493","93720751","20.90","20.90","20.30","20.35","-0.5000","2142"
"1151005","2504","國產","2068731","63595982","30.65","31.05","30.45","30.95","0.3000","993"
"1151005","2505","國揚","673687","11359602","16.90","17.00","16.75","17.00","0.0000","312"
"1151005","2506","太設","141707","1185702","8.49","8.49","8.33","8.38","0.0000","118"
"1151005","2509","全坤建","157661","2209439","14.00","14.20","13.95","13.95","-0.1500","115"
"1151005","2511","太子","852278","7042588","8.28","8.29","8.25","8.25","-0.0300","372"
"1151005","2514","龍邦","116391","1319577","11.40","11.55","11.25","11.25","-0.1000","193"
"1151005","2515","中工","4658417","55131522","11.90","11.90","11.80","11.80","-0.1000","1359"
"1151005","2516","新建","190050","2847451","15.05","15.15","14.80","14.85","-0.2000","208"
"1151005","2520","冠德","812445","29750762","36.95","36.95","36.45","36.65","-0.3000","575"
"1151005","2524","京城","103064","3493220","34.30","34.60","33.65","33.65","-0.6500","175"
"1151005","2527","宏璟","1783278","92895814","50.90","53.30","50.80","51.80","2.2500","1974"
"1151005","2528","皇普","611674","11651911","19.25","19.40","18.95","19.05","-0.2000","266"
"1151005","2530","華建","859790","17079578","20.05","20.05","19.70","19.85","-0.2000","408"
"1151005","2534","宏盛","306564","5098600","16.70","16.85","16.55","16.55","-0.1500","446"
"1151005","2535","達欣工","282947","24958445","88.70","88.80","87.90","88.30","-0.2000","386"
"1151005","2536","宏普","695345","12800260","18.95","18.95","18.25","18.35","-0.4500","456"
"1151005","2537","聯上發","2215567","24177858","11.05","11.05","10.90","10.90","-0.1500","463"
"1151005","2538","基泰","651642","5707356","8.86","8.87","8.66","8.67","-0.2000","373"
"1151005","2539","櫻花建","1734846","58306555","33.90","34.05","33.45","33.50","-0.5000","1517"
"1151005","2540","愛山林","501650","23969022","48.00","48.50","47.40","47.45","-0.7000","1759"
"1151005","2542","興富發","11966350","456839997","38.85","38.85","38.00","38.05","-0.7000","7982"
"1151005","2543","皇昌","850025","32424852","38.50","38.50","38.00","38.05","-0.3000","847"
"1151005","2545","皇翔","154729","5285895","34.00","34.35","33.95","34.00","0.0500","146"
"1151005","2546","根基","132066","14040738","105.50","107.00","105.50","106.00","1.0000","314"
"1151005","2547","日勝生","2078970","20119307","9.76","9.76","9.64","9.66","-0.1000","740"
"1151005","2548","華固","1389170","127435995","92.30","92.30","91.50","91.50","-1.0000","1633"
"1151005","2597","潤弘","358943","58917031","166.50","166.50","163.50","163.50","-2.0000","572"
"1151005","2601","益航","8488264","54496294","7.01","7.02","6.36","6.45","0.0000","5080"
"1151005","2603","長榮","9022467","2126958989","240.50","240.50","234.00","234.50","-5.5000","9937"
"1151005","2605","新興","5673765","200011926","35.85","35.90","35.05","35.15","-0.6000","3590"
"1151005","2606","裕民","2327013","173888468","75.90","75.90","74.20","74.30","-1.6000","3491"
"1151005","2607","榮運","215273","11477710","53.60","53.70","53.10","53.20","-0.3000","204"
"1151005","2608","嘉里大榮","174204","5012666","28.80","28.95","28.70","28.70","-0.1000","173"
"1151005","2609","陽明","13578075","800375322","59.50","59.60","58.70","58.70","-1.0000","8567"
"1151005","2610","華航","13717252","277028554","20.40","20.40","20.10","20.10","-0.2500","4588"
"1151005","2611","志信","2301610","34883822","14.45","15.65","14.45","15.20","0.9000","1391"
"1151005","2612","中航","266613","16482913","63.10","63.10","61.40","61.60","-1.3000","591"
"1151005","2613","中櫃","287076","6289520","22.15","22.15","21.80","21.85","-0.3000","647"
"1151005","2614","東森","4823107","91320840","19.50","19.50","18.75","19.10","-0.1500","4130"
"1151005","2615","萬海","7837690","875083381","114.00","114.00","110.50","110.50","-2.5000","6404"
"1151005","2616","山隆","151710","2001207","13.20","13.25","13.15","13.15","-0.0500","236"
"1151005","2617","台航","1352313","43348011","31.60","32.40","31.50","32.10","0.5500","927"
"1151005","2618","長榮航","9545947","401585447","42.70","42.70","41.90","41.90","-0.4500","5192"
"1151005","2630","亞航","757915","35124001","47.00","47.00","46.15","46.15","-0.6500","726"
"1151005","2633","台灣高鐵","2987577","76784126","25.85","25.85","25.65","25.65","-0.1000","1511"
"1151005","2634","漢翔","10287198","673085624","67.00","67.00","64.60","64.60","-1.4000","10264"
"1151005","2636","台驊控股","247581","17422792","70.80","70.80","70.10","70.20","-0.6000","288"
"1151005","2637","慧洋-KY","1186635","116652097","99.60","99.60","97.70","97.70","-1.1000","1850"
"1151005","2642","宅配通","49091","991362","20.25","20.30","20.10","20.15","-0.1000","75"
"1151005","2645","長榮航太","1203973","207656220","174.00","174.00","171.50","172.00","-1.5000","1737"
"1151005","2646","星宇航空","2990124","60044523","20.15","20.20","20.05","20.05","-0.0500","2042"
"1151005","2701","萬企","50718","520114","10.25","10.35","10.20","10.20","-0.0500","53"
"1151005","2702","華園","32446","395419","12.30","12.30","12.10","12.10","-0.1000","69"
"1151005","2704","國賓","110107","4936051","44.95","45.35","44.50","44.60","-0.3500","214"
"1151005","2705","六福","156137","2351542","15.10","15.10","15.00","15.05","-0.0500","142"
"1151005","2706","第一店","97903","1185778","12.10","12.20","12.05","12.05","-0.0500","66"
"1151005","2707","晶華","90736","15871740","175.00","175.50","174.50","174.50","-0.5000","233"
"1151005","2712","遠雄來","21696","288664","13.50","13.50","13.20","13.40","0.0000","22"
"1151005","2722","夏都","88637","1917557","21.55","21.85","21.40","21.55","0.2000","87"
"1151005","2723","美食-KY","176419","13528860","77.50","77.80","76.30","76.30","-1.0000","872"
"1151005","2727","王品","180906","42157955","234.00","234.50","232.00","233.50","-0.5000","1945"
"1151005","2731","雄獅","300434","43100764","143.50","144.50","142.50","144.50","1.0000","377"
"1151005","2739","寒舍","57729","2093136","36.20","36.95","35.90","36.25","0.1000","168"
"1151005","2748","雲品","65921","2563643","39.50","39.50","38.60","38.60","-0.4000","160"
"1151005","2753","八方雲集","89516","16415354","185.00","185.00","182.50","183.50","-1.5000","914"
"1151005","2762","世界健身-KY","67308","5295193","78.60","78.90","78.40","78.50","-0.1000","78"
"1151005","2801","彰銀","17748735","486559788","27.95","27.95","27.20","27.20","-0.4000","8325"
"1151005","2812","台中銀","30228393","561874929","18.80","18.80","18.50","18.55","-0.2000","10555"
"1151005","2816","旺旺保","232518","9263369","40.10","40.10","39.65","39.70","0.0000","195"
"1151005","2820","華票","2720467","45243829","16.70","16.70","16.60","16.60","-0.1000","1033"
"1151005","2832","台產","143135","8110632","56.60","57.10","56.30","56.30","-0.4000","157"
"1151005","2834","臺企銀","33527891","582331314","17.60","17.60","17.30","17.30","-0.1500","10820"
"1151005","2836","高雄銀","1644556","19735382","12.10","12.10","11.95","11.95","-0.0500","644"
"1151005","2836A","高雄銀甲特","16519","394060","23.90","23.90","23.70","23.90","-0.0500","19"
"1151005","2838","聯邦銀","2373119","48128900","20.45","20.45","20.20","20.20","-0.2000","1317"
"1151005","2838A","聯邦銀甲特","8130","422748","52.00","52.00","52.00","52.00","0.0000","12"
"1151005","2845","遠東銀","10729471","137903795","12.90","12.95","12.80","12.80","-0.1000","3317"
"1151005","2849","安泰銀","157377","2488182","15.70","16.10","15.55","15.55","0.2000","142"
"1151005","2850","新產","155142","24645425","159.00","159.50","157.50","159.50","1.0000","247"
"1151005","2851","中再保","1358935","62451430","45.95","46.50","45.60","45.60","-0.3500","1138"
"1151005","2852","第一保","354635","9746375","27.55","27.55","27.40","27.50","0.0000","190"
"1151005","2855","統一證","3174080","185108824","58.00","59.00","57.90","58.20","0.6000","2536"
"1151005","2880","華南金","8539351","384494449","46.00","46.05","44.40","44.60","-0.2500","5116"
"1151005","2881","富邦金","11116444","1689836165","152.50","153.00","151.00","152.00","1.5000","5935"
"1151005","2881A","富邦特","32035","1966750","61.50","61.50","61.30","61.40","-0.1000","35"
"1151005","2881B","富邦金乙特","3100","187950","60.60","60.70","60.60","60.70","0.0000","4"
"1151005","2881C","富邦金丙特","40046","2070393","51.80","51.80","51.60","51.70","-0.1000","60"
"1151005","2882","國泰金","13948307","1563234688","113.00","113.00","111.50","111.50","0.0000","5445"
"1151005","2882A","國泰特","64564","3880200","60.10","60.10","60.10","60.10","0.0000","28"
"1151005","2882B","國泰金乙特","11166","656083","58.70","58.80","58.70","58.80","0.0000","22"
"1151005","2883","凱基金","33641657","1263204810","37.90","37.95","37.20","37.30","-0.0500","11906"
"1151005","2883B","凱基金乙特","1995235","17178919","8.65","8.65","8.60","8.61","-0.0300","351"
"1151005","2884","玉山金","19596079","883232618","45.75","45.75","44.80","44.80","-0.5500","12103"
"1151005","2885","元大金","14141135","963265465","67.90","68.50","67.50","68.20","1.4000","8783"
"1151005","2886","兆豐金","13947129","680042507","49.60","49.60","48.55","48.55","-0.3000","9070"
"1151005","2887","台新新光金","36545158","1496984351","40.75","41.35","40.50","40.85","0.3000","12295"
"1151005","2887E","台新新光戊特一","147024","7107263","48.35","48.35","48.30","48.35","0.0500","41"
"1151005","2887F","台新新光戊特二","50867","2312846","45.50","45.55","45.40","45.40","-0.0500","43"
"1151005","2887G","台新新光庚特一","280291","12359501","44.15","44.35","43.95","44.15","0.0000","148"
"1151005","2887H","台新新光庚特二","160811","6884659","42.85","42.85","42.75","42.75","-0.1000","37"
"1151005","2887I","台新新光辛特","4660254","44368547","9.52","9.53","9.51","9.52","0.0000","1198"
"1151005","2887Z1","台新新光己特","36393","790208","21.60","21.80","21.60","21.70","-0.2000","33"
"1151005","2889","國票金","11287069","180645306","16.15","16.15","15.90","16.00","-0.1000","3339"
"1151005","2890","永豐金","17577071","782399225","45.00","45.20","44.05","44.05","0.0000","9115"
"1151005","2891","中信金","16418201","1112016772","68.40","68.40","67.30","67.40","0.1000","9445"
"1151005","2891B","中信金乙特","8496","523623","61.70","61.70","61.60","61.70","-0.2000","14"
"1151005","2891C","中信金丙特","11194","676088","60.50","60.50","60.30","60.50","0.0000","14"
"1151005","2892","第一金","13117827","503405820","39.00","39.00","38.05","38.05","-0.5000","6918"
"1151005","2897","王道銀行","5029399","53434179","10.75","10.75","10.55","10.60","-0.1000","1083"
"1151005","2897B","王道銀乙特","23000","272550","11.85","11.85","11.85","11.85","0.0000","4"
"1151005","2901","欣欣","41820","1049916","25.50","25.50","24.30","25.00","-0.0500","62"
"1151005","2903","遠百","1376393","29987528","21.90","21.90","21.75","21.75","-0.0500","925"
"1151005","2904","匯僑","10547","132260","12.60","12.60","12.50","12.55","-0.0500","33"
"1151005","2905","三商","564810","10019413","17.90","17.90","17.65","17.65","-0.1500","330"
"1151005","2906","高林","102545","1364517","13.35","13.40","13.25","13.25","-0.1500","102"
"1151005","2908","特力","305331","6768120","22.10","22.25","22.05","22.20","0.1000","137"
"1151005","2910","統領","6341","148795","23.55","23.60","23.35","23.35","0.1500","12"
"1151005","2911","麗嬰房","79779","482443","6.06","6.11","6.00","6.04","0.0300","126"
"1151005","2912","統一超","1150568","242656285","211.50","212.00","210.00","211.00","0.5000","2239"
"1151005","2913","農林","1482844","16234971","11.00","11.00","10.90","10.90","-0.1000","565"
"1151005","2915","潤泰全","1581273","90306102","57.50","57.60","56.60","56.90","-0.6000","1103"
"1151005","2923","鼎固-KY","120263","2987326","24.65","25.65","24.20","24.25","0.3000","124"
"1151005","2929","淘帝-KY","138005","806479","5.75","5.99","5.75","5.81","0.0100","116"
"1151005","2939","永邑-KY","102002","2402245","22.90","23.90","22.90","23.45","0.9000","67"
"1151005","2945","三商家購","8333","332847","40.00","40.00","39.95","39.95","-0.0500","38"
"1151005","3002","歐格","290402","5640716","20.00","20.00","19.20","19.20","-0.5000","194"
"1151005","3003","健和興","559712","33655217","60.20","60.90","59.60","59.80","-0.2000","559"
"1151005","3004","豐達科","718084","87494505","124.50","124.50","120.50","120.50","-1.0000","588"
"1151005","3005","神基","1213174","141890931","117.50","117.50","116.50","117.00","-0.5000","1358"
"1151005","3006","晶豪科","14449344","4019461414","277.00","283.00","267.50","282.00","-3.5000","14532"
"1151005","3008","大立光","2621621","17633444790","6490.00","6850.00","6460.00","6730.00","440.0000","31136"
"1151005","3010","華立","992474","129265386","129.00","131.50","127.50","130.00","2.0000","1032"
"1151005","3011","今皓","349326","3420006","9.88","9.88","9.72","9.80","-0.0700","243"
"1151005","3013","晟銘電","2856530","266276417","94.20","94.50","92.50","93.00","0.3000","3917"
"1151005","3014","聯陽","5400354","786382163","143.00","147.00","141.00","146.50","4.0000","5020"
"1151005","3015","全漢","304599","16509690","54.40","54.90","53.60","53.80","-0.6000","584"
"1151005","3016","嘉晶","5285840","966958123","186.00","189.50","178.00","181.50","1.0000","7697"
"1151005","3017","奇鋐","4606753","16355725100","3570.00","3690.00","3420.00","3585.00","145.0000","14673"
"1151005","3018","隆銘綠能","54862","643200","11.95","11.95","11.60","11.95","-0.0500","116"
"1151005","3019","亞光","4707577","667236232","140.00","143.00","140.00","141.50","2.5000","4640"
"1151005","3021","鴻名","754958","21160776","28.70","28.70","27.50","27.75","-0.4500","565"
"1151005","3022","威強電","747817","68790657","92.00","92.60","91.50","92.00","0.5000","1274"
"1151005","3023","信邦","1582254","512259586","317.50","327.50","317.50","322.50","10.5000","1983"
"1151005","3024","憶聲","1302929","17945022","14.00","14.00","13.70","13.75","-0.2500","482"
"1151005","3025","星通","539548","30273871","55.40","57.30","55.30","55.90","0.5000","513"
"1151005","3026","禾伸堂","9680400","8093712493","855.00","861.00","817.00","817.00","-18.0000","17780"
"1151005","3027","盛達","155759","2938682","18.60","19.00","18.60","18.80","0.2000","170"
"1151005","3028","增你強","1327321","85015675","64.10","64.80","63.40","63.40","0.0000","1249"
"1151005","3029","零壹","1083899","127826331","119.00","119.00","117.00","117.50","-0.5000","1288"
"1151005","3030","德律","3464455","1060131940","309.50","312.00","302.00","305.50","5.5000","9245"
"1151005","3031","佰鴻","7718132","257679668","32.80","34.70","32.10","32.90","0.1000","5609"
"1151005","3032","偉訓","456673","36459922","80.00","80.90","78.20","79.30","-0.1000","608"
"1151005","3033","威健","2238700","95318114","42.75","42.90","42.35","42.40","0.0000","1800"
"1151005","3034","聯詠","2406418","1305106868","543.00","546.00","538.00","543.00","6.0000","3435"
"1151005","3035","智原","6547940","1431913332","220.50","223.50","215.00","216.00","0.5000","13755"
"1151005","3036","文曄","6051028","1298608162","213.50","216.00","212.00","213.50","0.0000","6331"
"1151005","3037","欣興","27109050","36937724775","1325.00","1420.00","1310.00","1325.00","20.0000","44233"
"1151005","3038","全台","212760","4373869","20.70","20.70","20.40","20.40","-0.2500","162"
"1151005","3040","遠見","223402","7525461","34.95","34.95","33.25","33.90","-0.0500","402"
"1151005","3041","揚智","618539","15101775","25.15","25.15","24.05","24.15","-0.6500","614"
"1151005","3042","晶技","35474796","8012034472","232.00","235.50","221.00","222.00","-8.5000","53829"
"1151005","3043","科風","122682","2543239","20.60","21.00","20.60","20.85","0.1000","104"
"1151005","3044","健鼎","3000757","1668024345","549.00","564.00","547.00","557.00","15.0000","5312"
"1151005","3045","台灣大","7130067","873475993","123.00","123.50","122.00","122.50","0.5000","2184"
"1151005","3046","建碁","178233","9623857","53.80","54.40","53.70","53.80","-0.1000","165"
"1151005","3047","訊舟","694256","10026708","14.75","14.75","14.35","14.40","-0.2500","536"
"1151005","3048","益登","2382285","129013704","54.50","54.80","53.50","53.60","-0.1000","1788"
"1151005","3049","精金","6302329","79248216","12.60","12.90","12.25","12.25","-0.2000","2644"
"1151005","3050","鈺德","525897","6095021","11.70","11.70","11.50","11.65","0.0500","246"
"1151005","3051","力特","948665","21946094","23.70","23.70","22.80","22.90","-0.7000","675"
"1151005","3052","夆典","90665","949547","10.45","10.50","10.45","10.45","0.0000","94"
"1151005","3054","立萬利","183240","10900273","59.80","60.30","58.70","60.10","0.4000","148"
"1151005","3055","蔚華科","905098","195973597","221.00","222.00","213.00","216.50","0.5000","1266"
"1151005","3056","富華新","649167","8851601","13.70","13.75","13.60","13.60","-0.1000","444"
"1151005","3057","喬鼎","93837","1475129","15.80","15.95","15.60","15.60","-0.1000","171"
"1151005","3058","立德","464563","3792863","8.28","8.28","8.12","8.12","-0.0600","337"
"1151005","3059","華晶科","1235051","47565815","39.05","39.05","38.20","38.25","-0.4500","1486"
"1151005","3060","銘異","1919797","55806054","29.30","29.70","28.50","28.50","-0.4000","1463"
"1151005","3062","建漢","2043954","46519178","22.65","23.05","22.60","22.70","0.0500","1177"
"1151005","3090","日電貿","6876625","1206552924","179.00","180.00","172.50","173.00","-0.5000","9130"
"1151005","3092","鴻碩","287049","6967748","24.15","24.60","23.95","24.10","0.1500","257"
"1151005","3094","聯傑","24279874","1716399457","70.40","73.50","68.70","69.00","-1.3000","16380"
"1151005","3130","一零四","40759","8518188","209.50","209.50","208.00","209.00","-0.5000","137"
"1151005","3135","凌航","586861","93061433","161.00","161.50","157.00","157.00","-2.0000","1010"
"1151005","3138","耀登","1020510","105572043","101.50","105.00","100.00","105.00","5.5000","1256"
"1151005","3149","正達","16141575","1271312697","78.80","80.00","77.80","79.50","2.2000","13045"
"1151005","3150","鈺寶-創","69055","1055666","15.50","15.50","15.20","15.35","-0.0500","36"
"1151005","3164","景岳","35475","587295","16.70","16.70","16.50","16.55","0.0500","57"
"1151005","3167","大量","1421468","1409620686","984.00","1005.00","970.00","996.00","15.0000","4642"
"1151005","3168","眾福科","63383","2693750","43.10","43.10","42.10","42.40","-0.7000","52"
"1151005","3189","景碩","30076585","32795151665","1055.00","1150.00","1030.00","1095.00","45.0000","36203"
"1151005","3209","全科","930300","42846820","46.40","46.40","45.85","46.10","0.0000","889"
"1151005","3229","晟鈦","1247502","73025764","59.60","60.10","56.80","56.80","-2.0000","1217"
"1151005","3231","緯創","48432219","9182332196","188.50","191.50","187.50","189.50","3.0000","28263"
"1151005","3257","虹冠電","352729","17952788","50.50","51.40","50.20","50.70","0.4000","513"
"1151005","3266","昇陽","74585","1036907","13.85","14.00","13.80","13.90","0.0500","42"
"1151005","3296","勝德","108435","3086012","28.50","28.90","28.25","28.55","0.0500","108"
"1151005","3305","昇貿","1049471","114251106","110.00","110.00","108.00","109.00","1.5000","1199"
"1151005","3308","聯德","70591","1592440","23.00","23.00","22.30","22.45","-0.4500","215"
"1151005","3311","閎暉","12251987","618805048","52.20","52.20","49.00","49.50","-0.1500","7513"
"1151005","3312","弘憶股","788491","40972684","52.40","52.70","51.60","51.70","-0.4000","1086"
"1151005","3321","同泰","164216","3004844","18.35","18.45","18.20","18.20","-0.1500","152"
"1151005","3338","泰碩","939893","65551429","69.60","70.30","69.00","70.10","1.1000","917"
"1151005","3346","麗清","623927","14750077","24.15","24.15","23.30","23.85","-0.1500","448"
"1151005","3356","奇偶","415005","27827181","66.80","67.60","66.20","67.40","0.6000","652"
"1151005","3376","新日興","2407309","414773120","175.50","175.50","171.00","171.50","-2.5000","3659"
"1151005","3380","明泰","2512527","79097894","31.75","31.90","31.20","31.30","-0.6500","1940"
"1151005","3406","玉晶光","5365739","5490142326","971.00","1055.00","971.00","1055.00","94.0000","9084"
"1151005","3413","京鼎","878477","259108048","294.50","298.00","293.00","295.00","3.0000","1286"
"1151005","3416","融程電","428291","72034750","168.00","169.50","166.00","168.50","2.5000","450"
"1151005","3419","譁裕","153538","1831458","12.15","12.20","11.75","12.05","-0.1000","121"
"1151005","3432","台端","40254","599250","15.00","15.00","14.65","14.70","-0.2000","35"
"1151005","3437","榮創","2721178","61502140","22.30","23.35","21.90","21.90","-0.2500","1787"
"1151005","3443","創意","750702","6382276205","8150.00","8690.00","8150.00","8600.00","700.0000","10086"
"1151005","3447","展達","79322","2194663","28.00","28.05","27.20","27.60","-0.1500","77"
"1151005","3450","聯鈞","11920793","6626693214","557.00","574.00","545.00","548.00","5.0000","16473"
"1151005","3481","群創","360995094","19549048816","54.00","56.20","52.30","52.30","-0.5000","152484"
"1151005","3494","誠研","59889","419946","6.97","7.07","6.96","7.05","-0.0400","42"
"1151005","3501","維熹","130098","4912908","37.75","37.90","37.60","37.80","0.1500","117"
"1151005","3504","揚明光","2625102","221002000","81.20","85.30","81.20","84.70","4.6000","2515"
"1151005","3515","華擎","368541","80788627","218.00","221.50","217.00","217.50","1.0000","510"
"1151005","3518","柏騰","8802224","426201529","48.45","48.75","46.80","48.75","4.4000","3228"
"1151005","3528","安馳","268249","23595941","89.30","89.50","86.90","86.90","-1.9000","1994"
"1151005","3530","晶相光","241044","14213155","59.40","59.60","58.50","58.90","-0.6000","214"
"1151005","3532","台勝科","6047771","2881114021","487.00","492.50","468.50","469.50","-6.0000","8488"
"1151005","3533","嘉澤","1551638","2908387930","1860.00","1895.00","1850.00","1875.00","20.0000","5391"
"1151005","3535","晶彩科","1062131","98704633","94.00","94.00","92.30","92.70","-0.2000","1189"
"1151005","3543","州巧","5254467","282228155","51.70","54.60","51.70","54.00","3.0000","3849"
"1151005","3545","敦泰","661746","33811744","52.50","52.50","50.40","50.40","-1.1000","792"
"1151005","3550","聯穎","1542490","39036350","25.85","25.85","25.10","25.10","-0.7000","1224"
"1151005","3557","嘉威","76015","1857130","25.40","25.40","23.90","24.15","-0.3500","211"
"1151005","3563","牧德","1417672","1086732775","768.00","775.00","756.00","767.00","7.0000","2605"
"1151005","3576","聯合再生","22838416","436643697","19.55","19.65","18.80","18.85","-0.5000","8900"
"1151005","3583","辛耘","1260864","940574502","739.00","757.00","733.00","744.00","23.0000","3760"
"1151005","3588","通嘉","503005","28980922","58.60","58.80","56.80","57.00","-1.2000","714"
"1151005","3591","艾笛森","2171607","61788004","28.50","29.65","27.70","27.80","-0.5000","2922"
"1151005","3592","瑞鼎","650803","155277099","239.00","240.50","237.00","239.00","0.0000","880"
"1151005","3593","力銘","11132","117521","10.60","10.95","10.40","10.75","0.1000","22"
"1151005","3596","智易","842134","130800319","155.00","156.50","153.50","156.00","2.0000","932"
"1151005","3605","宏致","10337743","1736005476","171.50","172.00","164.50","168.00","-2.5000","9475"
"1151005","3607","谷崧","93693","1297363","13.95","13.95","13.75","13.80","-0.1500","87"
"1151005","3617","碩天","222577","53863149","245.00","245.00","240.50","241.50","-2.0000","335"
"1151005","3622","洋華","267379","12340290","46.00","46.70","45.55","46.20","0.2000","218"
"1151005","3645","達邁","7014529","532904549","74.60","77.20","73.50","76.00","2.0000","6323"
"1151005","3652","精聯","181089","6475983","35.25","36.50","35.20","35.70","0.8000","198"
"1151005","3653","健策","1138488","8127077680","6800.00","7440.00","6760.00","7205.00","405.0000","7829"
"1151005","3661","世芯-KY","3112574","12304288188","3875.00","4000.00","3870.00","3950.00","140.0000","16253"
"1151005","3665","貿聯-KY","5362695","13271653090","2560.00","2560.00","2445.00","2485.00","-55.0000","14916"
"1151005","3669","圓展","113926","3755419","33.50","33.50","32.60","32.80","-0.4000","116"
"1151005","3673","TPK-KY","29000616","2272445979","80.80","81.00","76.60","76.80","-3.8000","20836"
"1151005","3679","新至陞","28082","3033495","108.00","108.50","107.50","108.50","0.5000","44"
"1151005","3686","達能","105144","1632919","15.85","15.85","15.35","15.75","-0.1000","217"
"1151005","3694","海華","506982","26127761","52.30","52.30","51.20","51.20","-0.5000","406"
"1151005","3701","大眾控","4322771","263256622","60.90","60.90","60.90","60.90","5.5000","1825"
"1151005","3702","大聯大","4033077","481976913","121.00","121.00","118.50","119.00","0.0000","3181"
"1151005","3703","欣陸","927441","18036533","19.50","19.55","19.40","19.40","-0.1500","515"
"1151005","3704","合勤控","1348470","54240438","40.75","40.75","40.00","40.05","-0.5000","1058"
"1151005","3705","永信","184491","10478598","56.80","57.00","56.50","56.60","0.3000","144"
"1151005","3706","神達","6496770","526581720","82.00","82.00","80.30","80.40","-0.9000","5445"
"1151005","3708","上緯投控","527564","51422035","100.50","100.50","96.20","96.30","-3.0000","1347"
"1151005","3711","日月光投控","17970212","13353811094","747.00","758.00","729.00","742.00","29.0000","34090"
"1151005","3712","永崴投控","484994","9970902","20.80","20.80","20.45","20.60","0.0000","319"
"1151005","3714","富采","21371294","1500562262","72.00","72.80","68.00","68.20","-2.6000","23389"
"1151005","3715","定穎投控","13025997","1737462417","134.00","136.00","130.00","133.00","3.5000","10163"
"1151005","3716","中化控股","320623","10823310","33.90","33.95","33.70","33.70","-0.2000","232"
"1151005","3717","聯嘉投控","16061762","442335859","26.60","28.25","26.25","27.75","1.3000","6587"
"1151005","4104","佳醫","155608","11252873","72.90","72.90","71.80","71.90","-1.0000","658"
"1151005","4106","雃博","105114","2524646","24.15","24.15","23.90","24.15","0.0000","213"
"1151005","4108","懷特","89166","1012470","11.35","11.50","11.30","11.30","-0.0500","115"
"1151005","4119","旭富","102369","5606091","55.60","55.60","54.30","54.30","-1.3000","159"
"1151005","4133","亞諾法","91605","1861824","20.40","20.40","20.25","20.30","-0.1500","136"
"1151005","4137","麗豐-KY","66679","5063888","75.80","76.30","75.60","75.80","0.0000","126"
"1151005","4142","國光生","620169","11141792","18.10","18.10","17.90","17.90","-0.1000","442"
"1151005","4148","全宇生技-KY","97404","3092755","32.00","32.50","31.50","31.75","0.2500","53"
"1151005","4155","訊映","199363","2948630","14.85","14.95","14.70","14.75","-0.1000","681"
"1151005","4164","承業醫","466766","12510606","27.15","27.15","26.55","26.95","-0.0500","362"
"1151005","4169","泰宗","138022","20586592","150.50","150.50","148.00","149.00","-2.5000","228"
"1151005","4178","永笙-KY","158705","2818704","18.35","18.35","17.60","17.65","-0.3500","153"
"1151005","4190","佐登-KY","13061","318873","24.60","24.65","24.30","24.30","0.0000","43"
"1151005","4195","基米-創","218886","3387840","15.90","15.90","15.30","15.55","-0.3500","204"
"1151005","4306","炎洲","841576","12100794","14.50","14.50","14.30","14.30","-0.1500","581"
"1151005","4414","如興","146937","1194044","8.10","8.18","8.08","8.09","-0.0100","131"
"1151005","4426","利勤","69622","525870","7.60","7.63","7.53","7.53","-0.0400","60"
"1151005","4438","廣越","50791","2872531","56.80","56.80","56.30","56.40","-0.1000","62"
"1151005","4439","冠星-KY","5050","486400","95.80","96.90","95.80","96.00","0.2000","6"
"1151005","4440","宜新實業","74235","1308509","17.50","17.75","17.45","17.65","0.2000","58"
"1151005","4441","振大環球","54855","9369079","169.50","173.00","169.50","169.50","-0.5000","75"
"1151005","4526","東台","2005724","67978780","34.40","34.60","33.50","33.50","-0.8000","1771"
"1151005","4532","瑞智","769146","18968374","24.75","24.80","24.50","24.55","-0.2000","521"
"1151005","4536","拓凱","188536","30153948","161.00","161.00","159.50","160.50","0.0000","284"
"1151005","4540","全球傳動","1541968","94440407","62.30","62.30","60.60","60.60","-0.4000","2665"
"1151005","4545","銘鈺","537125","21745870","39.70","42.00","39.70","39.80","0.3000","435"
"1151005","4551","智伸科","5644279","1041022965","191.50","192.00","178.50","186.00","0.0000","6037"
"1151005","4552","力達-KY","81534","1274282","15.65","15.75","15.60","15.60","-0.0500","83"
"1151005","4555","氣立","234905","9757198","42.25","42.25","41.05","41.40","-0.8000","280"
"1151005","4557","永新-KY","53762","2704424","50.30","50.60","50.20","50.40","0.1000","99"
"1151005","4560","強信-KY","154144","4569954","29.80","29.90","29.45","29.85","0.0000","61"
"1151005","4562","穎漢","134911","4067099","30.45","30.65","29.90","30.00","-0.3000","125"
"1151005","4564","元翎","873605","13998926","16.30","16.30","15.90","15.95","-0.3500","418"
"1151005","4566","時碩工業","4408037","339313333","78.60","78.60","74.70","77.50","1.7000","5967"
"1151005","4569","六方科-KY","100842","15730889","156.00","158.00","154.50","157.00","1.0000","88"
"1151005","4571","鈞興-KY","109326","16898649","154.50","156.00","153.50","154.00","0.0000","175"
"1151005","4572","駐龍","12254","1700503","139.50","139.50","138.50","138.50","-1.0000","51"
"1151005","4576","大銀微系統","1918300","458914846","239.00","243.50","235.00","235.00","1.0000","2525"
"1151005","4581","光隆精密-KY","7017","337266","48.40","48.40","47.65","48.00","0.0000","8"
"1151005","4582","聚恆-創","141169","3128794","22.50","22.50","22.05","22.10","-0.1000","49"
"1151005","4583","台灣精銳","124172","52131470","418.00","424.00","417.50","419.00","-3.5000","325"
"1151005","4585","達明","171061","50034663","295.00","295.00","291.00","291.00","-2.5000","487"
"1151005","4588","玖鼎電力","69263","3812072","55.70","55.80","54.30","55.80","0.3000","68"
"1151005","4590","富田-創","205802","18212962","89.10","89.10","88.00","88.30","-0.3000","164"
"1151005","4720","德淵","9821341","216822309","21.70","23.00","20.15","23.00","2.0500","4651"
"1151005","4722","國精化","6480618","1483976874","239.00","244.00","218.00","224.00","-6.0000","6851"
"1151005","4736","泰博","126039","16291746","130.50","130.50","128.50","128.50","-1.0000","176"
"1151005","4737","華廣","44004","2453321","56.80","56.80","55.20","55.30","-1.0000","44"
"1151005","4739","康普","1250695","109731875","89.20","89.20","87.00","87.40","-1.3000","1296"
"1151005","4746","台耀","784482","37481949","48.55","48.60","47.25","47.35","-0.7500","777"
"1151005","4755","三福化","253901","30992770","125.00","125.00","121.00","121.00","-1.0000","329"
"1151005","4763","材料*-KY","6246002","291037255","47.35","47.60","46.10","46.35","-0.8000","4403"
"1151005","4764","雙鍵","3074821","612516735","209.50","209.50","195.00","196.50","-7.0000","3524"
"1151005","4766","南寶","145248","50833462","355.00","355.00","346.50","346.50","-6.5000","625"
"1151005","4770","上品","915889","252624329","278.50","282.00","269.00","274.50","-3.5000","1408"
"1151005","4771","望隼","198127","41379060","216.00","216.00","206.00","207.50","-6.5000","854"
"1151005","4807","日成-KY","304648","9440357","30.05","31.75","30.05","31.10","0.9000","274"
"1151005","4904","遠傳","6052583","635361451","106.00","106.00","104.00","105.50","-0.5000","2686"
"1151005","4906","正文","18583054","799160691","42.50","44.00","42.00","42.15","0.3000","10428"
"1151005","4912","聯德控股-KY","1620147","181572882","106.00","115.50","106.00","109.50","3.5000","1697"
"1151005","4915","致伸","1934585","124028549","65.00","65.00","63.60","63.70","-0.7000","1634"
"1151005","4916","事欣科","3880359","409576120","105.50","106.50","104.00","105.00","0.5000","3441"
"1151005","4919","新唐","31573293","4994729097","162.50","162.50","154.00","155.50","-7.5000","27707"
"1151005","4927","泰鼎-KY","8516050","448634382","52.20","52.90","51.80","52.90","4.7500","3071"
"1151005","4930","燦星網","7737","122555","15.85","15.90","15.75","15.90","0.0500","30"
"1151005","4934","太極","941148","14127366","15.10","15.25","14.80","14.80","0.0500","529"
"1151005","4935","茂林-KY","247065","8338344","34.20","34.20","33.40","33.75","-0.1000","144"
"1151005","4938","和碩","4424512","395074671","90.10","90.30","88.70","88.70","-0.5000","3311"
"1151005","4942","嘉彰","261238","8226066","31.50","31.55","31.35","31.35","-0.1500","100"
"1151005","4943","康控-KY","36612","244159","6.98","6.98","6.64","6.72","0.0300","43"
"1151005","4949","有成精密","2937766","240417112","78.50","84.50","78.00","82.50","4.8000","3309"
"1151005","4952","凌通","261855","13328126","51.00","51.60","50.00","50.30","-0.5000","420"
"1151005","4956","光鋐","12675550","593845955","46.10","49.00","45.05","45.55","-0.8500","8679"
"1151005","4958","臻鼎-KY","56786688","32967295514","582.00","590.00","568.00","576.00","15.0000","70333"
"1151005","4960","誠美材","5141054","123753217","24.60","24.60","23.85","24.00","-0.5500","2514"
"1151005","4961","天鈺","926608","170003951","184.50","186.00","181.50","184.00","0.5000","977"
"1151005","4967","十銓","2556228","692743757","273.00","273.50","269.00","269.50","-3.5000","5733"
"1151005","4968","立積","648319","64688342","101.50","101.50","99.00","99.10","-2.4000","829"
"1151005","4976","佳凌","2705181","101704456","36.70","38.15","36.70","37.40","1.1000","1812"
"1151005","4977","眾達-KY","4552619","807042070","179.00","180.50","174.50","175.00","-0.5000","9131"
"1151005","4989","榮科","19469537","1333006580","65.50","70.20","63.50","70.20","6.3000","14210"
"1151005","4994","傳奇","22581","1824436","79.80","82.50","79.80","81.30","0.3000","206"
"1151005","4999","鑫禾","47155","843015","17.85","18.00","17.80","17.90","0.0500","114"
"1151005","5007","三星","24168","1356651","56.40","56.40","55.80","55.80","-0.1000","27"
"1151005","5203","訊連","488619","29514897","57.70","61.90","57.50","60.20","2.3000","632"
"1151005","5215","科嘉-KY","31093","1178657","38.25","38.25","37.65","37.65","-0.6000","52"
"1151005","5222","全訊","176202","18647356","107.00","107.00","105.00","105.50","-2.0000","320"
"1151005","5225","東科-KY","253263","13815314","55.30","55.30","54.00","54.40","-1.1000","273"
"1151005","5234","達興材料","489838","152605789","319.50","319.50","307.00","307.00","-5.0000","1217"
"1151005","5236","凌陽創新","142449","19238358","136.00","137.50","133.50","134.00","-1.5000","211"
"1151005","5243","乙盛-KY","1920258","184247146","95.40","97.10","94.70","95.70","1.8000","2303"
"1151005","5244","弘凱","346835","13116922","38.25","38.25","37.30","37.45","-0.4000","482"
"1151005","5258","虹堡","245840","10280804","42.20","42.25","41.50","41.50","-0.5000","252"
"1151005","5269","祥碩","306940","451608055","1475.00","1480.00","1460.00","1475.00","15.0000","1525"
"1151005","5283","禾聯碩","156113","8161345","53.80","53.80","51.90","52.10","-0.4000","1072"
"1151005","5284","jpp-KY","277661","83073826","295.00","302.50","294.50","301.00","7.5000","460"
"1151005","5285","界霖","4730833","471599112","99.60","101.50","97.20","100.00","1.0000","4909"
"1151005","5288","豐祥-KY","211918","39514062","188.00","189.00","185.00","187.00","-1.5000","823"
"1151005","5292","華懋","359880","89124395","240.00","251.00","240.00","247.00","7.0000","623"
"1151005","5306","桂盟","78098","6827004","88.00","88.00","87.10","87.60","-0.4000","142"
"1151005","5388","中磊","1541060","110813746","72.50","72.50","71.70","71.70","-0.1000","1194"
"1151005","5434","崇越","1553309","950822033","598.00","623.00","593.00","620.00","37.0000","3640"
"1151005","5469","瀚宇博","3805771","295019240","77.00","78.40","76.20","78.40","2.5000","4281"
"1151005","5471","松翰","923722","49103565","54.00","54.00","52.50","52.60","-0.9000","1772"
"1151005","5484","慧友","324159","12596995","38.85","39.10","38.70","38.70","-0.3500","305"
"1151005","5515","建國","381124","19449132","51.10","51.50","50.40","51.20","0.1000","585"
"1151005","5519","隆大","451528","11251196","25.15","25.15","24.80","24.80","-0.2500","449"
"1151005","5521","工信","2688727","28708937","10.70","10.75","10.60","10.75","0.0500","637"
"1151005","5522","遠雄","747997","45047681","60.50","60.70","60.00","60.10","-0.4000","673"
"1151005","5525","順天","82582","1798577","22.00","22.05","21.70","21.75","-0.0500","57"
"1151005","5531","鄉林","922316","6217663","6.86","6.86","6.69","6.69","-0.1700","607"
"1151005","5533","皇鼎","161249","2241516","13.90","13.95","13.85","13.85","-0.0500","68"
"1151005","5534","長虹","2198452","158455552","73.00","73.00","71.30","71.80","-1.2000","2080"
"1151005","5538","東明-KY","161804","5970032","36.00","37.20","35.95","37.20","1.4000","121"
"1151005","5546","永固-KY","5000","69600","13.80","14.00","13.80","14.00","0.2500","5"
"1151005","5607","遠雄港","583438","30159381","51.80","52.00","51.40","51.80","0.0000","382"
"1151005","5608","四維航","2553019","43382249","17.45","17.45","16.75","16.80","-0.3500","1906"
"1151005","5706","鳳凰","77570","3421139","44.20","44.30","43.95","44.00","-0.1500","141"
"1151005","5871","中租-KY","4068025","430942927","106.50","107.00","105.50","105.50","-0.5000","3968"
"1151005","5871A","中租-KY甲特","117200","11708275","99.90","99.90","99.90","99.90","0.0000","65"
"1151005","5876","上海商銀","4716959","231027770","49.65","49.65","48.55","48.65","-0.3000","3841"
"1151005","5880","合庫金","13583478","353305897","26.40","26.40","25.85","25.90","-0.2500","6841"
"1151005","5906","台南-KY","6103","238266","38.95","39.60","38.95","38.95","-1.0500","11"
"1151005","5907","大洋-KY","252043","1197752","4.78","4.82","4.68","4.75","0.0000","173"
"1151005","6005","群益證","14269727","466624272","32.30","33.10","32.25","33.00","1.0000","5980"
"1151005","6024","群益期","179355","10732248","59.90","60.00","59.60","59.70","-0.1000","228"
"1151005","6108","競國","1527530","39136911","26.10","26.10","25.30","25.65","-0.0500","1022"
"1151005","6112","邁達特","2826883","129110345","47.65","48.00","44.85","44.90","-2.7500","2734"
"1151005","6115","鎰勝","118943","5255993","44.35","44.35","44.05","44.10","0.1000","113"
"1151005","6116","彩晶","126208893","2083647979","16.30","17.50","15.80","15.90","-0.1500","38954"
"1151005","6117","迎廣","169972","10612238","63.00","63.00","62.00","62.50","0.3000","200"
"1151005","6120","達運","14566769","214841234","15.40","15.60","14.25","14.35","-0.9000","5286"
"1151005","6128","上福","71617","1367702","19.10","19.30","19.00","19.00","-0.2000","90"
"1151005","6133","金橋","6973736","204366690","29.35","30.25","28.55","29.25","0.1500","4195"
"1151005","6136","富爾特","543065","13674344","25.25","25.35","25.10","25.20","-0.1000","192"
"1151005","6139","亞翔","3971097","3141043867","795.00","803.00","781.00","790.00","15.0000","9514"
"1151005","6141","柏承","1905185","98561912","51.50","52.70","51.00","51.20","0.2000","1477"
"1151005","6142","友勁","521300","4728860","9.28","9.28","9.01","9.06","-0.0800","878"
"1151005","6152","百一","8527404","144577385","16.00","17.25","15.80","17.25","1.5500","3928"
"1151005","6153","嘉聯益","2637169","47562597","18.10","18.25","17.85","17.85","-0.1000","1366"
"1151005","6155","鈞寶","5292391","379020759","72.90","73.60","69.90","71.00","-1.5000","4308"
"1151005","6164","華興","2693714","36933061","13.30","13.85","13.20","13.85","1.2500","939"
"1151005","6165","浪凡","249289","12210615","49.55","49.55","48.60","48.60","-0.8000","234"
"1151005","6166","凌華","1324049","173901333","131.50","134.50","129.00","129.50","-0.5000","1427"
"1151005","6168","宏齊","31808643","1532050494","47.15","50.60","44.70","47.10","1.1000","19976"
"1151005","6176","瑞儀","1014813","93808580","92.70","92.80","92.10","92.30","0.0000","1664"
"1151005","6177","達麗","1728107","78659007","46.50","46.50","45.15","45.30","-0.7000","1332"
"1151005","6183","關貿","18628","1705504","91.70","91.80","91.10","91.40","-0.3000","65"
"1151005","6184","大豐電","87346","3498002","40.15","40.25","39.85","40.10","-0.0500","96"
"1151005","6189","豐藝","451650","22457150","50.10","50.20","49.30","49.40","-0.5000","648"
"1151005","6191","精成科","2759396","237246283","85.60","86.80","85.10","85.90","1.2000","2952"
"1151005","6192","巨路","142298","15722084","110.50","111.00","110.00","110.50","1.0000","135"
"1151005","6196","帆宣","3101021","2054924802","628.00","679.00","622.00","679.00","61.0000","7538"
"1151005","6197","佳必琪","2829534","979045954","346.00","353.50","342.00","345.00","5.5000","4519"
"1151005","6201","亞弘電","58344","2576743","44.50","44.50","44.05","44.05","-0.3500","45"
"1151005","6202","盛群","4268744","267324153","63.50","64.10","60.80","60.80","-2.4000","4534"
"1151005","6205","詮欣","1664612","122923137","75.50","75.80","72.30","72.60","-1.1000","1703"
"1151005","6206","飛捷","541423","74412410","137.50","139.00","135.50","137.50","0.5000","610"
"1151005","6209","今國光","18483958","1615231500","84.30","89.40","84.20","87.90","4.0000","15012"
"1151005","6213","聯茂","20063879","14590023265","690.00","751.00","682.00","751.00","68.0000","24740"
"1151005","6214","精誠","469492","88640238","189.00","189.50","188.50","188.50","0.0000","623"
"1151005","6215","和椿","612503","60509257","98.30","100.50","97.80","97.80","0.0000","985"
"1151005","6216","居易","114047","2272834","19.70","20.20","19.70","19.90","0.2500","128"
"1151005","6224","聚鼎","725399","58569568","83.00","83.00","79.70","79.70","-1.1000","914"
"1151005","6225","天瀚","291123","20171516","70.00","70.40","67.00","69.20","0.9000","287"
"1151005","6226","光鼎","36413647","1685189319","47.00","49.80","43.00","43.00","-3.4000","21678"
"1151005","6230","尼得科超眾","28450","3182697","111.50","113.00","110.50","113.00","1.5000","75"
"1151005","6235","華孚","581278","22453609","39.35","39.35","38.25","38.35","-1.0000","638"
"1151005","6239","力成","24412772","7351946462","311.00","311.00","296.50","297.50","-10.5000","33826"
"1151005","6243","迅杰","410302","16588426","41.10","41.15","40.05","40.20","-0.9000","495"
"1151005","6257","矽格","20298667","5319899722","270.00","275.00","253.50","260.00","2.5000","21974"
"1151005","6269","台郡","3026754","199207400","66.70","66.90","65.10","65.10","-1.0000","2997"
"1151005","6271","同欣電","5078324","1216978750","240.00","242.00","236.00","238.50","4.0000","6389"
"1151005","6272","驊陞","136064","3467968","26.25","26.25","25.25","25.25","-0.6000","183"
"1151005","6277","宏正","111257","8616139","77.10","78.00","77.10","77.10","0.0000","230"
"1151005","6278","台表科","12352429","2701010494","218.50","222.00","211.50","220.00","3.0000","10994"
"1151005","6281","全國電","44722","2270609","50.70","50.90","50.70","50.70","-0.2000","55"
"1151005","6282","康舒","8349604","372886564","44.90","45.10","44.30","44.45","0.2500","6463"
"1151005","6283","淳安","77366","1468583","19.20","19.20","18.90","18.90","-0.2500","66"
"1151005","6285","啟碁","8838953","2185318242","242.00","250.50","240.00","249.50","11.5000","10570"
"1151005","6405","悅城","2056113","86935775","42.70","43.75","41.35","41.90","-0.6000","2038"
"1151005","6409","旭隼","349376","313101079","904.00","907.00","890.00","891.00","5.0000","734"
"1151005","6412","群電","698374","52880187","75.80","76.60","75.00","75.10","0.1000","742"
"1151005","6414","樺漢","1231927","502593444","405.50","410.50","402.00","407.50","6.0000","2277"
"1151005","6415","矽力*-KY","2534848","1112547249","435.00","452.00","428.50","442.00","17.0000","4043"
"1151005","6416","瑞祺電通","921410","110527580","117.50","122.00","115.50","119.50","2.0000","1167"
"1151005","6426","統新","3509288","1270363419","362.00","371.00","353.00","357.50","-4.0000","4272"
"1151005","6431","光麗-KY","66332","1113409","17.00","17.05","16.60","16.90","-0.1500","71"
"1151005","6438","迅得","1042800","175431598","170.50","171.50","167.00","167.50","-0.5000","7689"
"1151005","6442","光聖","4078448","6888995665","1675.00","1755.00","1620.00","1705.00","80.0000","13042"
"1151005","6443","元晶","8164139","233145340","29.05","29.10","28.10","28.20","-0.5500","4757"
"1151005","6446","藥華藥","1604038","1905900695","1175.00","1205.00","1165.00","1190.00","25.0000","5099"
"1151005","6449","鈺邦","1695626","387844496","230.00","233.00","224.00","227.00","2.5000","2165"
"1151005","6451","訊芯-KY","2568357","1119709647","436.50","446.00","425.00","432.00","3.0000","3810"
"1151005","6456","GIS-KY","18149753","1644115128","92.90","93.60","87.10","90.60","-2.3000","15197"
"1151005","6464","台數科","16641","1282556","77.00","77.50","77.00","77.20","0.9000","160"
"1151005","6472","保瑞","306031","128983858","424.50","424.50","420.00","420.50","0.0000","879"
"1151005","6477","安集","651241","22312489","34.60","34.60","34.05","34.05","-0.5500","595"
"1151005","6491","晶碩","681330","279399810","421.50","423.00","399.50","403.00","-21.0000","1354"
"1151005","6504","南六","32059","1192866","37.55","37.55","36.95","37.05","-0.5000","37"
"1151005","6505","台塑化","20175570","2004188431","100.50","101.00","97.70","98.60","-1.4000","16326"
"1151005","6515","穎崴","599727","3692105205","6115.00","6280.00","6015.00","6205.00","135.0000","7746"
"1151005","6525","捷敏-KY","2503717","359866231","143.50","147.50","139.50","140.00","0.5000","3692"
"1151005","6526","達發","1419661","1213772652","855.00","885.00","828.00","841.00","6.0000","3864"
"1151005","6531","愛普*","4949972","5109870161","1015.00","1090.00","995.00","1055.00","55.0000","9176"
"1151005","6533","晶心科","6040399","2059987581","351.00","351.50","332.00","336.00","-16.0000","8236"
"1151005","6534","正瀚-創","115665","10716361","92.70","93.50","90.80","93.00","0.2000","132"
"1151005","6541","泰福-KY","765775","23592170","30.05","31.75","29.60","31.45","1.8500","545"
"1151005","6550","北極星藥業-KY","939366","15467193","16.75","16.80","16.20","16.20","-0.5500","837"
"1151005","6552","易華電","71983","1803361","24.75","25.25","24.75","24.95","0.3000","75"
"1151005","6558","興能高","199649","5096902","25.60","25.75","25.35","25.40","-0.1000","193"
"1151005","6573","虹揚-KY","476852","8080439","16.30","17.55","16.30","16.55","0.2500","319"
"1151005","6579","研揚","262201","41709325","160.50","160.50","158.00","158.00","-0.5000","337"
"1151005","6581","鋼聯","10615","1150802","108.50","109.00","108.00","108.00","0.0000","15"
"1151005","6582","申豐","22737","711340","31.40","31.40","31.20","31.35","-0.0500","54"
"1151005","6585","鼎基","94989","9892775","104.50","105.00","103.00","103.50","-1.0000","143"
"1151005","6589","台康生技","491168","24921448","51.80","51.80","50.20","50.70","-0.1000","865"
"1151005","6591","動力-KY","100016","4273060","42.60","44.10","42.00","42.90","0.3500","116"
"1151005","6592","和潤企業","1313000","72670338","56.30","56.30","55.10","55.40","-0.9000","1701"
"1151005","6592A","和潤企業甲特","1417","137164","96.80","96.80","96.80","96.80","0.0000","4"
"1151005","6592B","和潤企業乙特","3857","367499","95.20","95.40","95.20","95.40","0.0000","7"
"1151005","6598","ABC-KY","162798","4423658","27.00","27.75","26.80","26.80","-0.4500","249"
"1151005","6605","帝寶","230352","31264908","137.00","137.00","135.00","135.50","-1.0000","293"
"1151005","6606","建德工業","111959","2806671","24.85","25.50","24.85","24.85","-0.4000","95"
"1151005","6614","資拓宏宇","64308","2269090","35.50","35.50","35.15","35.30","-0.1000","69"
"1151005","6625","必應","77921","5732934","73.80","74.00","73.40","73.70","-0.1000","115"
"1151005","6641","基士德-KY","22300","378460","17.00","17.05","16.95","17.05","0.0500","18"
"1151005","6645","金萬林-創","21250","269725","12.75","12.80","12.50","12.75","-0.0500","19"
"1151005","6655","科定","7040","884000","125.00","126.50","125.00","125.50","0.5000","8"
"1151005","6657","華安","97783","3201730","32.75","33.00","32.50","33.00","0.1000","91"
"1151005","6658","聯策","1602697","313463362","190.00","200.00","188.00","200.00","18.0000","1728"
"1151005","6666","羅麗芬-KY","32620","1470851","45.00","45.70","44.50","45.35","-0.1500","42"
"1151005","6668","中揚光","6136507","300776816","47.40","51.00","47.15","48.25","0.9000","4674"
"1151005","6669","緯穎","3007826","6427087060","2115.00","2170.00","2095.00","2150.00","65.0000","18260"
"1151005","6670","復盛應用","96598","26136128","271.00","272.00","270.00","270.00","-0.5000","131"
"1151005","6671","三能-KY","7000","163000","23.40","23.40","22.85","23.30","0.3500","7"
"1151005","6672","騰輝電子-KY","13344761","5988799443","444.00","457.50","435.00","451.00","12.0000","15013"
"1151005","6674","鋐寶科技","93284","1704121","18.35","18.35","18.25","18.30","-0.0500","61"
"1151005","6689","伊雲谷","268854","17087539","64.70","64.70","63.10","63.10","-1.7000","386"
"1151005","6691","洋基工程","2022038","1574582150","752.00","794.00","747.00","794.00","53.0000","5090"
"1151005","6695","芯鼎","546813","29104753","55.60","55.60","52.70","52.70","-1.7000","589"
"1151005","6698","旭暉應材","170776","5349126","31.65","31.65","31.15","31.35","-0.3000","214"
"1151005","6706","惠特","2280897","350292201","156.00","156.50","151.50","151.50","-3.0000","2873"
"1151005","6715","嘉基","2676511","1239789496","453.50","485.00","444.50","480.50","31.5000","3954"
"1151005","6719","力智","859669","166084311","191.50","196.00","190.50","191.50","2.0000","1144"
"1151005","6722","輝創","99750","3332638","32.70","34.10","32.70","33.05","0.5500","97"
"1151005","6742","澤米","2919762","177475223","58.90","63.20","57.90","60.20","2.5000","3218"
"1151005","6743","安普新","978174","34718929","35.50","36.00","34.95","35.60","0.1500","905"
"1151005","6753","龍德造船","412401","54373002","134.00","134.00","131.00","131.00","-2.0000","595"
"1151005","6754","匯僑設計","67478","2738439","40.80","41.50","39.50","41.00","-0.3000","56"
"1151005","6756","威鋒電子","108968","10628101","97.20","98.60","96.20","98.20","1.1000","262"
"1151005","6757","台灣虎航","438462","23310655","53.50","53.50","53.00","53.00","-0.4000","627"
"1151005","6768","志強-KY","156116","9915398","64.20","64.20","63.10","63.10","-0.6000","243"
"1151005","6770","力積電","125964867","9622465943","77.90","78.10","75.20","75.80","-0.7000","73356"
"1151005","6771","平和環保-創","17070","719907","42.50","42.50","41.80","42.50","-0.2000","16"
"1151005","6776","展碁國際","62697","3293869","53.00","53.10","52.30","52.40","-0.3000","70"
"1151005","6781","AES-KY","468370","488627060","1040.00","1055.00","1030.00","1050.00","25.0000","1593"
"1151005","6782","視陽","220251","50979543","236.50","236.50","228.50","229.00","-7.0000","422"
"1151005","6789","采鈺","1148477","565008056","496.50","499.00","488.00","488.00","-2.5000","2629"
"1151005","6790","永豐實","161457","6029045","37.50","37.55","37.25","37.25","-0.2500","213"
"1151005","6792","詠業","42020","2460075","58.90","59.30","58.20","58.50","-0.3000","41"
"1151005","6794","向榮生技","116257","9015678","79.00","79.60","76.00","76.00","-2.9000","98"
"1151005","6796","晉弘","70694","4058494","57.70","58.40","56.50","57.00","-0.7000","82"
"1151005","6799","來頡","289267","26636029","92.10","93.10","90.70","91.80","0.1000","348"
"1151005","6805","富世達","2557802","6211785520","2350.00","2510.00","2340.00","2450.00","140.0000","5391"
"1151005","6807","峰源-KY","7083","226009","32.00","32.05","31.60","32.05","0.0000","9"
"1151005","6830","汎銓","1769211","999604630","576.00","588.00","549.00","550.00","3.0000","3320"
"1151005","6831","邁科","751784","371253712","488.00","502.00","484.00","489.00","8.0000","1540"
"1151005","6834","天二科技","10894293","1386113585","132.50","134.00","122.00","125.50","-5.5000","8694"
"1151005","6835","圓裕","65189","2147941","33.95","33.95","31.80","32.00","0.9000","61"
"1151005","6838","台新藥","183512","4565988","25.05","25.30","24.55","25.30","0.0000","258"
"1151005","6854","錼創科技-KY創","186553","17530185","94.90","95.50","93.00","93.00","-1.9000","208"
"1151005","6861","睿生光電","1986467","597801904","295.00","311.00","294.00","295.50","-0.5000","2889"
"1151005","6862","三集瑞-KY","138253","19605687","144.00","145.00","140.00","140.50","-1.5000","204"
"1151005","6863","永道-KY","43156","4136619","95.70","96.30","95.40","96.10","0.1000","67"
"1151005","6869","雲豹能源","474875","32849488","71.10","71.10","68.50","68.60","-1.9000","803"
"1151005","6873","泓德能源","466356","30946154","67.50","67.50","65.80","65.90","-1.6000","478"
"1151005","6885","全福生技","1129632","33560697","30.40","30.60","29.30","29.30","-1.1000","805"
"1151005","6887","寶綠特-KY","76415","2860389","38.85","39.55","36.60","37.55","-1.3500","112"
"1151005","6890","來億-KY","87163","12863961","149.00","149.00","147.00","147.00","0.0000","139"
"1151005","6901","鑽石投資","6644376","120145922","17.50","18.45","17.45","18.00","1.0000","3382"
"1151005","6902","GOGOLOOK","424338","62462198","151.00","152.00","144.00","147.50","-2.5000","610"
"1151005","6906","現觀科","40786","3383721","84.60","84.60","81.90","82.70","-1.0000","321"
"1151005","6908","宏碁遊戲-創","53545","1426814","26.90","26.90","26.50","26.55","-0.3500","264"
"1151005","6909","創控","513961","22688156","44.90","45.00","43.75","43.95","-0.4000","674"
"1151005","6914","阜爾運通","135409","16163701","119.00","121.00","118.00","118.50","0.0000","192"
"1151005","6916","華凌","75172","1437590","19.05","19.50","18.90","19.05","0.2500","50"
"1151005","6918","愛派司","26050","1924768","74.00","74.00","73.60","73.80","0.2000","21"
"1151005","6919","康霈*","3565795","283738903","80.20","80.90","78.80","78.80","-1.1000","3764"
"1151005","6921","嘉雨思-創","13015","863428","66.60","67.20","66.00","66.00","0.0000","15"
"1151005","6923","中台","81625","6039552","74.60","75.60","73.50","73.50","-1.1000","87"
"1151005","6924","榮惠-KY創","29180","3889570","132.50","135.00","132.00","132.50","-1.0000","37"
"1151005","6928","攸泰科技","93762","4333113","45.90","47.15","45.65","45.70","-0.1500","157"
"1151005","6931","青松健康","53051","2029446","38.40","38.50","38.00","38.05","-0.3500","74"
"1151005","6933","AMAX-KY","2154273","827266996","379.00","396.00","370.00","384.00","5.0000","2854"
"1151005","6934","心誠鎂","91257","6653067","71.50","74.50","71.50","74.40","0.5000","46"
"1151005","6936","永鴻生技","33595","1062455","32.10","32.10","31.00","32.00","-0.2000","35"
"1151005","6937","天虹","363690","109495661","306.50","306.50","298.00","302.50","-1.0000","650"
"1151005","6944","兆聯實業","591668","475824080","802.00","820.00","791.00","814.00","15.0000","1915"
"1151005","6947","台鎔科技","297587","20520441","68.30","69.90","68.30","68.70","0.4000","240"
"1151005","6949","沛爾生醫*-創","3960715","182865218","45.20","48.10","44.35","47.60","3.1000","2315"
"1151005","6951","青新-創","25609","1771536","69.30","69.50","69.00","69.10","-0.2000","88"
"1151005","6952","大武山","15306","587028","38.90","38.90","38.10","38.75","-0.1500","19"
"1151005","6955","邦睿生技-創","15072","1413213","93.90","94.30","93.50","93.50","0.0000","21"
"1151005","6957","裕慶-KY","932297","372727260","386.00","413.00","380.50","410.00","33.0000","3041"
"1151005","6958","日盛台駿","76888","1295937","17.20","17.20","16.60","16.65","-0.3500","97"
"1151005","6958A","日盛台駿甲特","8000","170000","21.50","21.80","21.00","21.80","-0.1000","7"
"1151005","6962","奕力-KY","2892534","98230038","33.90","34.45","33.65","33.90","0.5000","1705"
"1151005","6965","中傑-KY","127359","7714485","61.60","61.70","59.70","59.80","-1.8000","124"
"1151005","6969","成信實業*-創","193240","5912522","30.50","31.35","30.30","31.30","1.3000","107"
"1151005","6988","威力暘-創","24000","280050","11.65","11.80","11.65","11.70","0.2500","15"
"1151005","6994","富威電力","3177305","101732067","32.60","33.25","31.00","31.95","-0.1000","2109"
"1151005","7610","聯友金屬-創","1256506","2300155155","1740.00","1895.00","1740.00","1800.00","75.0000","4556"
"1151005","7631","聚賢研發-創","97253","13764522","144.50","144.50","141.00","141.50","-2.5000","154"
"1151005","7689","大鵬科CLMX","240771","39672633","164.00","167.50","162.00","164.00","3.0000","1451"
"1151005","7705","三商餐飲","52704","1564044","29.55","29.90","29.50","29.85","0.0000","66"
"1151005","7711","永擎","1875540","1200085726","615.00","665.00","609.00","634.00","24.0000","3445"
"1151005","7721","微程式","25058","1575603","63.40","64.20","62.20","63.00","-0.3000","57"
"1151005","7722","LINEPAY","38816","10208995","260.50","264.00","260.50","262.00","2.0000","254"
"1151005","7730","暉盛-創","122649","23233441","190.00","192.00","187.00","188.00","1.0000","113"
"1151005","7732","金興精密","30002","985318","33.20","33.20","32.25","32.70","0.0000","24"
"1151005","7736","虎山","182804","13068758","69.90","73.80","69.90","71.00","1.2000","96"
"1151005","7740","熙特爾-創","189440","19421978","102.50","104.50","101.00","102.50","0.5000","198"
"1151005","7749","意騰-KY","248250","98652486","400.50","404.00","393.00","399.00","1.5000","468"
"1151005","7750","新代","278325","558089445","1885.00","2070.00","1885.00","2070.00","185.0000","2145"
"1151005","7760","享溫馨","17552","572037","32.80","32.85","32.45","32.80","0.3000","30"
"1151005","7765","中華資安","244431","55953413","233.00","233.00","226.50","229.00","-3.5000","466"
"1151005","7768","頌勝科技","152073","47089400","321.00","321.00","305.00","306.50","-6.5000","6311"
"1151005","7769","鴻勁","738855","4256259875","5660.00","5875.00","5610.00","5815.00","235.0000","8945"
"1151005","7780","大研生醫*","1869839","29727648","16.05","16.10","15.80","15.80","-0.2500","1286"
"1151005","7786","東方風能","224794","26640680","117.50","120.50","117.00","120.50","3.0000","170"
"1151005","7788","松川精密","3149388","1027254857","313.00","335.00","311.50","332.50","25.5000","6005"
"1151005","7791","皇家可口","37864","2057480","55.00","55.00","54.00","54.30","-0.7000","119"
"1151005","7795","長廣","1359092","766977271","555.00","574.00","554.00","559.00","11.0000","2653"
"1151005","7799","禾榮科","670073","361711156","546.00","550.00","531.00","537.00","-6.0000","1265"
"1151005","7803","雲象科技-創","133295","2336993","17.60","17.85","17.05","17.65","0.0500","72"
"1151005","7812","稜研科技*-創","214366","13942496","66.00","66.20","64.00","65.50","-0.4000","270"
"1151005","7818","溢泰實業","92532","5549789","60.00","60.20","59.80","60.00","0.0000","95"
"1151005","7821","神數","102659","3617522","35.50","35.55","35.10","35.15","-0.2000","142"
"1151005","7822","倍利科","222114","222818484","1010.00","1030.00","987.00","990.00","-10.0000","2333"
"1151005","7823","奧義賽博-KY創","78616","6268327","80.00","80.10","79.00","79.90","0.4000","62"
"1151005","7827","漢康-KY創","275143","45692107","166.50","167.50","163.50","167.50","0.5000","318"
"1151005","7835","永悅健康-創","28000","554150","19.60","19.90","19.60","19.90","-0.0500","13"
"1151005","7855","和運租車","288862","11947732","41.50","41.50","41.30","41.30","-0.1000","285"
"1151005","8011","台通","333516","5388295","16.10","16.25","16.05","16.10","0.0000","249"
"1151005","8016","矽創","443998","129925046","293.50","294.00","290.50","293.50","2.5000","888"
"1151005","8021","尖點","12199882","6831517730","560.00","577.00","536.00","560.00","7.0000","26017"
"1151005","8028","昇陽半導體","6222005","1773964599","288.50","290.50","280.50","281.50","-2.0000","8428"
"1151005","8033","雷虎","1982665","344586471","176.00","176.00","172.00","173.00","-2.0000","3603"
"1151005","8039","台虹","49438408","14702099689","290.00","308.00","283.00","303.50","7.5000","47869"
"1151005","8045","達運光電","243648","13868560","56.80","57.90","55.50","55.50","-0.8000","478"
"1151005","8046","南電","15131229","22733712050","1460.00","1550.00","1445.00","1495.00","35.0000","25975"
"1151005","8070","長華*","4704235","244892119","51.20","52.70","50.80","51.70","1.0000","3479"
"1151005","8072","陞泰","202654","5534122","27.80","27.80","27.10","27.10","-0.6000","201"
"1151005","8081","致新","589844","152164687","257.50","259.00","255.50","259.00","2.0000","775"
"1151005","8101","華冠","26378","259059","9.63","11.20","9.63","11.20","0.5000","38"
"1151005","8103","瀚荃","3823115","472225757","122.00","126.50","119.50","121.50","0.5000","3300"
"1151005","8104","錸寶","307528","9696264","31.85","31.85","31.35","31.35","-0.4000","406"
"1151005","8105","凌巨","3642000","56918429","15.85","16.10","15.25","15.30","-0.3000","1689"
"1151005","8110","華東","7409030","368440533","50.40","50.80","49.10","49.20","-0.7500","4928"
"1151005","8112","至上","5336243","449329804","84.60","84.60","83.90","84.10","0.0000","3362"
"1151005","8112A","至上甲特","21297","972313","45.70","45.70","45.60","45.60","-0.1000","12"
"1151005","8114","振樺電","139553","25024670","180.00","180.00","178.50","179.00","0.5000","276"
"1151005","8131","福懋科","1950288","124028687","64.10","64.10","63.00","63.50","0.0000","1796"
"1151005","8150","南茂","98413877","12464230675","133.00","133.00","123.00","124.00","-3.0000","60129"
"1151005","8162","微矽電子-創","324701","21785623","68.00","68.20","66.00","66.90","-0.5000","402"
"1151005","8163","達方","770051","23879985","31.30","31.40","30.70","30.70","-0.5000","711"
"1151005","8201","無敵","1102314","18421927","17.90","17.95","16.00","16.35","-0.7500","760"
"1151005","8210","勤誠","5109884","4512180282","849.00","907.00","845.00","890.00","49.0000","13258"
"1151005","8213","志超","278351","9533652","34.50","34.75","33.85","33.85","-0.4000","332"
"1151005","8215","明基材","2080719","60294551","29.75","29.75","28.50","28.60","-1.1000","1611"
"1151005","8222","寶一","347546","12363938","36.00","36.00","35.25","35.40","0.0000","250"
"1151005","8249","菱光","318501","13149060","41.00","42.25","40.50","40.50","-0.5000","585"
"1151005","8261","富鼎","15767944","3161090066","193.00","205.00","192.00","205.00","18.5000","13907"
"1151005","8271","宇瞻","1113436","224142794","203.50","203.50","200.50","200.50","-2.0000","1378"
"1151005","8341","日友","285825","21148135","74.20","74.20","73.80","73.80","-0.4000","261"
"1151005","8367","建新國際","12226","499947","41.00","41.00","40.75","40.75","0.1000","14"
"1151005","8374","羅昇","184904","14335157","77.40","78.60","76.90","76.90","-0.7000","236"
"1151005","8404","百和興業-KY","687868","8971680","13.10","13.20","13.00","13.00","-0.1500","229"
"1151005","8411","福貞-KY","161107","1881492","11.50","11.75","11.45","11.70","0.1000","99"
"1151005","8422","可寧衛*","5201338","131621487","25.55","25.55","25.20","25.30","-0.2000","3630"
"1151005","8429","金麗-KY","119693","710403","5.91","5.98","5.90","5.90","0.0000","137"
"1151005","8438","昶昕","843552","69418279","85.20","85.20","80.50","81.00","-3.2000","1260"
"1151005","8442","威宏-KY","28046","1292911","46.35","46.40","45.85","45.95","0.0500","27"
"1151005","8443","阿瘦","6670","73834","11.00","11.15","11.00","11.15","0.1500","41"
"1151005","8454","富邦媒","508046","119779559","241.50","241.50","234.00","234.50","-4.5000","1500"
"1151005","8462","柏文","27077","4269063","158.00","158.50","157.50","157.50","0.5000","81"
"1151005","8463","潤泰材","160142","3367818","21.20","21.40","20.90","21.00","-0.2000","67"
"1151005","8464","億豐","114691","41651479","367.00","367.00","361.00","362.50","1.5000","223"
"1151005","8466","美吉吉-KY","5010","75801","15.05","15.20","15.05","15.15","0.1000","6"
"1151005","8467","波力-KY","7152","627910","88.30","88.30","86.50","88.30","0.1000","14"
"1151005","8473","山林水","608140","24303262","39.00","40.75","38.75","40.35","1.4000","524"
"1151005","8476","台境*","307080","6274509","20.20","20.90","20.20","20.20","0.2000","161"
"1151005","8478","東哥遊艇","60064","8428411","141.00","141.00","139.50","139.50","-1.5000","125"
"1151005","8481","政伸","12096","492977","41.50","41.50","40.45","40.65","0.1000","14"
"1151005","8482","商億-KY","8050","383175","46.90","48.35","46.90","48.35","0.2500","10"
"1151005","8487","愛爾達-創","27192","1907354","70.30","70.30","70.00","70.00","-0.3000","71"
"1151005","8488","吉源-KY","89503","887948","9.99","10.20","9.80","9.84","0.1000","76"
"1151005","8499","鼎炫-KY","31516","8005552","254.50","256.50","252.00","256.00","1.5000","47"
"1151005","8926","台汽電","1880273","111575267","59.50","59.90","59.00","59.10","0.1000","1491"
"1151005","8940","新天地","12979","193785","15.15","15.15","14.80","14.95","0.1000","22"
"1151005","8996","高力","1594799","2515699425","1555.00","1600.00","1540.00","1595.00","85.0000","3377"
"1151005","9103","美德醫療-DR","820644","4028646","4.95","4.95","4.89","4.89","-0.0600","237"
"1151005","910322","康師傅-DR","54132","1255563","23.15","23.20","23.10","23.15","-0.3000","15"
"1151005","9105","泰金寶-DR","15204752","127347676","8.48","8.48","8.32","8.32","-0.0800","3550"
"1151005","910861","神州-DR","108200","510380","4.73","4.78","4.68","4.68","-0.0500","37"
"1151005","9110","越南控-DR","13080","37740","2.99","2.99","2.80","2.95","-0.0300","10"
"1151005","911608","明輝-DR","21338","56106","2.65","2.65","2.62","2.65","0.0000","349"
"1151005","911622","泰聚亨-DR","3000","10800","3.60","3.60","3.60","3.60","0.0000","3"
"1151005","911868","同方友友-DR","132012","152534","1.17","1.17","1.15","1.15","-0.0100","42"
"1151005","912000","晨訊科-DR","1345771","3279662","2.47","2.48","2.41","2.48","0.0000","291"
"1151005","9136","巨騰-DR","130171","1212880","9.39","9.39","9.26","9.37","-0.0100","58"
"1151005","9802","鈺齊-KY","299170","19249141","64.40","64.60","64.20","64.20","-0.2000","286"
"1151005","9902","台火","142403","1853709","13.15","13.15","12.95","12.95","-0.1000","130"
"1151005","9904","寶成","14875833","363579389","24.80","24.80","24.30","24.30","-0.4000","5130"
"1151005","9905","大華","72423","1545821","21.35","21.40","21.25","21.25","-0.0500","85"
"1151005","9906","欣巴巴","94593","3690091","39.55","39.60","38.60","38.85","-0.7000","151"
"1151005","9907","統一實","1475663","21918567","14.90","14.95","14.80","14.80","-0.1500","857"
"1151005","9908","大台北","79685","2310922","29.00","29.05","28.95","28.95","0.0000","85"
"1151005","9910","豐泰","2538458","169542345","68.00","68.00","66.50","66.70","-1.1000","2265"
"1151005","9911","櫻花","360655","29312457","81.50","81.50","81.10","81.30","-0.1000","461"
"1151005","9912","偉聯","41237","551310","13.85","13.85","13.05","13.10","0.3000","99"
"1151005","9914","美利達","1860153","124453163","68.30","68.30","66.40","66.40","-1.9000","2028"
"1151005","9917","中保科","365930","38766014","106.00","106.50","105.50","106.50","0.5000","500"
"1151005","9918","欣天然","16353","704952","43.20","43.30","42.80","42.80","-0.4000","37"
"1151005","9919","康那香","208511","2909397","13.85","14.00","13.85","13.90","0.0000","196"
"1151005","9921","巨大","1440346","129712145","91.40","91.80","88.80","89.10","-2.3000","1630"
"1151005","9924","福興","105592","4009475","37.80","38.20","37.80","37.90","-0.0500","292"
"1151005","9925","新保","840563","33138595","39.55","39.55","39.35","39.40","-0.1000","466"
"1151005","9926","新海","10300","505035","48.80","49.30","48.65","48.85","0.0500","20"
"1151005","9927","泰銘","209859","13046948","62.90","62.90","61.90","62.10","-0.8000","378"
"1151005","9928","中視","52442","945318","18.65","18.65","17.85","18.00","0.0000","51"
"1151005","9929","秋雨","1771600","19577410","11.35","11.35","11.00","11.05","0.0000","16"
"1151005","9930","中聯資源","111420","6636745","59.80","59.90","59.40","59.40","-0.4000","259"
"1151005","9931","欣高","18626","629770","34.00","34.00","33.70","33.85","0.0000","19"
"1151005","9933","中鼎","23071356","1091807297","48.75","48.75","45.90","46.35","0.5500","19335"
"1151005","9934","成霖","955114","9325720","9.86","9.86","9.68","9.69","-0.1400","468"
"1151005","9935","慶豐富","139558","2560199","18.30","18.40","18.25","18.30","0.0000","135"
"1151005","9937","全國","21920","1206548","56.10","56.10","54.40","54.40","0.2000","32"
"1151005","9938","百和","789057","29998214","38.20","38.20","37.90","37.90","-0.3500","536"
"1151005","9939","宏全","891636","111577852","124.50","126.50","123.00","126.50","2.0000","861"
"1151005","9940","信義","270654","5404154","20.10","20.10","19.90","19.90","-0.2000","235"
"1151005","9941","裕融","1901757","144152280","77.00","77.00","75.30","75.90","-0.8000","2669"
"1151005","9941A","裕融甲特","5095","247606","48.60","48.60","48.60","48.60","-0.1000","18"
"1151005","9942","茂順","89782","10168296","114.00","114.50","112.50","113.00","-0.5000","130"
"1151005","9943","好樂迪","43838","2211964","50.50","50.70","50.30","50.50","0.0000","77"
"1151005","9944","新麗","35151","603923","17.25","17.25","17.05","17.25","0.1500","51"
"1151005","9945","潤泰新","5792753","166720859","29.00","29.10","28.55","28.65","-0.4500","2885"
"1151005","9946","三發地產","290019","4835561","16.95","16.95","16.55","16.70","-0.1500","188"
"1151005","9955","佳龍","164052","3774018","23.20","23.20","22.85","22.90","-0.1000","204"
"1151005","9958","世紀鋼","1235777","111561264","91.50","91.50","89.80","89.80","-1.6000","1676"
