日期,證券代號,證券名稱,成交股數,成交金額,開盤價,最高價,最低價,收盤價,漲跌價差,成交筆數
"1151001","00400A","主動國泰動能高息","25716586","399315045","15.61","15.62","15.42","15.60","0.0400","6452"
"1151001","00401A","主動摩根台灣鑫收","4678108","66388858","14.25","14.27","14.13","14.26","0.0400","1231"
"1151001","00402A","主動安聯美國科技","29956985","303975030","10.08","10.23","10.08","10.22","0.2000","3085"
"1151001","00403A","主動統一升級50","202851174","2204873204","10.80","10.93","10.78","10.92","0.1300","30546"
"1151001","00404A","主動聯博動能50","5864249","57719486","9.83","9.89","9.80","9.88","0.0300","1191"
"1151001","00405A","主動富邦台灣龍耀","38274544","354625061","9.26","9.32","9.19","9.28","0.0200","4232"
"1151001","00406A","主動中信台灣收益","308261323","3063949182","9.95","10.01","9.89","10.00","0.0900","36475"
"1151001","00407A","主動凱基台灣","26761080","269621109","10.06","10.12","10.01","10.12","0.0600","3017"
"1151001","00408A","主動第一金優股息","1120688","11765347","10.51","10.55","10.45","10.55","0.0600","166"
"1151001","00409A","主動復華全球50","56865796","579187544","10.09","10.31","10.09","10.30","0.2100","3988"
"1151001","00410A","主動永豐科技趨勢","1874100","23294364","12.45","12.51","12.36","12.48","0.0500","462"
"1151001","0050","元大台灣50","55443347","6223565909","112.20","112.90","111.70","112.90","0.8500","73100"
"1151001","0051","元大中型100","50930","7584057","149.05","149.45","148.40","148.85","-0.2000","395"
"1151001","0052","富邦科技","17530841","1151607349","65.50","66.00","65.30","66.00","0.5500","9600"
"1151001","0053","元大電子","162099","41194359","253.00","255.70","252.95","255.70","3.6500","1046"
"1151001","0055","元大MSCI金融","1854543","89844580","49.65","49.65","48.12","48.70","-0.5700","7285"
"1151001","0056","元大高股息","42084968","2383816634","56.90","56.95","56.40","56.85","-0.1000","42568"
"1151001","0057","富邦摩台","6682","2230963","334.10","334.30","334.10","334.30","0.8500","470"
"1151001","0061","元大寶滬深","29974","697776","23.46","23.46","23.17","23.32","0.0700","138"
"1151001","006203","元大MSCI台灣","8134","1648031","202.30","203.30","202.30","203.30","0.1000","152"
"1151001","006204","永豐臺灣加權","3213","763885","237.95","239.30","237.95","239.30","-1.5500","93"
"1151001","006205","富邦上証","47985","1887300","39.33","39.37","39.20","39.21","-0.1100","147"
"1151001","006206","元大上證50","13952","510788","36.70","36.70","36.60","36.61","-0.1100","78"
"1151001","006207","復華滬深","106075","3280006","30.91","30.97","30.90","30.97","-0.1400","102"
"1151001","006208","富邦台50","1576398","405309795","256.40","258.40","256.25","258.25","1.9500","6833"
"1151001","00625K","富邦上証+R","","","","","","","0.0000",""
"1151001","00631L","元大台灣50正2","104514650","4103772177","39.13","39.62","38.90","39.62","0.6300","31152"
"1151001","00632R","元大台灣50反1","71656895","677019065","9.47","9.51","9.40","9.41","-0.0600","6605"
"1151001","00633L","富邦上証正2","720335","31840405","44.24","44.32","44.07","44.23","-0.0100","144"
"1151001","00634R","富邦上証反1","74000","240640","3.26","3.26","3.25","3.26","-0.0100","5"
"1151001","00635U","期元大S&P黃金","1562005","67038510","42.72","43.10","42.72","43.10","0.0600","1910"
"1151001","00636","國泰中國A50","194232","5128792","26.40","26.45","26.33","26.43","-0.1100","182"
"1151001","00636K","國泰中國A50+U","100","836","8.36","8.36","8.36","8.36","0.2000","1"
"1151001","00637L","元大滬深300正2","3815447","69817804","18.34","18.34","18.22","18.33","0.0100","675"
"1151001","00638R","元大滬深300反1","25000","173500","6.94","6.94","6.94","6.94","-0.0100","2"
"1151001","00639","富邦深100","401929","6074375","15.21","15.21","15.07","15.15","-0.0500","199"
"1151001","00640L","富邦日本正2","58977","6488922","109.00","111.20","109.00","111.20","1.3000","83"
"1151001","00641R","富邦日本反1","1173243","4256889","3.64","3.66","3.62","3.62","-0.0100","66"
"1151001","00642U","期元大S&P石油","997563","30709751","31.00","31.05","30.54","30.54","-0.2900","605"
"1151001","00643","群益深証中小","2194505","37600373","17.21","17.21","17.12","17.18","-0.0800","134"
"1151001","00643K","群益深証中小+R","","","","","","","0.0000",""
"1151001","00645","富邦日本","168620","9848828","58.10","58.80","58.10","58.70","0.3500","261"
"1151001","00646","元大S&P500","1614704","124716492","77.10","77.50","77.00","77.50","0.3500","3422"
"1151001","00647L","元大S&P500正2","22360","3095206","138.25","138.80","138.05","138.80","0.5000","59"
"1151001","00648R","元大S&P500反1","506000","1984130","3.92","3.94","3.92","3.92","0.0100","28"
"1151001","00650L","復華香港正2","148571","2363026","15.82","15.94","15.82","15.92","-0.0400","54"
"1151001","00651R","復華香港反1","189998","1012898","5.35","5.35","5.33","5.33","-0.0200","14"
"1151001","00652","富邦印度","139748","4346434","31.20","31.20","31.05","31.13","-0.0700","270"
"1151001","00653L","富邦印度正2","699169","28346898","40.70","40.76","40.36","40.51","-0.4900","127"
"1151001","00654R","富邦印度反1","8000","57570","7.20","7.20","7.19","7.19","0.0600","4"
"1151001","00655L","國泰中國A50正2","201166","6191969","30.80","30.84","30.65","30.84","0.0100","56"
"1151001","00656R","國泰中國A50反1","211000","1292530","6.14","6.14","6.12","6.12","-0.0100","6"
"1151001","00657","國泰日經225","370367","29838077","80.35","81.60","80.30","81.60","2.3000","113"
"1151001","00657K","國泰日經225+U","500","12745","25.49","25.49","25.49","25.49","0.6500","1"
"1151001","00660","元大歐洲50","27795","1267045","45.63","45.63","45.59","45.60","-0.8300","123"
"1151001","00661","元大日經225","128086","11360449","87.90","89.35","87.85","89.35","2.6500","263"
"1151001","00662","富邦NASDAQ","2162883","271325463","124.75","126.20","124.75","126.20","2.0000","2968"
"1151001","00663L","國泰臺灣加權正2","2626393","297693933","113.15","114.60","112.20","114.60","1.7500","1497"
"1151001","00664R","國泰臺灣加權反1","6713184","10255268","1.53","1.54","1.52","1.53","0.0000","358"
"1151001","00665L","富邦恒生國企正2","1183948","10439470","8.84","8.84","8.80","8.84","0.0000","147"
"1151001","00666R","富邦恒生國企反1","","","","","","","0.0000",""
"1151001","00668","國泰美國道瓊","102048","6096988","59.60","59.85","59.60","59.85","-0.2500","143"
"1151001","00668K","國泰美國道瓊+U","500","9340","18.68","18.68","18.68","18.68","-0.1000","1"
"1151001","00669R","國泰美國道瓊反1","1362288","7399165","5.42","5.44","5.42","5.43","0.0600","110"
"1151001","00670L","富邦NASDAQ正2","608131","129743244","212.00","215.65","211.90","215.65","6.1500","833"
"1151001","00671R","富邦NASDAQ反1","1197333","2794580","2.35","2.35","2.33","2.33","-0.0300","138"
"1151001","00673R","期元大S&P原油反1","16461067","179225686","10.81","10.98","10.80","10.97","0.1100","1920"
"1151001","00674R","期元大S&P黃金反1","43273","1270205","29.36","29.41","29.24","29.24","-0.0400","35"
"1151001","00675L","富邦臺灣加權正2","485185","166724596","342.75","347.15","340.05","347.15","5.3000","801"
"1151001","00676R","富邦臺灣加權反1","4795819","25048315","5.24","5.25","5.20","5.20","-0.0400","412"
"1151001","00678","群益那斯達克生技","442685","19387664","43.73","43.98","43.70","43.98","0.1500","139"
"1151001","00680L","元大美債20正2","28045497","159643274","5.76","5.76","5.65","5.72","-0.1100","2080"
"1151001","00681R","元大美債20反1","876100","20244975","23.04","23.13","23.04","23.10","0.3100","32"
"1151001","00682U","期元大美元指數","43000","898800","20.90","20.91","20.90","20.91","0.1000","6"
"1151001","00683L","期元大美元指正2","93002","2083874","22.28","22.42","22.28","22.42","0.1300","16"
"1151001","00684R","期元大美元指反1","50000","742000","14.84","14.84","14.84","14.84","0.0000","1"
"1151001","00685L","群益臺灣加權正2","123358626","1600122668","12.94","13.10","12.84","13.10","0.1900","21488"
"1151001","00686R","群益臺灣加權反1","3238185","3012896","0.94","0.94","0.92","0.92","-0.0200","346"
"1151001","00688L","國泰20年美債正2","8413394","47707716","5.72","5.72","5.64","5.71","-0.0900","872"
"1151001","00689R","國泰20年美債反1","119000","2876960","24.15","24.24","24.15","24.17","0.2600","8"
"1151001","00690","兆豐藍籌30","138457","11414580","82.35","82.85","81.80","82.85","0.5500","312"
"1151001","00692","富邦公司治理","517017","50128800","96.60","97.40","96.30","97.40","0.8000","972"
"1151001","00693U","期街口S&P黃豆","950564","22297269","23.51","23.53","23.39","23.40","-0.2800","201"
"1151001","00700","富邦恒生國企","52388","883409","16.77","17.04","16.77","16.84","-0.0800","128"
"1151001","00701","國泰股利精選30","226073","9290653","41.42","41.42","40.90","41.41","-0.0100","504"
"1151001","00702","國泰標普低波高息","383558","8908502","23.10","23.24","23.07","23.17","-0.2100","114"
"1151001","00703","台新MSCI中國","7168","134706","18.90","18.90","18.79","18.79","-0.0200","88"
"1151001","00706L","期元大S&P日圓正2","441117","8420071","19.15","19.15","19.05","19.05","-0.2900","243"
"1151001","00707R","期元大S&P日圓反1","","","","","","","0.0000",""
"1151001","00708L","期元大S&P黃金正2","2482848","178807055","71.40","72.65","71.40","72.65","0.4500","1553"
"1151001","00709","富邦歐洲","19713","769448","39.00","39.02","38.96","38.98","-0.4800","157"
"1151001","00710B","復華彭博非投等債","269072","4987859","18.52","18.58","18.51","18.56","0.0400","67"
"1151001","00711B","復華彭博新興債","234063","3439293","14.76","14.76","14.65","14.71","-0.0600","117"
"1151001","00712","復華富時不動產","118917492","869475721","7.33","7.33","7.29","7.31","-0.2300","22674"
"1151001","00713","元大台灣高息低波","3399132","213193608","62.85","62.85","62.55","62.85","-0.1500","4715"
"1151001","00714","群益道瓊美國地產","211167","4294470","20.34","20.37","20.29","20.36","-0.2500","138"
"1151001","00715L","期街口布蘭特正2","2662123","171967200","65.10","65.50","63.50","63.55","0.2000","1142"
"1151001","00717","富邦美國特別股","144508","2097371","14.47","14.54","14.47","14.54","0.0700","84"
"1151001","00728","第一金工業30","69415","4860288","69.90","70.40","69.65","70.40","0.2000","332"
"1151001","00730","富邦臺灣優質高息","105151","3138046","29.72","29.90","29.72","29.90","0.1800","264"
"1151001","00731","復華富時高息低波","525894","50906120","97.75","97.75","96.65","97.50","-0.5000","223"
"1151001","00733","富邦臺灣中小","537959","38943157","71.70","72.90","71.65","72.85","1.3000","936"
"1151001","00735","國泰臺韓科技","899903","97841251","107.95","109.70","107.75","109.65","1.7000","1236"
"1151001","00736","國泰新興市場","101889","3214181","31.55","31.60","31.55","31.60","-0.0300","92"
"1151001","00737","國泰AI機器人","120440","4985721","41.06","41.57","41.06","41.57","0.7000","168"
"1151001","00738U","期元大道瓊白銀","1481865","71455091","47.86","48.55","47.80","48.55","0.1800","926"
"1151001","00739","元大MSCI A股","2988","79106","26.50","26.50","26.50","26.50","-0.1000","128"
"1151001","00752","中信中國50","487429","10868738","22.35","22.35","22.27","22.31","-0.0300","290"
"1151001","00753L","中信中國50正2","3996293","34407861","8.60","8.64","8.57","8.64","0.0000","482"
"1151001","00757","統一FANG+","813576","117733715","143.65","145.35","143.65","145.35","2.1500","1669"
"1151001","00762","元大全球AI","179280","21947214","120.35","123.00","120.35","123.00","2.2500","524"
"1151001","00763U","期街口道瓊銅","131047","4529552","34.56","34.66","34.47","34.66","-0.0100","119"
"1151001","00770","國泰北美科技","454344","29925222","65.40","66.30","65.40","66.30","1.1000","605"
"1151001","00771","元大US高息特別股","8512","127336","14.96","14.97","14.95","14.95","-0.0100","67"
"1151001","00775B","台新投等債15+","83397","2468768","29.60","29.65","29.60","29.65","-0.1200","10"
"1151001","00783","富邦中証500","3726","100853","27.20","27.20","27.07","27.07","-0.0800","127"
"1151001","00830","國泰費城半導體","9753830","876458515","89.00","90.90","89.00","90.90","2.1000","12093"
"1151001","00850","元大臺灣ESG永續","536447","51677071","96.05","96.70","95.65","96.50","0.4500","876"
"1151001","00851","台新全球AI","59325","4361054","73.15","73.85","73.15","73.85","0.7000","117"
"1151001","00852L","國泰美國道瓊正2","310327","10061378","32.41","32.59","32.35","32.59","-0.5000","162"
"1151001","00861","元大全球未來通訊","199051","17787355","88.85","90.20","88.85","90.20","1.7000","431"
"1151001","00865B","國泰US短期公債","2099422","103013626","49.00","49.12","48.97","49.12","0.1300","592"
"1151001","00875","國泰網路資安","148633","8593246","57.65","58.25","57.65","58.25","1.2000","366"
"1151001","00876","元大全球5G","361343","33234542","91.25","92.75","91.00","92.75","1.5000","723"
"1151001","00878","國泰永續高股息","34467088","1198824742","34.87","34.91","34.68","34.89","-0.0100","29486"
"1151001","00881","國泰台灣科技龍頭","8913190","466005413","52.30","52.60","52.00","52.60","0.4000","5646"
"1151001","00882","中信中國高股息","1961420","29198634","14.92","14.94","14.83","14.84","-0.0800","877"
"1151001","00885","富邦越南","1348285","24167554","17.99","17.99","17.86","17.94","-0.0600","698"
"1151001","00891","中信關鍵半導體","7469760","281305404","37.60","37.82","37.50","37.82","0.2900","4075"
"1151001","00892","富邦台灣半導體","3837891","164725029","43.00","43.17","42.77","43.08","0.0300","1401"
"1151001","00893","國泰智能電動車","3370101","154878745","45.73","46.33","45.71","46.33","0.6000","619"
"1151001","00894","中信小資高價30","1057094","52733053","49.84","50.15","49.61","50.05","0.2100","704"
"1151001","00895","富邦未來車","639816","33347891","51.70","52.40","51.70","52.40","0.7000","399"
"1151001","00896","中信綠能及電動車","2568275","71424652","27.79","27.88","27.70","27.84","0.0700","1505"
"1151001","00897","富邦基因免疫生技","1192745","16962097","14.22","14.27","14.18","14.27","0.0500","460"
"1151001","00898","國泰基因免疫革命","762881","9213358","12.08","12.11","12.05","12.11","0.0300","331"
"1151001","00899","FT潔淨能源","63215","1403209","22.28","22.28","22.14","22.20","0.0600","134"
"1151001","00900","富邦特選高股息30","3308829","63871459","19.40","19.41","19.19","19.40","0.0000","1429"
"1151001","00901","永豐智能車供應鏈","552179","26781871","48.07","48.59","48.07","48.59","0.4400","167"
"1151001","00902","中信電池及儲能","471891","5907245","12.44","12.59","12.44","12.59","0.1600","265"
"1151001","00903","富邦元宇宙","211769","4701592","21.97","22.29","21.97","22.29","0.4400","157"
"1151001","00904","台新臺灣半導體30","1972670","85931206","43.63","43.72","43.43","43.69","0.2600","1137"
"1151001","00905","FT臺灣Smart","771230","21334393","27.65","27.81","27.56","27.80","0.1500","920"
"1151001","00907","永豐優息存股","892752","15692645","17.74","17.74","17.53","17.64","-0.1000","532"
"1151001","00908","富邦入息REITs+","31285","454973","14.53","14.56","14.53","14.55","0.0100","74"
"1151001","00909","國泰數位支付服務","987579","47406058","47.88","48.51","47.72","48.51","-0.1100","939"
"1151001","00910","第一金太空衛星","510896","29183446","57.25","57.75","56.90","57.70","0.4500","905"
"1151001","00911","兆豐洲際半導體","814248","46632005","56.80","58.00","56.75","58.00","1.3000","2685"
"1151001","00912","中信臺灣智慧50","544016","19653461","36.66","36.66","35.86","36.21","0.0100","422"
"1151001","00913","兆豐台灣晶圓製造","1031732","54523132","52.65","53.10","52.55","53.00","0.3000","770"
"1151001","00915","凱基優選高股息30","1567439","51615941","33.07","33.15","32.81","33.13","0.0600","563"
"1151001","00916","國泰全球品牌50","474822","12804330","27.00","27.04","26.88","27.04","0.1900","343"
"1151001","00917","中信特選金融","833763","18587399","22.38","22.38","22.26","22.33","-0.1200","624"
"1151001","00918","大華優利高填息30","42307443","1429536520","33.88","33.89","33.70","33.89","0.0000","28083"
"1151001","00919","群益台灣精選高息","147842613","4662668421","31.73","31.73","31.41","31.63","-0.2500","102569"
"1151001","00920","富邦ESG綠色電力","359674","8975249","24.75","25.00","24.75","24.99","0.1100","202"
"1151001","00921","兆豐龍頭等權重","124051","2910813","23.58","23.58","23.40","23.48","-0.1300","256"
"1151001","00922","國泰台灣領袖50","7840645","341685763","43.64","43.86","43.41","43.85","0.2000","6940"
"1151001","00923","群益台ESG低碳50","2495630","103779759","41.51","41.82","41.40","41.82","0.3100","1645"
"1151001","00924","復華S&P500成長","2322859","78932274","33.80","34.09","33.80","34.09","0.3100","1143"
"1151001","00926","凱基全球菁英55","432210","11535710","26.64","26.77","26.63","26.77","0.1800","214"
"1151001","00927","群益半導體收益","41649614","1670774824","40.41","40.41","39.84","40.29","0.4000","14712"
"1151001","00929","復華台灣科技優息","24482847","722140349","29.36","29.59","29.36","29.59","0.2400","8073"
"1151001","00930","永豐ESG低碳高息","1439173","34165641","23.80","23.80","23.70","23.79","-0.0100","613"
"1151001","00932","兆豐永續高息等權","292940","5136698","17.52","17.55","17.51","17.55","0.0300","127"
"1151001","00934","中信成長高股息","1156602","34680127","29.86","30.04","29.86","30.01","0.0600","619"
"1151001","00935","野村臺灣新科技50","4964957","303471067","61.20","61.55","60.75","61.55","0.6000","3777"
"1151001","00936","台新永續高息中小","186008","4007204","21.62","21.62","21.51","21.57","-0.0100","266"
"1151001","00938","凱基優選30","912052","24315699","26.84","26.84","26.50","26.79","-0.1200","306"
"1151001","00939","統一台灣高息動能","3587232","85702980","24.04","24.04","23.79","24.02","-0.0800","1844"
"1151001","00940","元大台灣價值高息","9356116","122904067","13.11","13.19","13.08","13.18","0.0600","2499"
"1151001","00941","中信上游半導體","2728690","71623946","25.88","26.42","25.88","26.42","0.6100","874"
"1151001","00943","兆豐電子高息等權","135659","2860117","21.09","21.17","21.03","21.17","0.1500","138"
"1151001","00944","野村趨勢動能高息","102727","2260512","21.95","22.10","21.91","22.10","0.1500","203"
"1151001","00945B","凱基美國非投等債","2630921","37332565","14.20","14.21","14.16","14.20","0.0100","486"
"1151001","00946","群益科技高息成長","1209363","18692800","15.42","15.47","15.40","15.47","0.0500","590"
"1151001","00947","台新臺灣IC設計","5840468","235912313","40.56","40.57","40.21","40.45","-0.0100","2954"
"1151001","00949","復華日本龍頭","750328","16552434","22.15","22.20","21.98","22.19","0.0400","215"
"1151001","00951","台新日本半導體","4668364","88037590","18.55","19.09","18.55","19.09","0.9900","1605"
"1151001","00952","凱基台灣AI50","2123391","39262920","18.39","18.56","18.39","18.55","0.1600","458"
"1151001","00953B","群益優選非投等債","24498128","232979139","9.50","9.52","9.50","9.52","0.0100","6051"
"1151001","00954","中信日本半導體","4093724","82364420","19.80","20.34","19.80","20.34","1.0100","1285"
"1151001","00956","中信日經高股息","233075","3124911","13.40","13.43","13.34","13.43","-0.1600","224"
"1151001","00960","野村全球航運龍頭","442683","9881035","22.38","22.38","22.21","22.31","-0.0700","2559"
"1151001","00961","FT臺灣永續高息","10944527","144890583","13.26","13.27","13.21","13.27","0.0300","2969"
"1151001","00962","台新AI優息動能","4494118","67955785","15.09","15.18","15.07","15.18","0.1300","907"
"1151001","00963","中信全球高股息","1818173","22648044","12.51","12.51","12.44","12.49","-0.0300","754"
"1151001","00964","中信亞太高股息","892803","13176811","14.85","14.85","14.75","14.78","-0.0400","402"
"1151001","00965","元大航太防衛科技","9858600","247985544","25.19","25.37","25.10","25.37","0.1800","1368"
"1151001","00971","野村美國研發龍頭","226747","4070827","17.85","18.03","17.85","18.03","0.2300","239"
"1151001","00972","野村日本動能高息","102245","2200525","21.52","21.58","21.48","21.58","-0.2400","48"
"1151001","009800","中信NASDAQ","1575697","21363062","13.45","13.65","13.45","13.65","0.2300","597"
"1151001","009801","中信美國創新科技","1226305","14388933","11.68","11.82","11.68","11.82","0.1800","303"
"1151001","009802","富邦旗艦50","2074035","41337757","20.05","20.05","19.84","19.98","-0.0900","1232"
"1151001","009803","玉山市值動能50","3043479","66001694","21.64","21.80","21.58","21.79","0.1800","1231"
"1151001","009804","聯邦台精彩50","692246","16601931","24.01","24.09","23.88","24.09","0.0800","390"
"1151001","009805","台新美國電力基建","2732367","40689675","14.85","14.95","14.84","14.95","-0.0100","1063"
"1151001","009808","華南永昌優選50","65676","2105615","32.01","32.20","31.96","32.20","0.1500","51"
"1151001","009809","富邦淨零ESG50","62369","1158623","18.54","18.69","18.51","18.69","0.1100","77"
"1151001","00980A","主動野村臺灣優選","9041437","229620679","25.46","25.57","25.25","25.55","0.1400","3107"
"1151001","009810","玉山全球藍籌100","69420","1486463","21.37","21.46","21.37","21.46","0.1400","29"
"1151001","009811","統一美國50","2500475","33974745","13.50","13.62","13.50","13.62","0.1300","543"
"1151001","009812","野村日本東證","483359","6326423","13.16","13.16","13.03","13.15","-0.0200","253"
"1151001","009813","貝萊德標普卓越50","4970561","57464902","11.50","11.61","11.50","11.61","0.1200","530"
"1151001","009816","凱基台灣TOP50","96626053","1596037385","16.50","16.60","16.43","16.60","0.1100","24167"
"1151001","009817","國泰日本不動產","1489099","12952209","8.76","8.76","8.68","8.69","-0.1100","365"
"1151001","009818","華南永昌NASDAQxT","399634","8559539","21.34","21.53","21.34","21.53","0.3600","97"
"1151001","009819","中信數據及電力","2210625","21424897","9.66","9.74","9.64","9.74","0.0700","760"
"1151001","00981A","主動統一台股增長","113187922","3485355767","30.63","31.03","30.53","31.00","0.4600","33895"
"1151001","00981T","平衡凱基雙核收息","1827207","21197175","11.61","11.64","11.58","11.64","0.0000","472"
"1151001","009820","元大納斯達克精選","20705889","219113826","10.53","10.67","10.53","10.67","0.2100","2278"
"1151001","009821","野村稀土關鍵資源","7930670","104740913","13.24","13.27","13.19","13.21","-0.0900","3087"
"1151001","009824","群益美國科技巨頭","6826228","72924869","10.61","10.76","10.61","10.75","0.1900","1272"
"1151001","009826","貝萊德世界股票","8273634","83009419","10.05","10.05","10.02","10.05","0.0200","2551"
"1151001","009827","玉山未來全球算力","2968319","30769367","10.29","10.43","10.29","10.42","0.1300","611"
"1151001","009828","中信台日韓PCB","35197217","361701509","10.22","10.39","10.16","10.38","0.2600","5845"
"1151001","009829","大華韓國KOSPI50","19172503","207545844","10.77","10.99","10.72","10.98","0.2000","1702"
"1151001","00982A","主動群益台灣強棒","10059669","232220040","23.08","23.19","22.94","23.15","0.0800","3464"
"1151001","00982D","主動富邦動態入息","558927","5201036","9.31","9.33","9.30","9.32","-0.0200","211"
"1151001","00982T","平衡兆豐台美動能","272723","4223215","15.51","15.54","15.41","15.52","0.1100","40"
"1151001","00983A","主動中信ARK創新","759106","10139533","13.30","13.42","13.29","13.42","0.1200","377"
"1151001","00983D","主動富邦複合收益","550130","5265132","9.57","9.59","9.56","9.59","0.0000","248"
"1151001","00984A","主動安聯台灣高息","2833257","44373466","15.71","15.71","15.60","15.68","-0.0300","1659"
"1151001","00984D","主動聯博全球非投","13002359","126568278","9.72","9.75","9.71","9.75","0.0200","1361"
"1151001","00985A","主動野村台灣50","28030344","664182099","23.73","23.81","23.61","23.81","0.3100","9097"
"1151001","00985B","群益ESG投等債0-5","3894563","39255215","10.06","10.10","10.06","10.10","0.0200","483"
"1151001","00986A","主動台新龍頭成長","681513","10174950","14.80","14.99","14.80","14.99","0.1900","143"
"1151001","00987A","主動台新優勢成長","1148558","19791512","17.29","17.31","17.13","17.31","0.0400","433"
"1151001","00988A","主動統一全球創新","22243705","378036411","16.85","17.19","16.85","17.18","0.3900","7316"
"1151001","00989A","主動摩根美國科技","922775","16593064","17.76","18.08","17.76","18.08","0.4200","325"
"1151001","00990A","主動元大AI新經濟","14668990","236761649","16.04","16.29","16.04","16.29","0.3400","3842"
"1151001","00991A","主動復華未來50","68643276","1250582167","18.20","18.37","18.05","18.33","0.3300","14094"
"1151001","00991B","貝萊德A級公司債","258080","3675528","14.21","14.29","14.21","14.29","-0.0400","16"
"1151001","00992A","主動群益科技創新","39337608","743692057","19.00","19.04","18.75","19.02","0.2000","10299"
"1151001","00993A","主動安聯台灣","4771720","66257399","13.88","13.98","13.78","13.98","0.2000","1000"
"1151001","00994A","主動第一金台股優","4733743","81580896","17.30","17.32","17.10","17.29","0.0600","1557"
"1151001","00995A","主動中信台灣卓越","1846637","32873423","17.83","17.90","17.68","17.89","0.1100","718"
"1151001","00996A","主動兆豐台灣豐收","5652353","82554995","14.66","14.66","14.52","14.66","0.1800","1506"
"1151001","00997A","主動群益美國增長","11426422","135141406","11.76","11.94","11.75","11.93","0.2100","2008"
"1151001","00999A","主動野村臺灣高息","4877218","54915891","11.28","11.32","11.20","11.30","0.0200","1505"
"1151001","01001T","土銀富邦R1","21000","233410","11.13","11.13","11.11","11.11","-0.0200","8"
"1151001","01002T","土銀國泰R1","62000","790600","12.80","12.80","12.71","12.71","-0.0900","13"
"1151001","01004T","土銀富邦R2","77460","773590","10.02","10.02","9.98","9.99","-0.0200","26"
"1151001","01007T","兆豐國泰R2","57000","642480","11.31","11.32","11.26","11.32","0.0100","20"
"1151001","01009T","王道圓滿R1","5190000","26187290","5.57","5.59","5.57","5.58","-0.0100","12"
"1151001","01010T","京城樂富R1","82384","823043","9.99","10.00","9.99","10.00","0.0000","5"
"1151001","020000","富邦特選蘋果N","22000","732710","33.37","33.37","33.16","33.35","0.4800","5"
"1151001","020011","統一微波高息20N","","","","","","","0.0000",""
"1151001","020012","富邦行動通訊N","1000","23130","23.13","23.13","23.13","23.13","0.0000","1"
"1151001","02001L","富邦蘋果正二N","84000","13299550","158.50","160.75","155.80","160.75","7.5000","58"
"1151001","020020","元大台股領航N","35000","1055670","29.87","30.20","29.87","30.20","-0.1000","4"
"1151001","020028","元大特選電動車N","11000","229710","20.90","20.95","20.77","20.95","-0.2100","5"
"1151001","020029","元大ESG高股息N","2000","41440","20.72","20.72","20.72","20.72","-0.0900","1"
"1151001","020030","統一智慧電動車N","4000","84560","21.05","21.29","21.05","21.29","0.2400","3"
"1151001","020031","統一IC設計臺灣N","4000","47010","11.79","11.79","11.71","11.72","-0.0700","3"
"1151001","020032","元大綠能N","10000","112500","11.25","11.25","11.25","11.25","0.0400","1"
"1151001","020034","元大IC設計N","11000","186230","16.96","16.96","16.90","16.90","-0.2500","5"
"1151001","020036","元大金融配息N","2000","22750","11.38","11.38","11.37","11.37","0.0000","2"
"1151001","020037","元大金融高股息N","12000","151840","12.63","12.81","12.63","12.81","0.0000","3"
"1151001","020038","元大ESG配息N","1000","16040","16.04","16.04","16.04","16.04","0.0000","1"
"1151001","020039","元大加權N","150000","2316130","15.39","15.47","15.39","15.47","0.0600","8"
"1151001","1101","台泥","54833108","1412587301","26.30","26.40","25.45","25.55","-0.7500","21296"
"1151001","1101B","台泥乙特","6384","277196","43.40","43.50","43.40","43.50","0.1000","16"
"1151001","1102","亞泥","11842180","420783956","35.70","35.90","35.20","35.65","-0.1500","3820"
"1151001","1103","嘉泥","301629","3971821","13.25","13.25","13.10","13.20","0.0000","205"
"1151001","1104","環泥","520149","13837771","26.65","26.75","26.55","26.70","0.0000","346"
"1151001","1108","幸福","151559","1689101","11.05","11.20","11.05","11.15","0.0000","89"
"1151001","1109","信大","206947","2753336","13.40","13.40","13.25","13.30","-0.0500","160"
"1151001","1110","東泥","120182","1759942","14.55","14.75","14.55","14.65","0.0000","98"
"1151001","1201","味全","706723","8176890","11.65","11.65","11.50","11.60","-0.0500","406"
"1151001","1203","味王","3554","154411","43.65","43.90","43.65","43.90","0.2000","43"
"1151001","1210","大成","990702","51261613","51.80","52.00","51.50","51.70","-0.3000","1013"
"1151001","1213","大飲","6025","42857","7.18","7.18","7.00","7.00","-0.4700","7"
"1151001","1215","卜蜂","322122","33896774","105.00","105.50","104.50","105.50","0.5000","676"
"1151001","1216","統一","5933943","438809204","73.90","74.20","73.70","73.90","-0.3000","4034"
"1151001","1217","愛之味","203542","2023530","9.95","9.96","9.91","9.96","0.0100","221"
"1151001","1218","泰山","260576","3780386","14.60","14.60","14.45","14.50","-0.1000","260"
"1151001","1219","福壽","81323","929585","11.50","11.55","11.35","11.45","0.0000","104"
"1151001","1220","台榮","50838","548733","10.85","10.85","10.75","10.85","0.0000","139"
"1151001","1225","福懋油","60991","1477096","24.50","24.50","23.70","24.20","-0.3500","119"
"1151001","1227","佳格","342204","9598567","28.10","28.15","28.00","28.10","0.0000","299"
"1151001","1229","聯華","2550357","102441582","39.95","40.40","39.95","40.20","0.3000","1927"
"1151001","1231","聯華食","223078","17766548","79.60","79.90","79.50","79.80","0.2000","359"
"1151001","1232","大統益","107013","16425663","153.50","154.50","153.00","153.00","-0.5000","182"
"1151001","1233","天仁","5292","148218","28.00","28.10","28.00","28.10","0.0000","14"
"1151001","1234","黑松","90393","2967703","32.90","32.90","32.80","32.90","-0.1000","124"
"1151001","1235","興泰","42911","1414341","32.95","33.15","32.90","32.90","-0.2500","65"
"1151001","1236","宏亞","13674","348373","25.45","25.80","25.30","25.50","0.0500","47"
"1151001","1256","鮮活果汁-KY","12051","2024766","168.00","168.50","167.50","168.50","0.5000","74"
"1151001","1301","台塑","19100785","1283671665","68.20","69.20","66.30","66.80","-1.3000","24480"
"1151001","1303","南亞","57138460","14560587946","256.00","261.50","250.50","254.00","-1.5000","62871"
"1151001","1304","台聚","1522353","18977117","12.60","12.70","12.35","12.45","-0.2000","682"
"1151001","1305","華夏","670622","8159376","12.40","12.40","12.10","12.15","-0.2000","535"
"1151001","1307","三芳","531905","16712612","31.50","31.55","31.30","31.45","-0.0500","320"
"1151001","1308","亞聚","758207","10765396","14.35","14.40","14.10","14.20","-0.2500","433"
"1151001","1309","台達化","1146443","15716048","14.00","14.00","13.60","13.70","-0.2500","868"
"1151001","1310","台苯","2511718","22813456","9.25","9.32","9.02","9.02","-0.2300","1457"
"1151001","1312","國喬","8517813","125385680","15.00","15.15","14.60","14.60","-0.4000","3156"
"1151001","1312A","國喬特","499","11449","","","","","0.0000","4"
"1151001","1313","聯成","4532235","56424616","12.40","12.80","12.25","12.40","0.1000","1510"
"1151001","1314","中石化","34798207","310960646","9.09","9.14","8.86","8.89","-0.1100","8616"
"1151001","1315","達新","10790","737927","68.90","68.90","68.10","68.70","-0.1000","80"
"1151001","1316","上曜","1238358","13171164","10.70","10.80","10.50","10.50","-0.2000","387"
"1151001","1319","東陽","1483670","115836271","78.20","78.60","77.50","78.60","0.7000","1246"
"1151001","1321","大洋","45000","1452650","32.45","32.50","32.15","32.50","0.1000","37"
"1151001","1323","永裕","9048","194303","21.45","21.50","21.25","21.50","0.0500","30"
"1151001","1324","地球","32639","325564","9.99","10.05","9.94","10.05","0.0600","61"
"1151001","1325","恆大","97552","2514690","25.75","25.90","25.70","25.70","-0.2000","124"
"1151001","1326","台化","18698939","1275555034","69.40","70.90","67.50","67.70","-2.0000","12581"
"1151001","1337","再生-KY","195911","874501","4.47","4.48","4.44","4.47","0.0000","137"
"1151001","1338","廣華-KY","221510","3383648","15.70","15.70","15.05","15.30","-0.3000","189"
"1151001","1339","昭輝","53816","2290073","42.90","42.90","42.15","42.70","0.3500","78"
"1151001","1340","勝悅-KY","62541","325590","5.24","5.24","5.19","5.23","-0.0100","100"
"1151001","1341","富林-KY","2248","132939","59.00","59.00","59.00","59.00","-0.9000","7"
"1151001","1342","八貫","108543","10853889","100.00","100.50","99.60","100.00","0.0000","135"
"1151001","1402","遠東新","14615452","408051947","28.20","28.25","27.70","27.95","-0.3000","4953"
"1151001","1409","新纖","8727863","213339758","24.60","24.75","24.30","24.40","-0.5000","4091"
"1151001","1410","南染","39399","955634","24.00","24.60","24.00","24.15","0.0500","68"
"1151001","1413","宏洲","9329","85926","9.29","9.29","9.20","9.25","0.0300","34"
"1151001","1414","東和","78345","1366413","17.65","17.70","17.35","17.35","-0.3000","90"
"1151001","1416","廣豐","463909","5373071","11.50","11.70","11.50","11.65","0.2000","242"
"1151001","1417","嘉裕","168685","1364436","8.10","8.15","8.05","8.13","-0.0100","90"
"1151001","1418","東華","11038","203491","18.40","18.50","18.40","18.50","0.1500","24"
"1151001","1419","新紡","21795","1432794","66.30","66.30","65.40","65.80","-0.3000","81"
"1151001","1423","利華","2010","71359","35.50","35.50","35.50","35.50","-0.5000","3"
"1151001","1432","大魯閣","61056","915920","15.00","15.05","14.95","15.05","0.0500","202"
"1151001","1434","福懋","1414846","25468388","18.15","18.25","17.90","17.95","-0.2000","843"
"1151001","1435","中福","20285","434745","21.85","22.50","20.30","22.00","-0.4000","29"
"1151001","1436","華友聯","86138","3052394","35.70","35.70","35.35","35.35","-0.3500","112"
"1151001","1437","勤益控","62770","1999059","31.85","31.90","31.80","31.85","0.0000","44"
"1151001","1438","三地開發","27847","600324","21.40","21.80","21.25","21.80","0.6500","38"
"1151001","1439","雋揚","59033","1707690","28.95","29.05","28.85","28.95","0.0500","22"
"1151001","1440","南紡","2962057","39687888","13.50","13.70","13.30","13.40","-0.2500","885"
"1151001","1441","大東","39105","387453","9.92","9.93","9.87","9.87","-0.1300","169"
"1151001","1442","名軒","966889","25859579","27.10","27.15","26.50","26.50","-0.7000","476"
"1151001","1443","立益物流","3001","70223","23.50","23.50","23.35","23.35","-0.1000","4"
"1151001","1444","力麗","1233444","8606045","7.13","7.16","6.90","6.90","-0.2200","781"
"1151001","1445","大宇","49190","495565","10.10","10.10","10.00","10.00","-0.1000","29"
"1151001","1446","宏和","29311","393218","13.35","13.45","13.35","13.45","0.0500","22"
"1151001","1447","力鵬","1028818","6753961","6.78","6.78","6.50","6.51","-0.2600","846"
"1151001","1449","佳和","192790","2384024","12.50","12.50","12.30","12.30","-0.2000","274"
"1151001","1451","年興","199338","3365931","16.90","17.00","16.80","17.00","0.0000","93"
"1151001","1452","宏益","19052","205695","10.80","10.80","10.75","10.80","0.0000","27"
"1151001","1453","大將","11353","123970","10.90","10.90","10.90","10.90","0.0000","68"
"1151001","1454","台富","11668","142754","12.35","12.35","12.15","12.15","-0.0500","35"
"1151001","1455","集盛","326384","3214851","9.94","9.95","9.81","9.84","-0.1000","434"
"1151001","1456","怡華","158906","2338074","14.60","14.90","14.45","14.80","0.1500","106"
"1151001","1457","宜進","71418","1024923","14.30","14.45","14.30","14.45","0.0500","41"
"1151001","1459","聯發","215213","3624265","16.75","17.00","16.70","17.00","0.3000","231"
"1151001","1460","宏遠","169811","1059195","6.25","6.25","6.22","6.23","-0.0300","119"
"1151001","1463","強盛新","12067","211825","17.50","17.60","17.50","17.50","0.0000","18"
"1151001","1464","得力","328472","3278132","9.98","10.00","9.96","10.00","0.0200","225"
"1151001","1465","偉全","52021","605236","11.60","11.70","11.60","11.65","0.0000","63"
"1151001","1466","聚隆","118037","1736740","14.85","14.90","14.65","14.70","-0.1500","84"
"1151001","1467","南緯","372161","2934319","8.02","8.02","7.70","7.94","-0.0900","242"
"1151001","1468","昶和","63000","840850","13.35","13.55","13.05","13.55","0.0500","41"
"1151001","1470","大統新創","6000","145150","24.15","24.40","24.15","24.40","0.2500","5"
"1151001","1471","首利","88354","834172","9.46","9.49","9.37","9.49","0.0300","96"
"1151001","1472","三洋實業","103196","9157958","88.80","88.80","88.20","88.80","0.0000","89"
"1151001","1473","台南","99306","1912805","19.30","19.30","19.25","19.25","0.0000","429"
"1151001","1474","弘裕","80621","806040","10.05","10.10","9.93","10.05","0.0000","64"
"1151001","1475","業旺","6000","156850","26.15","26.20","26.05","26.05","0.0500","6"
"1151001","1476","儒鴻","831703","228513205","275.00","276.50","273.50","274.50","0.5000","1155"
"1151001","1477","聚陽","912315","173700896","192.00","192.00","189.50","190.50","-1.5000","1349"
"1151001","1503","士電","346701","68309314","197.50","198.00","196.00","197.50","0.0000","722"
"1151001","1504","東元","2132864","147321751","69.30","69.40","68.80","69.10","0.0000","2820"
"1151001","1506","正道","375836","3562381","9.53","9.55","9.44","9.50","-0.0300","133"
"1151001","1512","瑞利","54716","338698","6.11","6.29","6.10","6.20","0.0900","40"
"1151001","1513","中興電","1480846","247598387","169.00","169.00","166.50","166.50","-1.5000","4646"
"1151001","1514","亞力","553808","56491039","103.00","103.00","101.50","102.00","-0.5000","787"
"1151001","1515","力山","501315","14680329","30.20","30.20","29.10","29.25","-0.5500","425"
"1151001","1516","川飛","17631","239261","13.70","13.70","13.40","13.50","-0.2000","263"
"1151001","1517","利奇","157323","1630024","10.50","10.50","10.30","10.40","-0.1000","165"
"1151001","1519","華城","849523","585235803","694.00","696.00","687.00","688.00","-5.0000","5315"
"1151001","1521","大億","5274","136129","25.85","25.90","25.65","25.80","0.2000","11"
"1151001","1522","堤維西","203560","5409877","26.95","26.95","26.40","26.45","-0.3500","207"
"1151001","1524","耿鼎","176035","4562620","26.15","26.15","25.80","25.95","-0.1500","196"
"1151001","1525","江申","10199","649474","63.80","63.80","63.70","63.70","0.0000","43"
"1151001","1526","日馳","28704","425916","15.00","15.00","14.80","14.95","-0.1000","36"
"1151001","1527","鑽全","137401","4502205","32.70","32.90","32.65","32.80","0.1000","154"
"1151001","1528","恩德","3331136","83855532","25.45","25.55","25.00","25.00","-0.8500","2495"
"1151001","1529","樂事綠能","437915","6911156","16.20","16.20","15.65","15.65","-0.3000","595"
"1151001","1530","亞崴","11314","303464","26.65","26.90","26.65","26.85","0.0500","32"
"1151001","1531","高林股","82880","957857","11.65","11.65","11.45","11.60","-0.0500","78"
"1151001","1532","勤美","206021","4579130","22.35","22.35","22.15","22.20","-0.1000","152"
"1151001","1533","車王電","54006","1647333","30.70","30.70","30.40","30.55","0.2500","44"
"1151001","1535","中宇","15847","723706","45.80","45.90","45.30","45.85","0.0500","24"
"1151001","1536","和大","510512","23808320","47.10","47.10","46.50","46.65","-0.2500","458"
"1151001","1537","廣隆","143652","16418411","114.50","115.00","114.00","115.00","0.0000","188"
"1151001","1538","正峰","15832","119926","7.48","7.83","7.48","7.83","0.3500","19"
"1151001","1539","巨庭","25405","396743","15.75","15.80","15.45","15.65","0.2000","30"
"1151001","1540","喬福","51011","985191","19.30","19.50","19.20","19.50","0.2000","119"
"1151001","1541","錩泰","6283","130100","20.65","20.85","20.65","20.75","-0.1500","15"
"1151001","1558","伸興","385719","41854875","112.50","112.50","104.00","112.50","0.0000","846"
"1151001","1560","中砂","1592741","1574474919","963.00","1015.00","963.00","1000.00","37.0000","4017"
"1151001","1563","巧新","196239","14778653","75.50","76.30","74.80","76.10","0.5000","557"
"1151001","1568","倉佑","365521","11900494","33.15","33.15","32.25","32.70","-0.1000","263"
"1151001","1582","信錦","214712","15313640","72.50","72.50","71.00","71.10","-0.8000","440"
"1151001","1583","程泰","8092","378379","47.20","47.20","46.50","47.05","0.2500","9"
"1151001","1587","吉茂","99688","2388074","24.60","24.60","23.85","23.85","-0.6000","164"
"1151001","1590","亞德客-KY","668109","792181143","1195.00","1200.00","1175.00","1185.00","-15.0000","1394"
"1151001","1597","直得","4660046","705665092","147.00","158.50","141.00","154.50","8.0000","4968"
"1151001","1598","岱宇","103610","2120640","20.50","20.55","20.40","20.55","0.0500","65"
"1151001","1603","華電","151204","4629855","30.65","30.75","30.40","30.65","0.0500","136"
"1151001","1604","聲寶","155413","3632807","23.45","23.50","23.30","23.35","-0.1000","207"
"1151001","1605","華新","34858998","1343639574","39.05","39.10","38.00","38.55","0.1500","15354"
"1151001","1608","華榮","1428176","51450202","36.30","36.40","35.75","35.95","-0.3000","1339"
"1151001","1609","大亞","4848716","187555434","39.25","39.30","38.25","38.70","-0.0500","4245"
"1151001","1611","中電","407999","4669828","11.50","11.55","11.35","11.45","-0.1000","360"
"1151001","1612","宏泰","598564","21090587","35.70","35.70","35.05","35.15","-0.5500","457"
"1151001","1614","三洋電","55732","1731622","31.15","31.25","30.90","31.25","0.1000","360"
"1151001","1615","大山","125204","5338063","42.95","42.95","42.45","42.70","-0.2500","164"
"1151001","1616","億泰","190591","3515759","18.70","18.70","18.35","18.35","-0.3000","170"
"1151001","1617","榮星","9152630","232482812","24.90","26.45","24.40","24.80","0.7500","4503"
"1151001","1618","合機","232698","9052902","39.00","39.05","38.80","38.80","-0.1500","290"
"1151001","1623","大東電","38560","7653473","199.00","199.50","197.50","198.50","-2.0000","77"
"1151001","1626","艾美特-KY","13550","131912","9.80","9.80","9.70","9.72","0.1200","42"
"1151001","1702","南僑","227316","7561708","33.00","34.00","32.85","33.45","0.4000","222"
"1151001","1707","葡萄王","291489","24882629","85.60","85.60","85.10","85.50","-0.2000","584"
"1151001","1708","東鹼","3644386","194773451","53.80","54.00","53.00","53.60","-0.2000","3514"
"1151001","1709","和益","28453763","1508039075","51.80","53.20","51.60","53.20","4.8000","8814"
"1151001","1710","東聯","5875087","99675570","16.70","17.30","16.60","17.00","0.2500","2468"
"1151001","1711","永光","2699361","108909045","41.10","41.10","39.85","40.55","-0.3500","1939"
"1151001","1712","興農","364657","14474323","39.80","39.80","39.65","39.65","-0.1500","451"
"1151001","1713","國化","86205","3652581","42.50","42.60","42.20","42.45","0.0000","140"
"1151001","1714","和桐","6256321","102062387","16.60","16.60","16.20","16.20","-0.3000","2825"
"1151001","1717","長興","7328417","541650590","74.60","74.90","73.20","73.50","-0.5000","6217"
"1151001","1718","中纖","10229352","108781043","10.80","10.90","10.55","10.65","-0.2000","2996"
"1151001","1720","生達","74151","4154512","56.10","56.10","55.90","56.10","-0.2000","107"
"1151001","1721","國慶科技","3409492","90560481","26.00","27.50","25.75","26.60","0.1500","2938"
"1151001","1722","台肥","1602478","66066506","41.50","41.60","41.15","41.15","-0.4000","1537"
"1151001","1723","中碳","767219","61334040","80.60","81.00","79.50","79.70","-1.0000","938"
"1151001","1725","元禎","38197","1288823","34.05","34.35","33.50","33.50","-0.6500","58"
"1151001","1726","永記","13130","1002710","76.30","76.60","76.20","76.50","0.0000","47"
"1151001","1727","中華化","18550381","2047948415","108.00","116.00","105.50","112.00","3.0000","13264"
"1151001","1730","花仙子","29960","1535733","51.20","51.30","51.20","51.30","0.1000","43"
"1151001","1731","美吾華","67690","1411891","20.90","20.90","20.75","20.85","-0.0500","56"
"1151001","1732","毛寶","34514","897557","26.15","26.15","25.95","26.00","-0.1500","87"
"1151001","1733","五鼎","79199","2356336","29.70","29.90","29.50","29.85","0.2500","121"
"1151001","1734","杏輝","157024","5014677","31.85","32.10","31.80","32.10","0.0000","273"
"1151001","1735","日勝化","51610","1050541","20.40","20.55","20.15","20.15","-0.0500","78"
"1151001","1736","喬山","100252","12829832","130.00","130.00","127.00","127.50","-1.0000","214"
"1151001","1737","臺鹽","102338","3072819","30.10","30.10","30.00","30.00","-0.0500","114"
"1151001","1752","南光","66550","2094223","31.45","31.55","31.35","31.35","-0.1500","72"
"1151001","1760","寶齡富錦","117063","6378331","54.30","54.70","54.30","54.60","0.0000","195"
"1151001","1762","中化生","22332","760696","34.45","34.45","33.85","33.95","-0.4000","72"
"1151001","1773","勝一","512879","86653289","168.00","171.50","167.00","167.50","0.0000","664"
"1151001","1776","展宇","29014","522349","18.35","18.35","17.80","18.05","-0.1000","63"
"1151001","1783","和康生","43420","1604157","36.90","37.35","36.90","37.35","0.1000","86"
"1151001","1786","科妍","97010","4195764","43.30","43.55","42.80","43.25","-0.0500","176"
"1151001","1789","神隆","277794","5220993","18.80","18.95","18.70","18.80","-0.1500","181"
"1151001","1795","美時","681616","121040119","177.50","180.00","177.00","177.00","-2.0000","809"
"1151001","1802","台玻","15496264","913096038","60.00","60.00","58.30","58.80","-1.1000","11051"
"1151001","1805","寶徠","27124","272374","10.05","10.10","10.00","10.10","0.0500","66"
"1151001","1806","冠軍","344515","2726514","7.99","7.99","7.88","7.92","-0.0800","268"
"1151001","1808","潤隆","1385047","43711289","31.70","32.00","31.40","31.70","0.0500","726"
"1151001","1809","中釉","5728368","265049289","47.00","47.75","45.55","45.75","-2.1000","10101"
"1151001","1810","和成","1319890","31819483","24.45","24.45","23.95","24.00","-0.4500","911"
"1151001","1817","凱撒衛","16995","680389","40.15","40.15","40.00","40.00","0.1500","36"
"1151001","1903","士紙","24918","1183129","47.70","47.80","47.25","47.65","-0.1500","55"
"1151001","1904","正隆","2000585","48420273","24.60","24.60","24.05","24.10","-0.5000","2437"
"1151001","1905","華紙","4228154","54140034","13.10","13.10","12.65","12.80","-0.2500","1719"
"1151001","1906","寶隆","29188","315037","10.85","10.85","10.75","10.80","-0.1000","67"
"1151001","1907","永豐餘","1143383","31929970","28.40","28.40","27.75","28.00","-0.4000","1014"
"1151001","1909","榮成","1189488","12114042","10.25","10.35","10.10","10.20","-0.1000","378"
"1151001","2002","中鋼","38390897","729189316","19.20","19.25","18.85","18.95","-0.2500","9177"
"1151001","2002A","中鋼特","21557","805708","37.25","37.50","37.25","37.50","0.2500","20"
"1151001","2006","東和鋼鐵","2447124","207531646","85.60","86.70","84.10","84.60","-0.8000","6706"
"1151001","2007","燁興","231238","1616950","7.01","7.05","6.91","7.00","0.0000","106"
"1151001","2008","高興昌","5244","161119","30.55","30.85","30.55","30.85","-0.2500","26"
"1151001","2009","第一銅","1229356","48408329","40.00","40.00","39.15","39.30","-0.7000","1047"
"1151001","2010","春源","1526972","34616490","23.00","23.10","22.40","22.50","-0.5000","757"
"1151001","2012","春雨","29406","420540","14.40","14.40","14.20","14.35","-0.0500","36"
"1151001","2013","中鋼構","32397","1340009","41.35","41.60","41.30","41.50","-0.1000","188"
"1151001","2014","中鴻","2893468","49551952","17.45","17.45","16.95","17.10","-0.3000","1428"
"1151001","2015","豐興","75885","4862760","64.30","64.30","63.90","64.20","0.0000","78"
"1151001","2017","官田鋼","252574","2283230","9.13","9.13","8.96","9.09","-0.0400","241"
"1151001","2020","美亞","21074637","589451581","29.20","29.25","26.00","26.20","-0.5000","12261"
"1151001","2022","聚亨","208884","1518497","7.33","7.36","7.21","7.34","0.0100","582"
"1151001","2023","燁輝","1896256","26361893","13.85","14.10","13.75","13.80","0.0500","723"
"1151001","2024","志聯","43413","571771","12.90","13.45","12.90","13.30","0.4000","47"
"1151001","2025","千興","4380086","62533018","14.85","15.00","13.70","14.05","-0.6000","2118"
"1151001","2027","大成鋼","15670981","756066070","48.20","49.10","47.70","48.05","0.6000","7630"
"1151001","2028","威致","237108","4025808","17.15","17.25","16.60","16.60","-0.5500","258"
"1151001","2029","盛餘","510760","11370233","22.65","22.80","21.85","22.00","-0.4500","287"
"1151001","2030","彰源","70647596","2689357454","37.20","40.00","36.05","37.65","0.9500","59802"
"1151001","2031","新光鋼","753695","35027972","46.90","47.00","46.05","46.20","-0.3000","706"
"1151001","2032","新鋼","5176631","103404636","20.30","20.90","19.15","19.60","-0.7000","2696"
"1151001","2033","佳大","1489009","68358982","45.10","46.55","44.00","46.55","4.2000","682"
"1151001","2034","允強","9284967","222439388","24.70","24.90","23.40","23.60","-1.2000","5537"
"1151001","2038","海光","474343","6157544","13.20","13.30","12.75","12.90","-0.3000","281"
"1151001","2049","上銀","1302617","435972297","336.00","337.50","332.50","335.00","0.0000","1920"
"1151001","2059","川湖","339243","4033393225","12270.00","12270.00","11760.00","11835.00","-220.0000","9982"
"1151001","2062","橋椿","111204","2007458","18.05","18.20","18.00","18.00","-0.0500","59"
"1151001","2069","運錩","1821078","47520418","26.65","27.20","25.35","25.75","-0.9500","1155"
"1151001","2072","世紀風電","207748","27780373","132.50","134.50","132.00","134.00","2.5000","287"
"1151001","2101","南港","1688108","50263215","30.10","30.10","29.65","29.65","-0.2500","1173"
"1151001","2102","泰豐","373982","6245374","16.60","16.85","16.55","16.85","0.3000","1615"
"1151001","2103","台橡","1423826","39681754","28.10","28.20","27.70","27.95","-0.2000","820"
"1151001","2104","國際中橡","3126051","34688359","11.05","11.35","10.95","11.00","-0.1500","1052"
"1151001","2105","正新","3575667","109352851","30.60","30.85","30.50","30.55","-0.1000","1841"
"1151001","2106","建大","300105","5000197","16.65","16.75","16.60","16.65","0.0000","316"
"1151001","2107","厚生","400598","10797157","26.90","27.05","26.80","26.95","-0.0500","625"
"1151001","2108","南帝","452033","12830392","28.75","28.75","28.25","28.35","-0.4000","305"
"1151001","2109","華豐","72070","1033960","14.40","14.40","14.30","14.40","0.0000","66"
"1151001","2114","鑫永銓","9392","842734","89.70","90.00","89.30","90.00","0.1000","23"
"1151001","2115","六暉-KY","34888","832717","23.90","23.95","23.70","23.85","-0.0500","45"
"1151001","2201","裕隆","2076309","60741015","29.30","29.50","29.20","29.20","-0.0500","1401"
"1151001","2204","中華","204052","10652329","52.20","52.30","52.00","52.20","-0.1000","387"
"1151001","2206","三陽工業","299411","18685503","62.20","62.60","62.10","62.60","0.5000","679"
"1151001","2207","和泰車","239429","122738884","512.00","515.00","508.00","515.00","6.0000","404"
"1151001","2208","台船","3315980","62949129","19.15","19.15","18.85","18.85","-0.3000","1913"
"1151001","2211","長榮鋼","586620","46564915","79.70","79.90","79.10","79.30","-0.4000","649"
"1151001","2227","裕日車","27062","1213707","45.00","45.00","44.70","45.00","0.0000","27"
"1151001","2228","劍麟","88266","6673578","74.90","76.30","74.90","75.70","0.9000","129"
"1151001","2231","為升","329706","31213053","97.00","97.50","92.20","92.90","-1.8000","370"
"1151001","2233","宇隆","224485","37615309","168.00","169.50","165.00","168.50","1.5000","373"
"1151001","2236","百達-KY","413705","44520946","109.50","109.50","106.00","108.50","-1.0000","341"
"1151001","2237","華德動能-創","40201","1077444","26.75","26.95","26.75","26.75","0.0000","37"
"1151001","2239","英利-KY","28206","533563","19.00","19.15","18.75","19.05","0.1000","45"
"1151001","2241","艾姆勒","3600149","161857829","46.00","46.20","44.00","44.05","-2.1000","2742"
"1151001","2243","宏旭-KY","138505","7262101","52.60","53.50","51.90","52.20","-0.4000","1061"
"1151001","2247","汎德永業","19395","4362911","224.50","225.50","224.00","225.50","1.0000","410"
"1151001","2248","華勝-KY","5702","351294","61.90","61.90","61.40","61.40","0.1000","6"
"1151001","2250","IKKA-KY","112855","6344741","56.90","57.00","55.60","55.70","-1.3000","153"
"1151001","2254","巨鎧精密-創","1662968","156265834","93.00","94.60","93.00","94.10","1.5000","702"
"1151001","2258","鴻華先進-創","537180","17182314","32.00","32.45","31.75","31.90","-0.1000","400"
"1151001","2301","光寶科","9330365","2633314952","278.00","285.00","278.00","284.50","5.0000","8995"
"1151001","2302","麗正","6731653","313228579","44.90","47.15","44.90","46.50","1.5000","6489"
"1151001","2303","聯電","114242075","18128901416","156.00","161.50","155.50","161.50","7.0000","70700"
"1151001","2305","全友","9397489","586747683","65.30","65.30","61.90","61.90","-6.8000","7563"
"1151001","2308","台達電","6119811","11586905180","1925.00","1935.00","1860.00","1905.00","15.0000","26647"
"1151001","2312","金寶","4886792","151264720","31.30","31.35","30.70","31.00","-0.2500","3019"
"1151001","2313","華通","6854303","1539717552","227.00","228.00","223.00","224.50","-2.0000","9189"
"1151001","2314","台揚","212224","2429819","11.40","11.80","11.30","11.50","0.3000","169"
"1151001","2316","楠梓電","2448561","410404785","167.50","172.00","164.50","167.00","1.0000","2575"
"1151001","2317","鴻海","30526551","7721055751","253.00","254.00","250.50","254.00","2.5000","20339"
"1151001","2321","東訊","4468","106347","23.65","23.65","23.50","23.50","-0.8000","11"
"1151001","2324","仁寶","25328443","932348613","37.20","37.30","36.65","36.65","-0.4500","13317"
"1151001","2327","國巨*","74137455","43606168571","560.00","602.00","560.00","602.00","54.0000","107465"
"1151001","2328","廣宇","1214940","58091459","47.65","48.35","47.50","47.75","0.2000","1148"
"1151001","2329","華泰","1772390","78727206","45.10","45.10","44.20","44.35","-0.4500","1954"
"1151001","2330","台積電","20666092","51702445610","2490.00","2510.00","2485.00","2510.00","30.0000","57634"
"1151001","2331","精英","700402","13416556","19.20","19.25","19.05","19.15","-0.0500","412"
"1151001","2332","友訊","5301945","107660598","20.60","20.60","20.15","20.15","-0.4500","2425"
"1151001","2337","旺宏","16468161","1995123411","121.00","122.50","119.50","121.00","-1.5000","11838"
"1151001","2338","光罩","2741462","129954006","47.55","47.95","47.00","47.20","-0.1000","2363"
"1151001","2340","台亞","40533802","1751006879","40.80","44.70","40.25","43.85","3.0500","25169"
"1151001","2342","茂矽","7460322","369978459","50.30","50.50","49.00","49.35","-0.9500","5664"
"1151001","2344","華邦電","64785773","11594391808","178.00","180.50","175.50","180.00","0.5000","46665"
"1151001","2345","智邦","5872368","10987166435","1795.00","1910.00","1785.00","1900.00","125.0000","17489"
"1151001","2347","聯強","5965468","568771273","95.00","96.20","94.40","95.40","0.5000","3494"
"1151001","2348","海悅","108740","7655030","70.40","70.60","70.20","70.40","-0.2000","174"
"1151001","2348A","海悅甲特","33049","1272141","38.55","38.55","38.45","38.45","-0.1000","16"
"1151001","2349","錸德","2276956","23861632","10.65","10.75","10.35","10.50","-0.2000","837"
"1151001","2351","順德","3449076","727988219","210.00","214.50","207.00","212.50","3.5000","3676"
"1151001","2352","佳世達","3305366","96785911","29.70","29.75","29.10","29.10","-0.5500","3417"
"1151001","2353","宏碁","10102356","320932417","31.65","31.90","31.40","31.85","0.2000","4687"
"1151001","2354","鴻準","21963245","1460434049","67.10","69.50","65.30","66.20","0.5000","12589"
"1151001","2355","敬鵬","1319934","54670364","41.85","42.00","41.25","41.30","-0.5000","1210"
"1151001","2356","英業達","8414140","499614825","59.60","59.80","59.00","59.70","0.2000","6236"
"1151001","2357","華碩","1566104","1513796786","961.00","971.00","960.00","965.00","4.0000","2508"
"1151001","2359","所羅門","889565","114124780","129.00","129.00","128.00","128.00","-0.5000","1142"
"1151001","2360","致茂","2619905","5427160360","2125.00","2150.00","2025.00","2080.00","-55.0000","12157"
"1151001","2362","藍天","479520","22418015","47.00","47.15","46.60","46.60","-0.3000","734"
"1151001","2363","矽統","9203056","554576363","59.30","61.00","59.10","60.60","1.5000","6954"
"1151001","2364","倫飛","81552","5303219","65.00","65.40","64.60","64.90","-0.1000","229"
"1151001","2365","昆盈","666337","18692473","28.35","28.40","27.90","28.20","-0.1500","654"
"1151001","2367","燿華","3785466","164035488","43.80","43.80","42.90","43.35","-0.2000","5185"
"1151001","2368","金像電","9076956","9997381060","1120.00","1125.00","1085.00","1095.00","-25.0000","17425"
"1151001","2369","菱生","3071153","97650761","32.15","32.20","31.65","31.75","-0.4000","2717"
"1151001","2371","大同","33538127","1031965317","31.00","31.60","30.30","30.50","0.0500","18583"
"1151001","2373","震旦行","12490","661620","53.30","53.30","52.80","53.00","0.1000","18"
"1151001","2374","佳能","1221265","81530895","67.50","67.50","66.50","66.70","-0.5000","1821"
"1151001","2375","凱美","8440304","1045671373","119.00","127.00","119.00","124.50","6.5000","7829"
"1151001","2376","技嘉","4284244","1551503649","361.00","369.00","358.50","368.50","10.0000","5292"
"1151001","2377","微星","3015613","459812953","151.50","153.50","151.00","152.50","1.5000","2931"
"1151001","2379","瑞昱","3150180","2394811797","753.00","769.00","751.00","762.00","2.0000","4491"
"1151001","2380","虹光","41137","698296","17.00","17.15","16.85","17.00","0.0000","190"
"1151001","2382","廣達","14875737","4946633232","333.00","335.00","330.00","334.00","0.5000","15086"
"1151001","2383","台光電","1363430","6698010765","4950.00","4975.00","4855.00","4975.00","40.0000","15727"
"1151001","2385","群光","1776109","187543790","104.50","106.50","104.50","105.50","1.0000","1498"
"1151001","2387","精元","142099","5189152","36.50","36.75","36.35","36.55","0.1000","133"
"1151001","2388","威盛","3772346","279149405","73.30","75.30","72.80","73.30","0.3000","5171"
"1151001","2390","云辰","247599","2522755","10.30","10.30","10.10","10.15","-0.1500","207"
"1151001","2392","正崴","893005","37179689","41.20","41.95","41.20","41.60","0.0000","1045"
"1151001","2393","億光","1196217","76932865","64.50","64.60","63.80","64.50","0.0000","1049"
"1151001","2395","研華","1657283","1199032593","731.00","734.00","718.00","723.00","-3.0000","3050"
"1151001","2397","友通","77471","4871250","63.10","63.10","62.50","63.10","0.1000","110"
"1151001","2399","映泰","18929412","959524541","49.00","51.30","48.60","51.30","2.3500","10345"
"1151001","2401","凌陽","6341638","170858902","26.90","27.20","26.55","26.85","0.1000","3888"
"1151001","2402","毅嘉","1592787","91515216","58.50","59.30","56.70","57.20","-1.3000","3518"
"1151001","2404","漢唐","1828034","2374827010","1280.00","1315.00","1270.00","1305.00","15.0000","5263"
"1151001","2405","輔信","1893686","29343112","15.55","15.70","15.30","15.30","0.0500","1000"
"1151001","2406","國碩","6902322","216763896","31.90","31.90","31.10","31.40","-0.0500","4574"
"1151001","2408","南亞科","27085390","14010912840","515.00","522.00","510.00","519.00","0.0000","31248"
"1151001","2409","友達","932903295","36277769915","39.80","40.00","37.80","38.30","-0.2500","298222"
"1151001","2412","中華電","8628434","1248190797","144.00","146.00","143.00","145.50","2.0000","4087"
"1151001","2413","環科","2839552","147978965","51.60","53.60","50.70","51.60","0.2000","2421"
"1151001","2414","精技","47056","2493465","53.30","53.30","52.80","53.20","-0.1000","104"
"1151001","2415","錩新","81248","2211316","27.45","27.45","27.05","27.25","0.0500","182"
"1151001","2417","圓剛","226049","8817341","39.40","39.40","38.85","38.95","-0.3500","378"
"1151001","2419","仲琦","868654","25375479","29.75","29.75","29.00","29.05","-0.6500","920"
"1151001","2420","新巨","1734967","100042640","55.40","59.00","55.20","58.00","3.0000","1876"
"1151001","2421","建準","1500134","244674357","162.00","164.50","160.50","164.00","3.5000","1649"
"1151001","2423","固緯","155965","11066650","72.00","72.00","70.30","71.60","-0.5000","170"
"1151001","2424","隴華","29020","242120","8.02","8.43","8.02","8.16","-0.1400","22"
"1151001","2425","承啟","472709","17885318","37.55","38.20","37.55","37.75","0.2500","429"
"1151001","2426","鼎元","60579280","6448719604","106.50","111.50","102.00","103.00","-1.0000","36857"
"1151001","2427","三商電","326919","7625973","23.35","23.50","23.25","23.30","-0.0500","731"
"1151001","2428","興勤","1837260","476863823","253.00","263.00","253.00","261.00","9.5000","2337"
"1151001","2429","銘旺科","174885","5390459","30.80","31.40","30.60","30.75","-0.2000","365"
"1151001","2430","燦坤","20062","363693","18.15","18.20","18.05","18.10","-0.1500","47"
"1151001","2431","聯昌","52066","525877","10.15","10.15","10.05","10.15","0.0000","43"
"1151001","2432","倚天酷碁-創","2204","60868","27.70","27.70","27.60","27.60","-0.0500","8"
"1151001","2433","互盛電","27552","1108221","40.45","40.45","40.05","40.20","-0.2500","38"
"1151001","2434","統懋","470446","29943948","65.80","65.90","62.50","62.90","-2.5000","607"
"1151001","2436","偉詮電","5128346","382001037","74.20","75.50","73.90","74.00","-0.5000","4135"
"1151001","2438","翔耀","68287","1358023","19.90","20.25","19.70","19.95","0.0500","57"
"1151001","2439","美律","1185652","90828654","77.30","77.50","76.20","76.50","-0.8000","1123"
"1151001","2440","太空梭","106400","1525738","14.30","14.40","14.25","14.40","0.0000","74"
"1151001","2441","超豐","2286709","283342747","125.50","125.50","123.00","124.50","-1.0000","2428"
"1151001","2442","新美齊","584765","8367607","14.35","14.40","14.25","14.30","-0.1000","415"
"1151001","2444","兆勁","2798688","42597177","15.40","15.80","15.00","15.00","-0.9000","1403"
"1151001","2449","京元電子","14832156","4373864506","298.00","298.50","292.00","296.00","1.5000","21783"
"1151001","2450","神腦","57825","1632986","28.30","28.35","28.20","28.30","0.1000","73"
"1151001","2451","創見","1342152","387889998","292.00","292.00","287.00","289.50","0.5000","7294"
"1151001","2453","凌群","181828","9706667","53.70","53.80","53.20","53.30","-0.3000","187"
"1151001","2454","聯發科","4378234","21570795185","4875.00","4980.00","4875.00","4980.00","60.0000","43081"
"1151001","2455","全新","2010853","1079758693","552.00","552.00","530.00","546.00","-6.0000","5794"
"1151001","2457","飛宏","875354","19343227","22.40","22.40","22.00","22.05","-0.5000","693"
"1151001","2458","義隆","1517721","209208174","137.00","139.00","136.00","138.50","1.0000","1517"
"1151001","2459","敦吉","65989","4272491","64.90","65.00","64.50","64.90","-0.1000","71"
"1151001","2460","建通","182478","5528284","30.60","30.70","29.90","30.60","0.0500","205"
"1151001","2461","光群雷","630493","11012088","18.00","18.00","17.25","17.40","-0.4500","453"
"1151001","2462","良得電","53335","1057105","19.95","19.95","19.75","19.90","-0.0500","98"
"1151001","2464","盟立","8277531","1591240393","193.50","195.50","189.50","193.50","1.0000","8080"
"1151001","2465","麗臺","1460228","134436342","91.50","93.60","90.00","93.20","2.0000","2338"
"1151001","2466","冠西電","5280903","692150401","128.00","136.00","127.00","128.50","4.0000","4367"
"1151001","2467","志聖","878273","477361559","545.00","555.00","537.00","543.00","4.0000","1595"
"1151001","2468","華經","993907","44404820","45.50","45.60","44.30","44.55","-0.9500","919"
"1151001","2471","資通","92092","4779379","51.90","52.00","51.70","52.00","0.2000","128"
"1151001","2472","立隆電","5071180","1136657250","213.50","229.00","213.50","226.00","12.5000","5852"
"1151001","2474","可成","1387154","287590978","206.00","208.00","206.00","207.50","1.0000","3178"
"1151001","2476","鉅祥","858837","104720777","123.50","123.50","120.50","123.00","-0.5000","865"
"1151001","2477","美隆電","175918","4055235","23.35","23.35","22.85","23.10","-0.0500","379"
"1151001","2478","大毅","6254538","785128770","120.50","128.50","120.50","124.50","4.5000","6170"
"1151001","2480","敦陽科","87403","13942857","160.50","160.50","159.00","160.00","0.0000","221"
"1151001","2481","強茂","23859129","4191876099","172.00","179.00","171.50","177.50","5.5000","18832"
"1151001","2482","連宇","57932","945540","16.50","16.50","16.25","16.30","-0.1500","174"
"1151001","2483","百容","5737472","207032601","36.15","37.45","34.30","36.60","0.8500","3904"
"1151001","2484","希華","40048717","3311654586","78.40","85.80","77.30","84.60","6.6000","31475"
"1151001","2485","兆赫","2456324","100068474","41.75","41.75","40.40","40.50","-1.2000","3941"
"1151001","2486","一詮","8667512","2172319941","241.00","259.00","241.00","248.50","8.5000","8405"
"1151001","2488","漢平","28095","1376493","48.85","49.20","48.80","48.95","0.1000","95"
"1151001","2489","瑞軒","12754502","523505376","42.00","42.05","40.60","40.65","-1.1500","9382"
"1151001","2491","吉祥全","513778","20768072","41.05","41.25","40.00","40.50","-0.3000","542"
"1151001","2492","華新科","51670689","16462221350","302.50","329.00","302.50","329.00","29.5000","49459"
"1151001","2493","揚博","988907","194979066","197.50","200.00","195.50","197.00","-0.5000","3285"
"1151001","2495","普安","864591","33488935","39.40","39.40","38.50","38.60","-0.4500","1169"
"1151001","2496","卓越","15908","875365","55.10","55.10","55.00","55.10","0.1000","25"
"1151001","2497","怡利電","207894","9204437","44.95","44.95","43.90","44.00","-0.3500","255"
"1151001","2498","宏達電","23409453","1048021821","43.50","46.85","43.50","43.70","0.8000","12591"
"1151001","2501","國建","1745076","36781981","21.15","21.25","20.95","21.05","-0.0500","765"
"1151001","2504","國產","1242464","38068977","30.70","30.75","30.55","30.55","-0.1000","580"
"1151001","2505","國揚","97110","1650796","16.95","17.05","16.95","17.05","0.0500","71"
"1151001","2506","太設","293255","2462419","8.43","8.43","8.37","8.43","0.0000","99"
"1151001","2509","全坤建","58505","829037","14.20","14.30","14.10","14.30","0.0000","75"
"1151001","2511","太子","413104","3431064","8.34","8.34","8.29","8.32","-0.0200","186"
"1151001","2514","龍邦","51071","593000","11.65","11.70","11.50","11.60","-0.1000","97"
"1151001","2515","中工","1882455","22432622","11.90","12.00","11.85","11.95","0.0500","698"
"1151001","2516","新建","115002","1747757","15.30","15.30","15.05","15.15","-0.2000","111"
"1151001","2520","冠德","1180983","43279243","36.50","36.95","36.40","36.75","0.2500","914"
"1151001","2524","京城","25371","874407","34.70","34.70","34.25","34.60","-0.1000","77"
"1151001","2527","宏璟","842203","41247769","50.00","50.00","48.40","49.10","-0.9000","1723"
"1151001","2528","皇普","121117","2338486","19.35","19.35","19.25","19.25","-0.1500","84"
"1151001","2530","華建","193533","3873322","20.05","20.10","19.90","20.05","0.0000","122"
"1151001","2534","宏盛","205842","3455564","16.85","16.85","16.70","16.85","-0.1000","244"
"1151001","2535","達欣工","166962","14840501","89.30","89.30","88.70","88.90","-0.3000","347"
"1151001","2536","宏普","398618","7641022","19.25","19.25","19.10","19.10","-0.0500","234"
"1151001","2537","聯上發","1015171","11278852","11.20","11.20","11.05","11.10","-0.1500","358"
"1151001","2538","基泰","251192","2221104","8.95","8.95","8.80","8.83","-0.0900","160"
"1151001","2539","櫻花建","661576","22585195","34.50","34.50","34.00","34.25","-0.0500","717"
"1151001","2540","愛山林","167264","8144432","48.60","49.00","48.15","48.85","0.4000","630"
"1151001","2542","興富發","11207800","430138512","38.60","38.75","38.15","38.40","-0.2500","5732"
"1151001","2543","皇昌","547540","20986387","38.70","38.70","38.15","38.20","-0.3000","794"
"1151001","2545","皇翔","44791","1534684","34.15","34.55","34.15","34.20","-0.2500","151"
"1151001","2546","根基","119687","12576325","105.00","106.00","104.50","106.00","1.0000","361"
"1151001","2547","日勝生","724577","7095318","9.80","9.82","9.78","9.78","-0.0100","305"
"1151001","2548","華固","575056","52865324","92.00","92.30","91.70","91.80","0.2000","814"
"1151001","2597","潤弘","272552","45671962","168.00","168.00","167.00","167.50","-0.5000","337"
"1151001","2603","長榮","5955064","1413101412","238.00","239.00","235.50","238.00","-1.5000","4702"
"1151001","2605","新興","4547958","160377157","35.55","35.55","35.15","35.40","-0.1500","2865"
"1151001","2606","裕民","1729086","127418729","74.00","74.20","73.10","73.50","-0.1000","1353"
"1151001","2607","榮運","188561","10098798","53.80","53.80","53.40","53.80","0.0000","768"
"1151001","2608","嘉里大榮","85896","2463051","28.60","28.80","28.60","28.80","0.2000","86"
"1151001","2609","陽明","12469577","735529470","58.90","59.40","58.70","58.80","-0.6000","10230"
"1151001","2610","華航","11977056","242665652","20.45","20.45","20.15","20.30","-0.1500","3167"
"1151001","2611","志信","236913","3403434","14.30","14.45","14.30","14.35","-0.1500","253"
"1151001","2612","中航","131957","8120884","61.50","62.20","61.00","61.40","-0.4000","339"
"1151001","2613","中櫃","97537","2161091","22.25","22.35","22.05","22.20","-0.2000","638"
"1151001","2614","東森","2033832","38957512","19.30","19.35","19.00","19.25","0.0500","1964"
"1151001","2615","萬海","4209797","474223057","113.00","113.50","111.50","112.50","-1.5000","6693"
"1151001","2616","山隆","31106","412713","13.30","13.30","13.25","13.30","0.0000","138"
"1151001","2617","台航","792762","24652566","31.45","31.45","30.90","31.10","-0.3500","817"
"1151001","2618","長榮航","17575412","740656439","42.40","42.70","41.85","42.20","-0.6500","8356"
"1151001","2630","亞航","403948","18972152","47.15","47.30","46.85","46.85","-0.2000","580"
"1151001","2633","台灣高鐵","2936139","75381027","25.70","25.80","25.60","25.80","0.1500","1307"
"1151001","2634","漢翔","4805802","308969981","64.00","64.70","63.80","64.40","0.4000","4072"
"1151001","2636","台驊控股","181358","12826787","71.20","71.20","70.30","70.70","-1.0000","686"
"1151001","2637","慧洋-KY","2302502","220590027","96.50","96.50","95.20","95.30","-1.1000","2828"
"1151001","2642","宅配通","20158","410215","20.40","20.40","20.30","20.35","-0.0500","87"
"1151001","2645","長榮航太","674343","117601034","174.50","175.50","173.50","174.00","1.0000","915"
"1151001","2646","星宇航空","2336074","46997029","20.15","20.20","20.05","20.15","0.0000","1419"
"1151001","2701","萬企","52791","541919","10.35","10.35","10.20","10.30","0.0000","44"
"1151001","2702","華園","37177","457382","12.25","12.35","12.20","12.35","0.1000","58"
"1151001","2704","國賓","77222","3485268","45.65","45.70","44.90","45.15","-0.3000","56"
"1151001","2705","六福","104397","1581661","15.10","15.25","15.05","15.15","0.0500","123"
"1151001","2706","第一店","15089","183725","12.15","12.20","12.15","12.20","0.0000","48"
"1151001","2707","晶華","78822","13845675","175.50","176.00","175.00","176.00","0.5000","153"
"1151001","2712","遠雄來","3200","42878","13.35","13.35","13.35","13.35","-0.2000","4"
"1151001","2722","夏都","26529","566859","21.90","21.90","21.30","21.45","0.0500","30"
"1151001","2723","美食-KY","142418","10978047","77.00","77.80","76.60","77.50","0.1000","396"
"1151001","2727","王品","150961","35405521","236.00","236.00","233.50","235.00","-1.0000","378"
"1151001","2731","雄獅","91631","13161259","144.50","144.50","143.00","144.00","-0.5000","181"
"1151001","2739","寒舍","70879","2575237","37.00","37.00","36.15","36.50","-0.0500","346"
"1151001","2748","雲品","162917","6335136","38.80","39.20","38.80","39.10","0.3000","83"
"1151001","2753","八方雲集","385921","70469519","180.50","184.00","180.50","183.50","3.5000","532"
"1151001","2762","世界健身-KY","116056","9119259","79.40","79.40","77.60","78.40","-0.8000","170"
"1151001","2801","彰銀","17913790","490340457","27.65","27.65","27.10","27.55","-0.0500","7683"
"1151001","2812","台中銀","11214795","210851143","18.90","18.95","18.75","18.80","-0.0500","4535"
"1151001","2816","旺旺保","374701","14896740","40.50","40.50","39.60","39.65","-0.6500","377"
"1151001","2820","華票","2353366","39401383","16.85","16.85","16.70","16.75","-0.1000","1190"
"1151001","2832","台產","83583","4742030","56.90","56.90","56.50","56.80","-0.1000","97"
"1151001","2834","臺企銀","37318805","653452238","17.75","17.75","17.40","17.50","-0.2500","10683"
"1151001","2836","高雄銀","1872757","22569007","12.10","12.10","12.00","12.05","-0.0500","535"
"1151001","2836A","高雄銀甲特","20915","499916","23.95","23.95","23.85","23.90","-0.1000","18"
"1151001","2838","聯邦銀","2848143","56981301","20.60","20.90","20.45","20.65","0.0500","934"
"1151001","2838A","聯邦銀甲特","14002","728104","52.00","52.00","52.00","52.00","0.0000","6"
"1151001","2845","遠東銀","14841518","193125785","13.10","13.15","12.95","13.10","0.0000","4337"
"1151001","2849","安泰銀","54065","862252","15.95","16.05","15.80","16.00","-0.0500","59"
"1151001","2850","新產","649343","102385837","162.50","162.50","156.00","157.00","-6.0000","2458"
"1151001","2851","中再保","3396289","156554037","47.20","47.20","45.70","46.10","-1.1000","2566"
"1151001","2852","第一保","380754","10523796","27.80","27.80","27.55","27.60","-0.2500","270"
"1151001","2855","統一證","4222173","235153677","56.50","56.70","54.70","56.40","-0.2000","3253"
"1151001","2880","華南金","13395509","598921952","45.15","45.40","44.00","45.25","-0.1000","8891"
"1151001","2881","富邦金","18246085","2732706898","151.00","151.50","147.50","150.50","-0.5000","10937"
"1151001","2881A","富邦特","50405","3096195","61.50","61.50","61.40","61.50","-0.1000","34"
"1151001","2881B","富邦金乙特","2087","126519","60.80","60.80","60.80","60.80","0.1000","15"
"1151001","2881C","富邦金丙特","64974","3365592","51.80","51.90","51.80","51.80","0.0000","58"
"1151001","2882","國泰金","20285318","2236280498","112.00","112.00","109.00","110.50","-0.5000","7053"
"1151001","2882A","國泰特","37376","2246499","60.20","60.20","60.10","60.20","0.0000","27"
"1151001","2882B","國泰金乙特","6227","364832","58.60","58.80","58.60","58.80","0.0000","33"
"1151001","2883","凱基金","124035181","4596144853","38.60","38.75","36.40","36.90","-1.9500","47782"
"1151001","2883B","凱基金乙特","4957639","42803139","8.57","8.71","8.57","8.70","0.1400","863"
"1151001","2884","玉山金","29162352","1309161917","44.80","45.45","44.20","45.35","0.5000","12267"
"1151001","2885","元大金","23394934","1568175543","68.50","68.50","66.50","67.40","-1.1000","18073"
"1151001","2886","兆豐金","30290335","1475858210","49.00","49.15","48.40","48.85","-0.3000","13346"
"1151001","2887","台新新光金","82708620","3383107447","41.90","41.90","40.10","41.25","-0.7000","32734"
"1151001","2887E","台新新光戊特一","155206","7508237","48.40","48.45","48.35","48.40","0.0000","125"
"1151001","2887F","台新新光戊特二","17566","799458","45.55","45.55","45.50","45.55","0.0000","19"
"1151001","2887G","台新新光庚特一","105783","4689090","44.45","44.45","44.25","44.25","-0.2000","81"
"1151001","2887H","台新新光庚特二","171206","7362169","43.05","43.05","42.95","43.00","-0.0500","36"
"1151001","2887I","台新新光辛特","2304108","21937310","9.52","9.53","9.52","9.53","0.0000","525"
"1151001","2887Z1","台新新光己特","9778","221545","22.70","22.70","22.60","22.65","-0.2000","17"
"1151001","2889","國票金","11163653","180969650","16.50","16.55","16.05","16.15","-0.3500","4079"
"1151001","2890","永豐金","22127376","962579057","44.25","44.35","43.10","43.65","-0.6000","14913"
"1151001","2891","中信金","28647138","1937917705","68.10","68.40","67.10","67.90","-0.5000","13562"
"1151001","2891B","中信金乙特","1581","97434","61.70","61.70","61.70","61.70","-0.2000","14"
"1151001","2891C","中信金丙特","70958","4274977","60.60","60.60","59.90","60.50","0.0000","53"
"1151001","2892","第一金","18760717","723073283","38.35","38.90","38.15","38.70","0.0500","8097"
"1151001","2897","王道銀行","8785321","94589909","10.95","10.95","10.65","10.80","-0.1000","1682"
"1151001","2897B","王道銀乙特","1784","20911","","","","","0.0000","4"
"1151001","2901","欣欣","36636","896819","24.15","24.80","24.15","24.80","0.6500","66"
"1151001","2903","遠百","1960447","42989105","22.15","22.15","21.85","21.95","-0.2000","1357"
"1151001","2904","匯僑","6487","82199","12.60","12.70","12.60","12.70","0.1000","18"
"1151001","2905","三商","1176639","21193624","18.30","18.30","17.90","18.05","-0.2500","569"
"1151001","2906","高林","40114","535567","13.35","13.40","13.30","13.40","0.0000","55"
"1151001","2908","特力","260894","5752318","22.05","22.10","22.00","22.10","0.0500","127"
"1151001","2910","統領","1000","23600","23.60","23.60","23.60","23.60","0.0000","1"
"1151001","2911","麗嬰房","90769","549263","6.08","6.24","6.00","6.14","0.0600","93"
"1151001","2912","統一超","2207660","467278976","212.00","212.50","210.50","212.50","0.0000","3964"
"1151001","2913","農林","345222","3820399","11.10","11.10","11.00","11.10","-0.0500","258"
"1151001","2915","潤泰全","1152943","67081820","58.70","58.80","57.70","58.30","-0.5000","1771"
"1151001","2923","鼎固-KY","44485","1126191","25.45","25.45","25.15","25.40","-0.0500","74"
"1151001","2929","淘帝-KY","34652","201012","5.83","5.83","5.77","5.81","-0.0200","45"
"1151001","2939","永邑-KY","24032","524688","21.90","22.00","21.50","21.95","0.0500","29"
"1151001","2945","三商家購","21688","863977","39.80","39.95","39.55","39.90","0.0500","44"
"1151001","3002","歐格","397346","7778847","19.20","20.05","19.05","19.45","0.1500","306"
"1151001","3003","健和興","205478","12318894","60.40","60.40","59.50","59.80","-0.6000","393"
"1151001","3004","豐達科","488162","59250288","119.50","123.50","119.00","121.00","2.0000","445"
"1151001","3005","神基","975079","114212410","117.00","117.50","116.50","117.50","1.0000","888"
"1151001","3006","晶豪科","6910568","1943687510","285.00","285.00","279.00","281.00","-5.0000","11908"
"1151001","3008","大立光","2312558","13870448195","5950.00","6225.00","5740.00","6205.00","260.0000","31161"
"1151001","3010","華立","392956","49501939","126.00","127.00","125.00","126.00","0.5000","613"
"1151001","3011","今皓","291227","2927953","10.20","10.20","9.96","10.05","-0.1000","180"
"1151001","3013","晟銘電","5259584","476519270","87.10","94.00","85.80","94.00","7.2000","5606"
"1151001","3014","聯陽","1276071","181883125","141.50","144.00","141.00","142.00","0.5000","1406"
"1151001","3015","全漢","338875","18548228","55.20","55.30","54.30","54.60","-0.6000","363"
"1151001","3016","嘉晶","5580762","929303023","169.00","169.00","162.50","168.00","-1.0000","6534"
"1151001","3017","奇鋐","3303220","11337539185","3435.00","3520.00","3300.00","3510.00","75.0000","10761"
"1151001","3018","隆銘綠能","23483","283133","12.00","12.25","11.90","12.25","0.2500","53"
"1151001","3019","亞光","1848644","252365909","136.50","137.50","135.50","137.00","0.5000","1622"
"1151001","3021","鴻名","1240592","35392285","28.45","29.15","28.10","28.15","-0.3000","877"
"1151001","3022","威強電","863351","79741496","92.30","93.40","91.60","92.60","0.3000","1359"
"1151001","3023","信邦","715936","219833814","306.50","309.50","305.00","309.00","2.0000","1112"
"1151001","3024","憶聲","562192","7967190","14.40","14.40","14.05","14.10","-0.1000","309"
"1151001","3025","星通","706836","40844846","56.00","58.10","55.70","58.10","5.2000","547"
"1151001","3026","禾伸堂","18518160","15484608636","796.00","870.00","796.00","852.00","61.0000","27318"
"1151001","3027","盛達","115914","2167402","18.95","19.00","18.50","18.70","-0.2000","113"
"1151001","3028","增你強","560567","34935759","62.90","62.90","62.00","62.10","-0.8000","710"
"1151001","3029","零壹","920932","109938348","120.00","120.50","118.50","119.00","-1.0000","970"
"1151001","3030","德律","1666287","474168804","281.50","290.00","278.50","289.00","10.0000","3379"
"1151001","3031","佰鴻","2758118","84904236","30.60","31.50","30.10","30.50","-0.3000","1970"
"1151001","3032","偉訓","310689","24634525","78.90","79.90","78.40","79.30","1.0000","254"
"1151001","3033","威健","1485998","63127384","42.80","42.80","42.30","42.40","-0.2000","1660"
"1151001","3034","聯詠","2451830","1339470225","546.00","551.00","541.00","547.00","1.0000","3376"
"1151001","3035","智原","4389347","929383257","210.00","214.00","208.50","213.00","2.5000","9836"
"1151001","3036","文曄","9949553","2095926375","206.00","213.00","205.00","212.50","7.0000","9227"
"1151001","3037","欣興","15498297","18588313800","1195.00","1230.00","1170.00","1215.00","40.0000","32492"
"1151001","3038","全台","203975","4237694","20.90","20.90","20.60","20.90","0.1000","136"
"1151001","3040","遠見","175521","5912014","33.85","33.90","33.40","33.40","-0.4500","463"
"1151001","3041","揚智","1067759","26415169","24.35","25.30","24.35","24.65","0.3000","878"
"1151001","3042","晶技","34574954","7506531605","210.00","224.00","207.50","218.50","8.5000","39376"
"1151001","3043","科風","58243","1177001","20.35","20.35","20.15","20.25","-0.1000","72"
"1151001","3044","健鼎","1557583","817585685","523.00","529.00","521.00","529.00","4.0000","2394"
"1151001","3045","台灣大","5834785","706165948","120.00","122.00","119.50","122.00","2.5000","3279"
"1151001","3046","建碁","95148","5082430","53.50","53.60","53.20","53.50","-0.1000","187"
"1151001","3047","訊舟","461361","6711641","14.75","14.75","14.45","14.50","-0.2500","333"
"1151001","3048","益登","1773847","93001978","51.70","52.90","51.70","52.80","1.1000","1455"
"1151001","3049","精金","4037187","49962178","12.65","12.65","12.20","12.30","-0.3500","1868"
"1151001","3050","鈺德","949207","11127902","11.85","11.90","11.60","11.75","-0.2000","389"
"1151001","3051","力特","465031","10727651","23.50","23.50","22.95","23.00","-0.3000","378"
"1151001","3052","夆典","388657","4063437","10.40","10.55","10.40","10.45","0.0500","162"
"1151001","3054","立萬利","123164","7274364","59.20","59.60","58.50","59.60","0.2000","115"
"1151001","3055","蔚華科","1429994","296483678","208.00","212.00","202.00","210.00","0.5000","1743"
"1151001","3056","富華新","422164","5806532","13.85","13.85","13.70","13.75","-0.1000","329"
"1151001","3057","喬鼎","117456","1894210","16.40","16.45","15.90","15.90","-0.3000","120"
"1151001","3058","立德","280976","2295669","8.20","8.21","8.14","8.15","-0.0500","212"
"1151001","3059","華晶科","1140406","43754667","39.00","39.00","38.15","38.30","-0.4500","1053"
"1151001","3060","銘異","1766140","50685174","28.15","29.40","28.15","28.30","0.2000","1596"
"1151001","3062","建漢","1441699","32232822","22.65","22.80","22.15","22.25","-0.6500","1021"
"1151001","3090","日電貿","8362101","1407416133","162.00","171.50","162.00","169.00","8.0000","8127"
"1151001","3092","鴻碩","756516","18408455","24.70","24.90","24.00","24.30","-0.7000","531"
"1151001","3094","聯傑","29571938","1943273767","61.80","67.70","61.70","67.70","6.1000","19104"
"1151001","3130","一零四","64449","13471688","209.00","210.00","208.50","210.00","1.0000","104"
"1151001","3135","凌航","326702","51557046","159.00","159.00","157.00","157.00","-1.0000","890"
"1151001","3138","耀登","365535","36240747","100.00","100.50","98.50","99.00","-2.0000","553"
"1151001","3149","正達","37136003","2751144047","74.30","76.10","72.20","74.30","0.3000","25787"
"1151001","3150","鈺寶-創","32133","506164","15.70","15.80","15.45","15.70","0.0500","15"
"1151001","3164","景岳","30213","499754","16.50","16.60","16.50","16.50","-0.0500","48"
"1151001","3167","大量","9021626","8573334940","908.00","975.00","908.00","975.00","88.0000","18209"
"1151001","3168","眾福科","3155","135331","42.80","43.05","42.80","43.05","0.2500","8"
"1151001","3189","景碩","32224071","32117333192","976.00","1020.00","964.00","1010.00","40.0000","44207"
"1151001","3209","全科","553669","25174435","45.40","45.65","45.35","45.35","0.0000","501"
"1151001","3229","晟鈦","1070262","62224904","59.00","59.30","57.20","59.00","0.4000","1462"
"1151001","3231","緯創","59140014","11216236348","186.50","191.50","185.50","190.50","6.0000","40329"
"1151001","3257","虹冠電","164320","8213252","49.70","50.30","49.60","49.70","0.1000","237"
"1151001","3266","昇陽","19178","266436","14.00","14.00","13.80","14.00","0.0000","23"
"1151001","3296","勝德","71403","2025378","28.60","28.60","28.10","28.60","0.2000","90"
"1151001","3305","昇貿","660406","69894062","106.50","107.50","105.00","106.00","0.0000","704"
"1151001","3308","聯德","84857","1911816","22.35","22.90","22.25","22.75","0.4000","119"
"1151001","3311","閎暉","7066254","316399538","42.35","45.15","42.10","45.15","4.1000","3891"
"1151001","3312","弘憶股","570384","29557653","52.40","52.40","51.40","51.50","-0.5000","665"
"1151001","3321","同泰","139857","2547603","18.25","18.40","18.00","18.30","0.0500","139"
"1151001","3338","泰碩","340858","23099903","68.00","69.00","67.20","67.90","-0.1000","409"
"1151001","3346","麗清","434042","10395352","24.30","24.30","23.80","24.00","-0.1500","367"
"1151001","3356","奇偶","212121","13998717","66.40","66.50","65.50","65.70","-0.3000","343"
"1151001","3376","新日興","1408149","245962049","175.00","175.50","174.00","174.00","-0.5000","1630"
"1151001","3380","明泰","2569518","80834800","32.00","32.00","31.25","31.30","-0.8500","1975"
"1151001","3406","玉晶光","6290699","5824330929","885.00","973.00","871.00","950.00","60.0000","11626"
"1151001","3413","京鼎","545674","159866465","294.50","296.00","290.00","293.00","2.0000","1732"
"1151001","3416","融程電","408797","67489370","163.50","166.50","161.00","166.50","4.0000","471"
"1151001","3419","譁裕","241818","2886398","12.05","12.30","11.85","11.85","-0.2000","156"
"1151001","3432","台端","51427","763915","15.00","15.00","14.75","14.75","-0.1500","34"
"1151001","3437","榮創","1527483","34146350","22.45","22.95","21.95","22.05","-0.4000","967"
"1151001","3443","創意","718321","5651744130","8040.00","8100.00","7730.00","7900.00","-140.0000","8149"
"1151001","3447","展達","27060","750959","28.00","28.00","27.65","27.65","0.1000","26"
"1151001","3450","聯鈞","5342360","2754540768","525.00","529.00","508.00","515.00","-8.0000","9803"
"1151001","3481","群創","465129700","24731233065","55.50","55.50","51.80","52.30","-2.4000","198769"
"1151001","3494","誠研","44109","311181","7.08","7.09","7.02","7.09","-0.0100","61"
"1151001","3501","維熹","55355","2086764","37.70","37.75","37.60","37.70","0.0500","90"
"1151001","3504","揚明光","1338044","107523162","79.20","81.80","79.20","80.20","1.1000","1122"
"1151001","3515","華擎","326295","69927091","214.00","216.00","212.50","215.00","3.0000","367"
"1151001","3518","柏騰","18736885","790875605","42.15","45.15","40.15","40.35","-0.7500","10931"
"1151001","3528","安馳","407144","35256066","85.10","87.90","85.10","86.90","1.3000","676"
"1151001","3530","晶相光","84403","4991264","59.70","59.90","58.90","59.00","-0.2000","81"
"1151001","3532","台勝科","9721232","4664509146","475.00","497.50","465.50","474.00","3.0000","11552"
"1151001","3533","嘉澤","2677060","4851266630","1780.00","1865.00","1760.00","1855.00","85.0000","7765"
"1151001","3535","晶彩科","587800","53529391","92.00","92.30","90.40","91.30","-0.7000","773"
"1151001","3543","州巧","2685192","137259056","51.30","51.80","50.50","51.10","-0.1000","2151"
"1151001","3545","敦泰","662736","34621414","52.50","53.00","51.60","51.60","-0.2000","796"
"1151001","3550","聯穎","2399524","62543684","25.90","26.70","25.70","25.70","-0.2000","1758"
"1151001","3557","嘉威","27269","625078","23.05","23.10","22.85","23.10","0.1000","42"
"1151001","3563","牧德","2874564","2215536443","820.00","825.00","750.00","754.00","-53.0000","5450"
"1151001","3576","聯合再生","55900173","1069810419","19.90","20.10","18.50","18.50","-1.2000","19955"
"1151001","3583","辛耘","684194","486080777","713.00","728.00","703.00","707.00","0.0000","1835"
"1151001","3588","通嘉","611029","35651569","54.20","59.20","54.20","59.20","5.3000","599"
"1151001","3591","艾笛森","1378569","37741642","27.55","28.20","26.70","26.90","-0.5500","2122"
"1151001","3592","瑞鼎","1116128","266723671","238.00","241.50","237.00","238.00","0.5000","1729"
"1151001","3593","力銘","20260","223255","11.75","11.75","10.50","11.50","0.5000","48"
"1151001","3596","智易","560797","85761942","154.00","154.00","152.00","153.00","0.0000","660"
"1151001","3605","宏致","11986946","2080833958","171.00","179.00","168.50","178.00","7.5000","11985"
"1151001","3607","谷崧","127845","1782150","14.00","14.00","13.85","13.95","-0.0500","120"
"1151001","3617","碩天","86640","21014638","242.50","244.00","241.50","243.00","1.0000","388"
"1151001","3622","洋華","83314","3829183","46.10","46.10","45.85","45.90","-0.2000","142"
"1151001","3645","達邁","3575306","266999816","75.90","76.00","73.80","74.20","-1.1000","3496"
"1151001","3652","精聯","56085","1914167","34.35","34.60","33.80","34.50","0.3000","100"
"1151001","3653","健策","616931","4192372040","6720.00","6895.00","6665.00","6875.00","75.0000","4238"
"1151001","3661","世芯-KY","953454","3595359310","3770.00","3820.00","3735.00","3765.00","25.0000","7024"
"1151001","3665","貿聯-KY","3055668","7846329410","2595.00","2625.00","2510.00","2555.00","-40.0000","9051"
"1151001","3669","圓展","248576","8270829","33.15","33.55","32.75","33.40","0.4000","179"
"1151001","3673","TPK-KY","26102941","1921816472","73.70","75.80","71.70","73.30","-2.2000","17473"
"1151001","3679","新至陞","64247","6944138","108.00","109.00","107.50","108.50","0.5000","61"
"1151001","3686","達能","486960","7966382","16.55","16.80","15.80","16.00","-0.3000","559"
"1151001","3694","海華","283839","14561576","51.60","51.60","51.10","51.20","-0.3000","273"
"1151001","3701","大眾控","8814066","426330824","46.25","50.40","43.90","50.40","4.5000","5454"
"1151001","3702","大聯大","9434235","1107114279","115.00","119.50","114.00","119.00","5.0000","5643"
"1151001","3703","欣陸","308715","6046435","19.55","19.65","19.50","19.55","-0.0500","221"
"1151001","3704","合勤控","1609432","64661444","40.80","40.80","40.05","40.05","-0.4500","954"
"1151001","3705","永信","75603","4276864","56.60","56.80","56.20","56.70","0.0000","176"
"1151001","3706","神達","12817231","1041036289","79.90","82.30","79.60","82.10","2.8000","9094"
"1151001","3708","上緯投控","306248","30238820","98.50","99.40","97.60","98.90","0.0000","605"
"1151001","3711","日月光投控","8885905","6245817713","700.00","710.00","693.00","710.00","7.0000","18348"
"1151001","3712","永崴投控","358923","7389273","20.65","20.70","20.45","20.65","0.0000","304"
"1151001","3714","富采","10454787","722039562","70.00","70.50","68.00","68.80","-1.1000","10898"
"1151001","3715","定穎投控","4697705","599287788","128.00","129.00","125.00","129.00","2.5000","3562"
"1151001","3716","中化控股","156287","5312562","34.30","34.30","33.85","34.00","-0.2500","704"
"1151001","3717","聯嘉投控","8871822","243862923","27.50","28.20","27.05","27.35","-0.3500","4318"
"1151001","4104","佳醫","80457","5833712","72.70","72.70","72.30","72.70","0.0000","273"
"1151001","4106","雃博","155555","3746011","24.20","24.25","23.95","24.10","-0.2500","399"
"1151001","4108","懷特","50723","581314","11.50","11.55","11.40","11.50","0.0000","72"
"1151001","4119","旭富","65763","3648542","55.80","55.90","55.10","55.70","0.2000","73"
"1151001","4133","亞諾法","30488","626279","20.60","20.65","20.40","20.65","0.0000","60"
"1151001","4137","麗豐-KY","96735","7442921","77.20","77.80","76.20","76.30","-1.0000","391"
"1151001","4142","國光生","554793","10053316","18.30","18.35","18.05","18.10","-0.1500","396"
"1151001","4148","全宇生技-KY","25747","816963","32.00","32.00","31.60","31.80","-0.2000","97"
"1151001","4155","訊映","274351","4045547","14.75","14.85","14.60","14.85","0.2000","293"
"1151001","4164","承業醫","355144","9628659","27.35","27.45","26.95","27.10","-0.2500","437"
"1151001","4169","泰宗","55654","8376462","152.50","152.50","149.00","151.00","-1.0000","150"
"1151001","4178","永笙-KY","913402","16631209","17.00","18.35","17.00","18.35","1.6500","495"
"1151001","4190","佐登-KY","10274","255774","24.75","25.00","24.75","25.00","0.0500","29"
"1151001","4195","基米-創","174365","2720951","15.85","15.85","15.35","15.70","-0.4000","146"
"1151001","4306","炎洲","1003498","14574210","14.60","14.70","14.45","14.45","-0.2500","499"
"1151001","4414","如興","146069","1183279","8.14","8.16","8.07","8.11","-0.0300","100"
"1151001","4426","利勤","70001","533311","7.61","7.73","7.53","7.66","0.0500","59"
"1151001","4438","廣越","26288","1503509","57.60","57.70","57.00","57.20","0.2000","36"
"1151001","4439","冠星-KY","6015","587376","98.50","98.50","97.00","97.70","-0.7000","7"
"1151001","4440","宜新實業","30000","524550","17.45","17.55","17.45","17.55","0.0000","15"
"1151001","4441","振大環球","30869","5265329","171.00","171.00","170.00","170.00","-1.5000","46"
"1151001","4526","東台","8738505","308522992","34.90","36.90","34.15","34.40","0.3500","6081"
"1151001","4532","瑞智","530666","13112701","24.80","24.85","24.65","24.80","-0.0500","395"
"1151001","4536","拓凱","132564","21332315","160.50","162.00","160.00","162.00","1.0000","192"
"1151001","4540","全球傳動","1519386","94060139","62.30","62.50","61.30","61.80","-0.3000","1932"
"1151001","4545","銘鈺","1012709","40098937","39.10","40.75","38.50","39.40","0.3000","932"
"1151001","4551","智伸科","1565007","268416058","175.00","175.00","168.50","172.50","-2.0000","3049"
"1151001","4552","力達-KY","66636","1041114","15.75","15.75","15.50","15.65","-0.1500","85"
"1151001","4555","氣立","75083","3156087","42.20","42.60","41.60","42.30","0.1500","84"
"1151001","4557","永新-KY","35344","1774202","50.30","50.30","50.10","50.30","0.0000","45"
"1151001","4560","強信-KY","229000","6764300","29.85","29.85","29.30","29.40","-0.5000","87"
"1151001","4562","穎漢","114402","3538750","30.90","31.40","30.45","30.95","0.0000","154"
"1151001","4564","元翎","332041","5380556","16.50","16.50","16.05","16.30","-0.1000","280"
"1151001","4566","時碩工業","3816528","289419494","74.30","77.20","74.30","75.20","1.1000","3625"
"1151001","4569","六方科-KY","19365","2994454","156.50","156.50","153.00","155.00","-2.5000","59"
"1151001","4571","鈞興-KY","56720","8713465","152.50","154.00","152.50","154.00","0.5000","104"
"1151001","4572","駐龍","11521","1606005","138.50","140.50","138.50","138.50","0.0000","30"
"1151001","4576","大銀微系統","1065162","250138653","237.00","238.50","230.50","237.50","1.5000","3261"
"1151001","4581","光隆精密-KY","3045","145519","47.75","47.85","47.75","47.85","-0.3500","6"
"1151001","4582","聚恆-創","33230","741445","22.50","22.50","22.20","22.40","-0.1000","16"
"1151001","4583","台灣精銳","79949","33663536","426.00","426.50","413.50","419.50","-7.0000","411"
"1151001","4585","達明","96701","28263773","292.00","294.50","290.00","294.50","2.5000","252"
"1151001","4588","玖鼎電力","22386","1239906","55.40","55.80","55.20","55.80","-0.2000","28"
"1151001","4590","富田-創","133483","11787338","89.00","89.00","88.10","88.20","-0.9000","140"
"1151001","4720","德淵","304048","5797600","19.35","19.35","19.00","19.05","-0.2500","194"
"1151001","4722","國精化","2273814","461332222","196.50","209.50","194.50","209.50","19.0000","2366"
"1151001","4736","泰博","97667","12697904","131.50","131.50","129.00","130.00","0.0000","183"
"1151001","4737","華廣","38645","2139606","55.30","56.10","55.00","55.40","0.0000","57"
"1151001","4739","康普","1654514","144158251","88.40","88.50","86.20","87.50","-0.9000","1815"
"1151001","4746","台耀","444421","21744515","49.00","49.30","48.60","49.00","0.0500","657"
"1151001","4755","三福化","155047","18228125","118.00","119.00","116.00","119.00","1.0000","187"
"1151001","4763","材料*-KY","11589391","550892988","48.80","48.90","46.85","46.85","-2.0500","7637"
"1151001","4764","雙鍵","1155256","214667964","193.00","193.00","182.50","185.00","-4.0000","1571"
"1151001","4766","南寶","73624","25099153","340.00","342.50","339.50","342.50","2.0000","154"
"1151001","4770","上品","871633","240515294","278.50","281.50","273.50","275.00","-7.0000","1380"
"1151001","4771","望隼","51963","11107470","214.50","214.50","212.50","213.50","-1.0000","93"
"1151001","4807","日成-KY","60509","1773564","29.15","29.80","29.10","29.80","0.4500","53"
"1151001","4904","遠傳","3201796","333612954","103.50","105.00","103.00","105.00","1.5000","1690"
"1151001","4906","正文","11744264","478969850","41.85","42.05","39.85","40.50","-1.8000","7399"
"1151001","4912","聯德控股-KY","1798906","190956560","100.00","110.00","100.00","107.00","7.0000","2012"
"1151001","4915","致伸","2662280","170446146","63.80","65.00","63.10","65.00","1.5000","2168"
"1151001","4916","事欣科","1928234","200595600","105.00","105.50","103.00","103.00","-1.0000","3821"
"1151001","4919","新唐","21151511","3150093712","140.50","152.00","139.00","152.00","13.5000","14894"
"1151001","4927","泰鼎-KY","1834309","80628614","44.50","44.60","43.60","43.80","-0.7000","1636"
"1151001","4930","燦星網","32140","511202","15.90","16.00","15.85","15.95","0.0500","63"
"1151001","4934","太極","487149","7123099","14.90","14.90","14.50","14.50","-0.4500","347"
"1151001","4935","茂林-KY","131289","4429499","34.20","34.25","33.10","34.05","-0.1500","93"
"1151001","4938","和碩","6887853","618646673","90.10","90.20","89.20","90.20","0.4000","3684"
"1151001","4942","嘉彰","89195","2821832","31.90","31.90","31.45","31.80","-0.1000","55"
"1151001","4943","康控-KY","50554","336992","6.93","6.93","6.60","6.67","-0.2400","57"
"1151001","4949","有成精密","269362","20483378","76.10","77.00","75.50","75.90","-0.4000","352"
"1151001","4952","凌通","304454","15147830","49.10","50.50","48.70","49.65","0.2500","276"
"1151001","4956","光鋐","21286091","1017874414","46.50","49.60","46.20","47.25","0.7500","13636"
"1151001","4958","臻鼎-KY","31694640","16110450419","512.00","522.00","498.50","510.00","3.0000","36192"
"1151001","4960","誠美材","5391096","129712693","24.40","24.60","23.60","23.90","-0.5000","2617"
"1151001","4961","天鈺","2413984","450150019","179.50","189.00","179.50","186.00","5.0000","2533"
"1151001","4967","十銓","1098693","299672756","276.50","276.50","271.50","272.00","-3.0000","6368"
"1151001","4968","立積","2244713","225567055","97.60","103.50","97.00","101.00","4.4000","2784"
"1151001","4976","佳凌","847068","30802132","36.00","36.95","36.00","36.05","0.2500","659"
"1151001","4977","眾達-KY","1199078","203560491","168.00","171.00","167.50","170.50","1.5000","1714"
"1151001","4989","榮科","1665543","101547798","61.00","61.50","60.40","61.10","0.1000","2945"
"1151001","4994","傳奇","10235","835455","81.80","82.50","81.40","81.60","-0.2000","65"
"1151001","4999","鑫禾","68134","1208753","17.95","17.95","17.65","17.65","-0.2000","151"
"1151001","5007","三星","8786","494263","56.40","56.40","56.30","56.40","0.0000","177"
"1151001","5203","訊連","69274","4030469","58.50","58.60","57.80","58.20","-0.2000","380"
"1151001","5215","科嘉-KY","31621","1202505","39.85","39.85","37.75","37.75","-0.1500","57"
"1151001","5222","全訊","118037","12549343","107.50","107.50","105.50","106.50","0.0000","177"
"1151001","5225","東科-KY","64304","3561112","55.10","55.60","55.10","55.50","0.1000","80"
"1151001","5234","達興材料","458163","139533149","311.00","311.50","302.00","302.50","-6.0000","1247"
"1151001","5236","凌陽創新","65712","9012434","137.00","138.00","136.50","137.00","-0.5000","341"
"1151001","5243","乙盛-KY","1158249","106954129","92.00","93.40","90.70","93.20","1.7000","1514"
"1151001","5244","弘凱","48300","1719059","35.40","35.85","35.30","35.75","0.1500","44"
"1151001","5258","虹堡","236387","9923707","42.55","42.55","41.65","42.25","-0.1500","214"
"1151001","5269","祥碩","208165","305666335","1465.00","1480.00","1455.00","1475.00","15.0000","1074"
"1151001","5283","禾聯碩","18316","967495","52.90","53.00","52.60","53.00","0.2000","53"
"1151001","5284","jpp-KY","160096","47768882","303.00","303.00","297.00","298.00","-1.5000","1008"
"1151001","5285","界霖","1550671","143729583","91.00","94.20","90.20","94.20","4.1000","1506"
"1151001","5288","豐祥-KY","344431","65423891","184.50","192.50","184.50","190.00","6.5000","508"
"1151001","5292","華懋","489503","115217981","228.50","240.00","228.50","237.00","7.0000","2606"
"1151001","5306","桂盟","186616","16440878","88.50","88.50","87.80","88.40","-0.4000","391"
"1151001","5388","中磊","2516492","178861273","71.60","71.70","70.70","71.30","-0.2000","2105"
"1151001","5434","崇越","750830","421353864","556.00","567.00","550.00","567.00","12.0000","2877"
"1151001","5469","瀚宇博","1285551","95563820","74.10","74.80","73.50","74.60","0.6000","1132"
"1151001","5471","松翰","784557","41384708","52.80","53.40","52.30","52.40","0.1000","1226"
"1151001","5484","慧友","122331","4812453","39.70","39.90","39.15","39.20","-0.4000","137"
"1151001","5515","建國","293058","15093316","52.10","52.10","51.00","51.50","-0.4000","388"
"1151001","5519","隆大","77809","1956408","25.30","25.30","25.10","25.15","-0.1500","120"
"1151001","5521","工信","942139","9970615","10.60","10.65","10.50","10.65","0.0500","359"
"1151001","5522","遠雄","467206","28511900","61.00","61.30","60.80","60.80","-0.2000","389"
"1151001","5525","順天","57058","1246772","22.00","22.00","21.80","21.90","-0.1000","34"
"1151001","5531","鄉林","423058","2912934","6.93","6.93","6.86","6.91","-0.0100","581"
"1151001","5533","皇鼎","100100","1388384","13.85","13.95","13.80","13.90","-0.0500","36"
"1151001","5534","長虹","505887","37025407","73.20","73.50","73.00","73.30","0.2000","583"
"1151001","5538","東明-KY","45837","1653171","36.40","36.45","35.80","35.95","-0.3000","86"
"1151001","5546","永固-KY","64484","884925","14.20","14.20","13.60","13.85","-0.5000","41"
"1151001","5607","遠雄港","442373","22915279","52.40","52.40","51.60","51.90","-0.5000","513"
"1151001","5608","四維航","1736303","29343931","17.00","17.10","16.70","17.00","0.0500","820"
"1151001","5706","鳳凰","34462","1520388","44.30","44.30","44.00","44.20","0.0500","62"
"1151001","5871","中租-KY","7876457","839516160","107.00","107.50","106.00","107.50","0.5000","5271"
"1151001","5871A","中租-KY甲特","13000","1299400","100.00","100.00","99.90","100.00","0.0000","8"
"1151001","5876","上海商銀","10364447","500702711","48.95","49.10","47.90","48.40","-0.7500","6130"
"1151001","5880","合庫金","17025431","439993403","26.10","26.10","25.65","26.00","-0.1000","6269"
"1151001","5906","台南-KY","1000","41300","41.30","41.30","41.30","41.30","0.3000","1"
"1151001","5907","大洋-KY","233385","1116871","4.81","4.85","4.76","4.80","-0.0100","71"
"1151001","6005","群益證","8047795","254942883","32.15","32.15","31.40","31.90","-0.1500","4498"
"1151001","6024","群益期","271843","16304846","60.40","60.40","59.70","59.90","-0.5000","469"
"1151001","6108","競國","2564254","65577206","25.25","26.35","24.80","25.00","-0.0500","1779"
"1151001","6112","邁達特","513036","24461017","48.10","48.10","47.40","47.70","-0.3500","821"
"1151001","6115","鎰勝","73924","3253180","43.95","44.10","43.95","44.05","0.0500","64"
"1151001","6116","彩晶","122735728","1938864796","16.40","16.45","15.50","15.65","-0.7000","33980"
"1151001","6117","迎廣","158239","9826388","62.60","62.60","61.60","62.30","0.1000","131"
"1151001","6120","達運","32148411","480663059","15.30","15.40","14.45","14.75","0.4000","10813"
"1151001","6128","上福","16167","310858","19.25","19.25","19.15","19.25","0.0500","16"
"1151001","6133","金橋","10855089","324307853","29.55","31.00","29.30","29.30","-0.3000","6631"
"1151001","6136","富爾特","390720","9853708","25.25","25.30","25.10","25.25","0.2000","160"
"1151001","6139","亞翔","3014465","2289924133","761.00","768.00","750.00","759.00","3.0000","7590"
"1151001","6141","柏承","1323629","68557462","51.80","53.40","50.80","52.20","0.4000","1251"
"1151001","6142","友勁","734389","6749306","9.40","9.40","9.09","9.17","-0.2700","552"
"1151001","6152","百一","1040623","15849444","15.35","15.45","15.05","15.45","0.1500","503"
"1151001","6153","嘉聯益","3966841","71445803","18.20","18.55","17.70","17.80","-0.4000","1878"
"1151001","6155","鈞寶","10413045","709506992","64.20","69.60","64.20","69.60","6.3000","6154"
"1151001","6164","華興","192930","2423887","12.65","12.70","12.45","12.55","-0.0500","164"
"1151001","6165","浪凡","284325","14260601","50.50","50.90","49.50","49.60","-0.4000","393"
"1151001","6166","凌華","1276252","166479137","132.50","133.50","128.50","130.00","-3.0000","1962"
"1151001","6168","宏齊","5130479","237784994","45.70","47.00","45.70","47.00","1.7500","4546"
"1151001","6176","瑞儀","1062269","97026229","91.60","92.00","90.80","91.40","0.2000","1198"
"1151001","6177","達麗","1612608","75097020","46.85","47.20","46.20","46.65","0.2000","1530"
"1151001","6183","關貿","11899","1092881","91.00","92.30","91.00","92.30","0.5000","36"
"1151001","6184","大豐電","32765","1318780","40.30","40.40","40.05","40.40","0.1000","46"
"1151001","6189","豐藝","243441","12206916","50.40","50.60","49.80","50.20","-0.2000","408"
"1151001","6191","精成科","1084592","91262523","84.30","84.40","83.80","84.30","0.3000","1677"
"1151001","6192","巨路","130793","14266822","109.00","110.00","108.50","110.00","0.5000","182"
"1151001","6196","帆宣","1948826","1163116422","588.00","602.00","579.00","602.00","17.0000","5196"
"1151001","6197","佳必琪","1809543","593888454","327.00","331.50","324.00","330.00","4.0000","6887"
"1151001","6201","亞弘電","22383","992710","44.50","44.55","44.15","44.55","-0.0500","25"
"1151001","6202","盛群","3638957","218673460","58.60","60.70","58.60","60.10","1.5000","2886"
"1151001","6205","詮欣","1310192","93766633","70.80","74.10","70.20","71.80","0.5000","1442"
"1151001","6206","飛捷","281465","39175551","139.50","140.00","138.50","139.00","-0.5000","421"
"1151001","6209","今國光","9114038","753405266","82.00","83.80","81.10","82.70","1.0000","8025"
"1151001","6213","聯茂","14504834","9097050867","623.00","643.00","611.00","642.00","19.0000","18179"
"1151001","6214","精誠","732126","138337659","188.00","189.50","188.00","189.00","1.0000","699"
"1151001","6215","和椿","269464","26129709","98.00","98.00","96.50","97.10","-0.6000","411"
"1151001","6216","居易","60632","1195623","19.85","19.85","19.65","19.75","-0.2000","75"
"1151001","6224","聚鼎","1382127","112172600","79.60","82.90","79.10","81.70","2.9000","1715"
"1151001","6225","天瀚","168037","11241656","66.90","66.90","66.90","66.90","6.0000","154"
"1151001","6226","光鼎","4543123","211619021","44.55","48.00","44.55","48.00","2.9000","3368"
"1151001","6230","尼得科超眾","37943","4191954","111.00","111.00","110.00","111.00","-2.0000","489"
"1151001","6235","華孚","205162","8006043","38.90","39.20","38.80","39.15","0.0500","183"
"1151001","6239","力成","7278591","2118253766","290.00","293.00","288.00","292.50","3.0000","13272"
"1151001","6243","迅杰","943422","38290614","39.50","41.55","39.50","40.55","1.0500","792"
"1151001","6257","矽格","10058604","2557695092","251.00","259.00","249.00","256.50","2.5000","16969"
"1151001","6269","台郡","2357712","153385342","66.50","66.50","64.50","65.00","-1.0000","2301"
"1151001","6271","同欣電","2948143","677084357","226.00","232.00","225.50","230.50","4.0000","2934"
"1151001","6272","驊陞","178660","4509274","25.65","25.65","25.05","25.20","-0.4000","154"
"1151001","6277","宏正","157780","12172031","76.40","77.90","76.40","77.70","0.7000","143"
"1151001","6278","台表科","4156845","899498421","218.00","219.50","214.00","216.50","-1.5000","5248"
"1151001","6281","全國電","41841","2127373","51.00","51.10","50.60","51.10","0.1000","59"
"1151001","6282","康舒","3597560","155966600","43.50","43.70","43.20","43.30","-0.4000","3457"
"1151001","6283","淳安","45310","874190","19.50","19.55","19.15","19.30","-0.2000","41"
"1151001","6285","啟碁","1866928","438061256","235.00","236.50","233.00","235.50","-0.5000","2581"
"1151001","6405","悅城","1637248","73839815","45.10","45.10","45.10","45.10","-5.0000","1112"
"1151001","6409","旭隼","175120","156421422","907.00","907.00","889.00","891.00","-16.0000","1149"
"1151001","6412","群電","551443","41285407","74.70","75.60","74.30","74.60","-0.2000","565"
"1151001","6414","樺漢","1615318","647619730","392.50","405.00","388.00","402.50","10.5000","2542"
"1151001","6415","矽力*-KY","1082903","445742144","410.50","413.50","406.50","413.00","4.0000","1723"
"1151001","6416","瑞祺電通","1336888","158025429","116.00","121.00","115.50","120.50","6.0000","958"
"1151001","6426","統新","2159773","729135064","343.00","345.50","330.00","339.50","-5.5000","3048"
"1151001","6431","光麗-KY","91812","1577930","17.50","17.65","16.90","17.60","0.0000","106"
"1151001","6438","迅得","714358","117948011","165.00","167.00","163.50","164.50","0.5000","2169"
"1151001","6442","光聖","1019944","1512328990","1500.00","1515.00","1465.00","1480.00","-10.0000","6364"
"1151001","6443","元晶","4764648","134004798","28.70","28.75","27.80","27.90","-0.8500","3713"
"1151001","6446","藥華藥","2506975","2972958495","1235.00","1240.00","1165.00","1170.00","-45.0000","10363"
"1151001","6449","鈺邦","2592335","579367069","211.50","230.00","211.50","230.00","20.5000","2854"
"1151001","6451","訊芯-KY","858989","356883400","422.00","422.50","412.50","413.00","-7.5000","1935"
"1151001","6456","GIS-KY","20200523","1779470957","91.90","92.00","86.10","87.90","-4.1000","34957"
"1151001","6464","台數科","10970","843122","76.80","77.00","76.80","77.00","0.2000","148"
"1151001","6472","保瑞","737615","320095488","436.00","445.50","426.50","429.50","5.5000","1589"
"1151001","6477","安集","643318","22488834","35.65","35.65","34.70","34.80","-0.8000","637"
"1151001","6491","晶碩","654214","272251236","413.00","421.50","409.00","421.50","8.5000","786"
"1151001","6504","南六","16155","601081","37.30","37.30","37.05","37.20","0.2500","13"
"1151001","6505","台塑化","27316952","2589529866","97.50","98.70","92.80","94.20","-3.1000","33555"
"1151001","6515","穎崴","436839","2565608300","6025.00","6060.00","5755.00","5770.00","-160.0000","9356"
"1151001","6525","捷敏-KY","738981","101057525","135.50","138.50","135.00","136.50","1.0000","749"
"1151001","6526","達發","621003","512745655","834.00","843.00","818.00","829.00","-11.0000","2301"
"1151001","6531","愛普*","1859447","1721601702","931.00","937.00","914.00","933.00","6.0000","3936"
"1151001","6533","晶心科","16660559","5859667385","346.00","366.50","337.00","366.50","33.0000","16676"
"1151001","6534","正瀚-創","13448","1218523","91.40","91.40","90.10","90.80","0.2000","23"
"1151001","6541","泰福-KY","385265","11745415","31.50","31.50","30.10","30.25","-0.8500","352"
"1151001","6550","北極星藥業-KY","512868","8991935","17.80","17.80","17.40","17.50","-0.3500","643"
"1151001","6552","易華電","27778","695377","25.10","25.15","24.90","25.10","0.1000","44"
"1151001","6558","興能高","139942","3541249","25.00","25.45","25.00","25.35","0.3500","190"
"1151001","6573","虹揚-KY","77678","1266272","16.40","16.40","16.20","16.30","-0.1500","64"
"1151001","6579","研揚","225157","35855009","160.00","160.50","157.50","160.50","1.5000","352"
"1151001","6581","鋼聯","14133","1528491","108.00","109.00","108.00","108.00","-0.5000","19"
"1151001","6582","申豐","8739","273088","31.20","31.30","31.10","31.30","0.2000","49"
"1151001","6585","鼎基","134485","13807101","104.00","104.00","102.00","102.50","-1.5000","181"
"1151001","6589","台康生技","554109","29202512","53.30","53.50","52.10","52.40","-1.0000","940"
"1151001","6591","動力-KY","57174","2456984","42.90","43.60","42.65","43.10","0.2500","80"
"1151001","6592","和潤企業","704165","39977412","56.90","57.10","56.60","57.00","0.1000","854"
"1151001","6592A","和潤企業甲特","3153","303488","96.60","96.60","96.60","96.60","0.5000","7"
"1151001","6592B","和潤企業乙特","3071","291416","94.60","95.40","94.60","95.40","0.8000","4"
"1151001","6598","ABC-KY","265199","7098912","26.85","27.20","26.25","26.65","-0.7500","176"
"1151001","6605","帝寶","276197","38158191","138.00","139.50","136.50","139.00","1.5000","508"
"1151001","6606","建德工業","35000","874850","25.10","25.10","24.90","25.00","0.2000","11"
"1151001","6614","資拓宏宇","8118","286463","35.20","35.30","35.20","35.30","0.0000","13"
"1151001","6625","必應","57097","4223691","73.70","74.10","73.70","74.00","0.0000","106"
"1151001","6641","基士德-KY","6000","101300","16.80","16.90","16.80","16.90","-0.1000","5"
"1151001","6645","金萬林-創","8943","113676","12.70","12.75","12.60","12.75","-0.1000","15"
"1151001","6655","科定","465","57657","","","","","0.0000","19"
"1151001","6657","華安","63107","2055198","33.20","33.20","32.10","32.60","-0.1000","69"
"1151001","6658","聯策","162459","29327723","181.00","183.00","178.50","181.00","0.5000","238"
"1151001","6666","羅麗芬-KY","1201","55144","45.95","45.95","45.95","45.95","0.4000","5"
"1151001","6668","中揚光","2134337","101076806","47.05","48.45","46.50","47.10","0.0500","1904"
"1151001","6669","緯穎","1259173","2648647890","2095.00","2115.00","2095.00","2110.00","20.0000","11258"
"1151001","6670","復盛應用","208364","56574366","272.00","273.00","270.00","271.00","-1.0000","272"
"1151001","6671","三能-KY","34000","777600","23.05","23.05","22.75","22.85","0.1500","31"
"1151001","6672","騰輝電子-KY","18447532","7145894611","376.50","405.50","369.50","405.50","36.5000","18301"
"1151001","6674","鋐寶科技","183356","3356850","18.35","18.35","18.30","18.35","0.1000","54"
"1151001","6689","伊雲谷","142347","9186229","65.00","65.10","64.10","64.20","-0.6000","193"
"1151001","6691","洋基工程","1746877","1282549260","727.00","748.00","719.00","733.00","14.0000","4683"
"1151001","6695","芯鼎","905563","50632919","54.90","56.80","54.90","55.40","0.4000","936"
"1151001","6698","旭暉應材","199960","6477744","32.65","32.65","32.20","32.25","-1.0500","272"
"1151001","6706","惠特","7046801","1100778769","152.00","160.50","152.00","154.50","4.5000","6156"
"1151001","6715","嘉基","536514","235679642","445.00","453.00","430.00","453.00","11.0000","1385"
"1151001","6719","力智","492395","92845084","187.50","191.00","186.50","188.00","1.5000","803"
"1151001","6722","輝創","24527","790610","32.50","32.50","32.00","32.50","0.0000","33"
"1151001","6742","澤米","967057","54294722","56.90","58.20","55.10","55.60","-0.7000","1148"
"1151001","6743","安普新","1118714","36797278","32.00","33.50","31.80","33.50","1.6500","789"
"1151001","6753","龍德造船","251815","33421043","133.50","133.50","132.00","133.00","-0.5000","346"
"1151001","6754","匯僑設計","16320","675429","41.60","41.65","41.00","41.00","-0.5000","21"
"1151001","6756","威鋒電子","118518","11789017","99.40","101.50","98.00","98.00","-0.7000","365"
"1151001","6757","台灣虎航","331003","17720966","53.90","53.90","53.40","53.40","-0.6000","486"
"1151001","6768","志強-KY","106131","6688496","63.00","63.40","62.50","63.30","0.6000","110"
"1151001","6770","力積電","92791273","6880532673","74.40","74.90","73.30","74.50","-0.8000","61733"
"1151001","6771","平和環保-創","59156","2531898","42.60","43.10","42.50","43.00","0.4000","47"
"1151001","6776","展碁國際","60431","3163483","52.80","52.80","52.20","52.80","-0.1000","64"
"1151001","6781","AES-KY","173934","177279265","1020.00","1025.00","1010.00","1025.00","5.0000","790"
"1151001","6782","視陽","242118","57713713","242.00","242.00","236.00","237.50","-4.5000","317"
"1151001","6789","采鈺","1576642","772479530","496.50","505.00","482.00","489.00","-5.0000","2952"
"1151001","6790","永豐實","128014","4814080","37.80","37.80","37.55","37.65","-0.1500","127"
"1151001","6792","詠業","13037","769899","59.00","59.50","58.70","59.00","-0.6000","16"
"1151001","6794","向榮生技","20126","1432386","70.80","73.20","70.20","73.20","1.4000","21"
"1151001","6796","晉弘","18544","988642","54.00","54.00","53.10","53.10","0.1000","46"
"1151001","6799","來頡","324626","30005197","91.80","93.70","91.50","92.20","0.5000","789"
"1151001","6805","富世達","2121012","5072393260","2475.00","2510.00","2335.00","2390.00","-65.0000","5893"
"1151001","6807","峰源-KY","15057","480393","31.90","32.35","31.60","32.30","0.0000","15"
"1151001","6830","汎銓","794025","424441006","535.00","542.00","530.00","531.00","-2.0000","1560"
"1151001","6831","邁科","701310","334746232","474.00","490.50","472.00","474.50","3.0000","1489"
"1151001","6834","天二科技","9597928","1122381806","110.00","119.50","110.00","119.50","10.5000","8240"
"1151001","6835","圓裕","14178","442110","31.15","31.30","31.00","31.15","-0.0500","19"
"1151001","6838","台新藥","149573","3829103","25.80","25.90","25.40","25.80","0.0000","144"
"1151001","6854","錼創科技-KY創","209199","19617777","94.60","95.60","92.40","93.70","0.4000","221"
"1151001","6861","睿生光電","5529447","1691505808","317.50","324.50","288.00","292.00","-21.5000","8882"
"1151001","6862","三集瑞-KY","341341","48922046","139.00","147.00","139.00","142.00","4.0000","378"
"1151001","6863","永道-KY","53107","5072267","95.70","96.00","95.00","95.50","0.2000","54"
"1151001","6869","雲豹能源","491626","34932994","72.50","72.50","69.40","69.40","-2.5000","2024"
"1151001","6873","泓德能源","192440","13120078","68.40","68.80","67.60","67.90","-0.5000","189"
"1151001","6885","全福生技","728383","22961055","31.70","32.15","31.15","31.50","-0.5000","482"
"1151001","6887","寶綠特-KY","10317","391640","37.65","38.80","37.60","37.95","-0.1500","36"
"1151001","6890","來億-KY","152759","22742201","147.50","150.00","147.50","148.50","0.5000","383"
"1151001","6901","鑽石投資","2764815","46882353","16.85","17.30","16.55","16.65","-0.2000","1433"
"1151001","6902","GOGOLOOK","390751","61638603","160.50","160.50","155.00","155.00","-4.0000","472"
"1151001","6906","現觀科","41424","3474782","84.40","84.40","83.00","84.00","0.4000","52"
"1151001","6908","宏碁遊戲-創","174332","4911940","26.60","29.30","26.60","27.50","0.8500","147"
"1151001","6909","創控","159114","6751595","43.25","43.25","42.05","42.75","-0.1000","172"
"1151001","6914","阜爾運通","75504","8961510","119.00","119.00","118.00","118.00","-1.0000","307"
"1151001","6916","華凌","13150","244271","18.55","18.90","18.50","18.50","-0.2000","14"
"1151001","6918","愛派司","31233","2328187","74.30","74.90","73.90","73.90","-0.4000","22"
"1151001","6919","康霈*","2747160","218519112","79.40","80.70","79.00","79.10","0.1000","2874"
"1151001","6921","嘉雨思-創","11000","735100","66.90","67.00","66.40","66.40","-1.6000","7"
"1151001","6923","中台","39363","2949695","76.30","76.30","74.50","75.00","-0.2000","42"
"1151001","6924","榮惠-KY創","20234","2713090","133.00","136.00","132.00","134.00","-1.0000","22"
"1151001","6928","攸泰科技","57589","2646203","46.00","46.50","45.70","46.50","0.5000","55"
"1151001","6931","青松健康","34220","1332936","38.90","39.10","38.90","38.90","0.0000","31"
"1151001","6933","AMAX-KY","3166449","1226713757","370.00","404.50","369.50","394.50","23.5000","4015"
"1151001","6934","心誠鎂","54048","4094462","75.40","76.70","75.20","75.20","-0.1000","23"
"1151001","6936","永鴻生技","2095","66840","31.80","32.00","31.80","32.00","0.0000","3"
"1151001","6937","天虹","516330","157673044","310.50","312.50","300.00","301.50","-6.5000","3658"
"1151001","6944","兆聯實業","653674","521524650","776.00","807.00","776.00","800.00","25.0000","2094"
"1151001","6947","台鎔科技","221733","15150788","67.70","68.90","67.50","68.50","0.1000","159"
"1151001","6949","沛爾生醫*-創","2139054","106213967","50.00","50.80","49.00","49.40","-1.2000","1551"
"1151001","6951","青新-創","19383","1346276","69.30","69.50","69.30","69.40","0.2000","97"
"1151001","6952","大武山","5032","195153","38.75","38.80","38.75","38.80","0.0000","9"
"1151001","6955","邦睿生技-創","7407","700346","94.60","95.20","94.60","95.20","-0.8000","13"
"1151001","6957","裕慶-KY","1907750","728695901","400.00","400.00","364.00","384.00","13.0000","2189"
"1151001","6958","日盛台駿","10277","178791","17.20","17.50","17.20","17.50","0.0000","19"
"1151001","6958A","日盛台駿甲特","1000","21950","21.95","21.95","21.95","21.95","-0.0500","1"
"1151001","6962","奕力-KY","2751544","91093455","32.75","33.35","32.65","33.15","0.7000","1819"
"1151001","6965","中傑-KY","47737","3002267","62.80","63.20","62.50","63.20","-0.5000","53"
"1151001","6969","成信實業*-創","161667","4909634","31.30","31.30","30.20","30.45","-0.9000","131"
"1151001","6988","威力暘-創","94000","1080900","11.55","11.65","11.40","11.65","-0.0500","37"
"1151001","6994","富威電力","998022","28498152","26.50","29.15","26.50","29.15","2.6500","798"
"1151001","7610","聯友金屬-創","526796","928334260","1730.00","1820.00","1705.00","1780.00","45.0000","2288"
"1151001","7631","聚賢研發-創","276501","40793780","144.00","153.50","142.50","145.50","5.0000","347"
"1151001","7689","大鵬科CLMX","59530","9512004","159.50","161.00","158.50","161.00","1.5000","96"
"1151001","7705","三商餐飲","21204","630489","29.80","29.80","29.70","29.70","-0.1500","60"
"1151001","7711","永擎","1893247","1125407266","561.00","616.00","551.00","616.00","56.0000","3438"
"1151001","7721","微程式","30611","1897181","62.30","62.30","61.70","61.90","-0.3000","70"
"1151001","7722","LINEPAY","26410","6863630","261.00","261.00","259.50","260.00","1.0000","165"
"1151001","7730","暉盛-創","444008","84649205","180.00","197.00","180.00","194.50","15.0000","471"
"1151001","7732","金興精密","6030","200102","33.15","33.20","33.15","33.20","-0.3000","6"
"1151001","7736","虎山","58011","3984953","68.60","69.00","68.60","68.70","0.2000","26"
"1151001","7740","熙特爾-創","169455","17629792","106.50","108.00","102.00","102.50","-2.0000","227"
"1151001","7749","意騰-KY","283560","113353951","395.00","408.00","390.00","401.50","10.5000","528"
"1151001","7750","新代","97494","185404705","1940.00","1940.00","1890.00","1895.00","-20.0000","1472"
"1151001","7760","享溫馨","42946","1395854","32.55","32.70","32.50","32.50","-0.0500","89"
"1151001","7765","中華資安","70820","16717478","238.50","238.50","235.00","236.50","-0.5000","178"
"1151001","7768","頌勝科技","121020","35848564","299.50","304.00","289.00","301.00","1.5000","598"
"1151001","7769","鴻勁","487125","2681325005","5570.00","5650.00","5435.00","5490.00","-15.0000","10097"
"1151001","7780","大研生醫*","862735","13924969","16.25","16.25","16.00","16.15","-0.1000","561"
"1151001","7786","東方風能","77730","9181480","118.00","119.00","117.50","118.50","-1.0000","79"
"1151001","7788","松川精密","2530364","736914650","299.00","300.00","285.00","290.50","-3.5000","3411"
"1151001","7791","皇家可口","58971","3238960","55.10","55.10","54.70","54.80","-0.5000","65"
"1151001","7795","長廣","1890557","981202894","490.50","536.00","483.00","536.00","48.0000","2881"
"1151001","7799","禾榮科","2198114","1228775588","555.00","574.00","544.00","555.00","16.0000","3116"
"1151001","7803","雲象科技-創","40080","710536","17.95","17.95","17.55","17.80","-0.1500","23"
"1151001","7812","稜研科技*-創","292086","19038101","66.70","66.70","64.00","64.50","-2.2000","271"
"1151001","7818","溢泰實業","55153","3303067","60.00","60.10","59.70","60.10","0.0000","71"
"1151001","7821","神數","160670","5739877","35.80","36.00","35.60","35.85","-0.0500","163"
"1151001","7822","倍利科","295608","295892276","1000.00","1020.00","979.00","1000.00","2.0000","2954"
"1151001","7823","奧義賽博-KY創","53100","4241760","80.20","80.20","79.10","79.90","-0.3000","31"
"1151001","7827","漢康-KY創","352923","58901434","165.00","170.50","163.50","165.00","0.0000","900"
"1151001","7835","永悅健康-創","98060","1937594","19.60","19.95","19.60","19.75","-0.4500","47"
"1151001","7855","和運租車","378013","15659610","41.50","41.55","41.35","41.40","0.0000","285"
"1151001","8011","台通","127920","2050775","16.10","16.10","16.00","16.05","-0.0500","165"
"1151001","8016","矽創","499987","143638447","287.00","288.50","285.00","288.50","4.5000","733"
"1151001","8021","尖點","1461511","728852868","487.00","503.00","487.00","503.00","17.0000","3364"
"1151001","8028","昇陽半導體","5165195","1436672571","277.00","281.00","275.50","280.00","-2.5000","9661"
"1151001","8033","雷虎","1716075","299881717","173.00","176.00","173.00","175.50","1.0000","2159"
"1151001","8039","台虹","30321735","8812514102","297.00","297.50","285.00","288.50","-12.0000","41431"
"1151001","8045","達運光電","174112","9498655","54.20","55.50","53.80","54.70","0.8000","194"
"1151001","8046","南電","19869429","28112205605","1390.00","1450.00","1370.00","1420.00","80.0000","34056"
"1151001","8070","長華*","885030","44415487","50.30","50.50","50.00","50.20","0.0000","984"
"1151001","8072","陞泰","99062","2755155","27.80","28.05","27.70","27.80","-0.0500","129"
"1151001","8081","致新","411748","104575681","253.00","256.00","252.00","255.00","3.5000","511"
"1151001","8101","華冠","5605","61549","11.00","11.05","11.00","11.05","0.0000","10"
"1151001","8103","瀚荃","4022075","490587414","122.00","125.00","119.00","124.00","2.5000","3640"
"1151001","8104","錸寶","217875","6915680","32.10","32.15","31.50","31.70","-0.4000","292"
"1151001","8105","凌巨","6433836","100746791","16.05","16.05","15.45","15.45","-0.9000","3109"
"1151001","8110","華東","4341907","211083650","49.20","49.20","48.30","48.70","-0.5000","3084"
"1151001","8112","至上","5690582","475313906","83.10","84.00","82.70","83.80","1.0000","4210"
"1151001","8112A","至上甲特","11807","540421","45.80","45.80","45.75","45.80","0.0000","12"
"1151001","8114","振樺電","227586","40359223","179.00","179.00","176.00","178.00","-1.0000","328"
"1151001","8131","福懋科","1213878","75637103","63.10","63.10","61.90","62.50","-0.1000","1605"
"1151001","8150","南茂","72187178","8163266377","113.00","116.00","109.50","115.50","1.0000","44259"
"1151001","8162","微矽電子-創","422474","28410624","66.80","68.30","66.10","68.00","1.2000","433"
"1151001","8163","達方","732384","22397392","30.25","30.90","30.25","30.60","0.3500","645"
"1151001","8201","無敵","2774334","48300530","17.60","17.65","16.10","17.65","1.6000","1559"
"1151001","8210","勤誠","2063602","1719068127","841.00","846.00","822.00","845.00","9.0000","7790"
"1151001","8213","志超","385406","13050729","34.50","34.50","33.70","34.00","-0.5000","436"
"1151001","8215","明基材","2446726","71919439","30.10","30.10","28.85","29.10","-0.5500","2237"
"1151001","8222","寶一","112361","4006160","36.00","36.00","35.50","35.55","-0.2500","195"
"1151001","8249","菱光","99799","3939108","39.50","39.60","39.30","39.40","-0.1000","167"
"1151001","8261","富鼎","3960633","718144814","177.00","184.00","177.00","181.50","5.5000","4197"
"1151001","8271","宇瞻","696257","140146930","203.00","203.00","200.50","201.00","-1.0000","1176"
"1151001","8341","日友","106612","7923557","74.40","74.40","74.20","74.20","-0.2000","129"
"1151001","8367","建新國際","13706","554538","40.45","40.80","40.25","40.80","0.3500","19"
"1151001","8374","羅昇","116667","8968211","78.00","78.00","76.40","76.90","-0.7000","235"
"1151001","8404","百和興業-KY","316826","4204662","13.30","13.35","13.20","13.30","0.0500","131"
"1151001","8411","福貞-KY","82100","971531","11.80","11.90","11.75","11.90","0.0000","75"
"1151001","8422","可寧衛*","2860578","73280217","26.00","26.00","25.50","25.60","-0.3000","1843"
"1151001","8429","金麗-KY","97112","571190","5.91","5.91","5.87","5.91","0.0000","108"
"1151001","8438","昶昕","508451","41328371","81.30","82.40","80.10","80.90","0.1000","585"
"1151001","8442","威宏-KY","22328","1013506","44.75","45.60","44.70","45.60","0.0000","31"
"1151001","8443","阿瘦","7906","87724","11.05","11.10","11.05","11.10","-0.0500","54"
"1151001","8454","富邦媒","233272","55946595","241.00","241.50","238.50","239.00","-1.5000","508"
"1151001","8462","柏文","122968","19402717","159.00","160.50","153.50","157.00","-1.5000","409"
"1151001","8463","潤泰材","17010","360462","21.25","21.25","21.15","21.20","-0.0500","15"
"1151001","8464","億豐","188926","68911851","367.00","368.50","362.50","362.50","-4.0000","321"
"1151001","8466","美吉吉-KY","15000","227400","15.00","15.40","15.00","15.15","0.0500","10"
"1151001","8467","波力-KY","6320","554924","87.10","88.10","87.10","88.10","0.4000","32"
"1151001","8473","山林水","391226","15318746","39.75","39.75","39.00","39.05","-0.7000","374"
"1151001","8476","台境*","256988","5189140","20.10","20.40","20.05","20.30","0.2000","153"
"1151001","8478","東哥遊艇","46001","6474589","141.50","141.50","139.50","141.50","0.5000","67"
"1151001","8481","政伸","9000","365650","40.70","40.70","40.60","40.65","-0.3000","9"
"1151001","8482","商億-KY","1000","48850","48.85","48.85","48.85","48.85","-0.3500","1"
"1151001","8487","愛爾達-創","27430","1925850","70.50","70.90","70.00","70.30","-0.5000","44"
"1151001","8488","吉源-KY","13415","131850","9.82","9.86","9.82","9.84","-0.1100","16"
"1151001","8499","鼎炫-KY","8170","2101435","263.00","263.00","255.00","256.00","-2.0000","178"
"1151001","8926","台汽電","1154934","67995137","59.30","59.50","58.60","58.90","-0.3000","1523"
"1151001","8940","新天地","11029","166137","15.15","15.15","15.00","15.05","-0.0500","44"
"1151001","8996","高力","5416446","8385625415","1515.00","1600.00","1470.00","1565.00","-40.0000","9020"
"1151001","9103","美德醫療-DR","433054","2147074","4.97","4.98","4.94","4.94","-0.0400","160"
"1151001","910322","康師傅-DR","204","4781","","","","","0.0000","5"
"1151001","9105","泰金寶-DR","10908550","92418673","8.54","8.56","8.43","8.45","-0.0800","2579"
"1151001","910861","神州-DR","85000","399430","4.81","4.81","4.69","4.69","-0.0100","25"
"1151001","9110","越南控-DR","7030","21190","3.08","3.08","2.98","2.98","-0.0100","6"
"1151001","911608","明輝-DR","26233","70646","2.70","2.71","2.69","2.70","0.0000","242"
"1151001","911622","泰聚亨-DR","","","","","","","0.0000",""
"1151001","911868","同方友友-DR","116311","134584","1.17","1.18","1.15","1.15","-0.0100","51"
"1151001","912000","晨訊科-DR","112401","277707","2.49","2.50","2.45","2.48","-0.0100","59"
"1151001","9136","巨騰-DR","135856","1235908","9.14","9.15","9.04","9.13","-0.0100","66"
"1151001","9802","鈺齊-KY","565927","36605072","65.00","65.40","64.20","64.80","0.0000","545"
"1151001","9902","台火","158795","2082436","13.30","13.30","13.05","13.20","0.0000","94"
"1151001","9904","寶成","8975716","222659794","24.85","24.90","24.70","24.85","-0.1000","3414"
"1151001","9905","大華","43147","920012","21.30","21.40","21.30","21.40","0.0500","43"
"1151001","9906","欣巴巴","37220","1480367","39.45","40.50","39.40","40.25","0.8000","36"
"1151001","9907","統一實","677777","10106366","15.00","15.00","14.85","14.85","-0.0500","470"
"1151001","9908","大台北","67493","1955185","28.95","29.00","28.95","28.95","-0.0500","76"
"1151001","9910","豐泰","875341","60175186","69.10","69.20","68.30","68.80","0.0000","860"
"1151001","9911","櫻花","107539","8764704","81.60","81.70","81.40","81.50","0.0000","209"
"1151001","9912","偉聯","12180","157677","12.90","12.95","12.90","12.95","-0.1500","51"
"1151001","9914","美利達","789781","53816875","68.30","68.60","67.60","68.30","0.0000","737"
"1151001","9917","中保科","204764","21711393","106.00","106.50","105.50","106.50","1.0000","294"
"1151001","9918","欣天然","11928","513258","43.15","43.20","42.75","43.20","0.0500","92"
"1151001","9919","康那香","124594","1715378","13.85","13.85","13.65","13.80","-0.0500","101"
"1151001","9921","巨大","1035498","94972987","93.10","93.10","91.10","91.80","-1.3000","1243"
"1151001","9924","福興","50617","1929565","37.80","38.25","37.80","38.20","0.0000","85"
"1151001","9925","新保","319171","12616537","39.55","39.70","39.45","39.55","0.0000","210"
"1151001","9926","新海","9000","440500","48.70","49.10","48.70","49.10","0.0000","7"
"1151001","9927","泰銘","748435","47887889","64.70","64.70","63.70","64.00","0.0000","798"
"1151001","9928","中視","72144","1297444","17.90","18.20","17.85","18.05","0.3000","63"
"1151001","9929","秋雨","2503247","27786003","11.15","11.15","11.05","11.10","0.0000","6"
"1151001","9930","中聯資源","64546","3877780","60.10","60.20","59.90","60.20","0.0000","152"
"1151001","9931","欣高","5120","174041","33.85","34.10","33.85","34.10","-0.1000","9"
"1151001","9933","中鼎","3030280","125800280","40.60","42.00","40.60","41.65","0.9500","3089"
"1151001","9934","成霖","302566","2984639","9.86","9.92","9.82","9.86","-0.0100","168"
"1151001","9935","慶豐富","140355","2568085","18.20","18.35","18.15","18.35","0.0500","89"
"1151001","9937","全國","14157","769721","54.20","54.50","54.20","54.50","0.0000","21"
"1151001","9938","百和","533525","20496795","38.25","38.65","38.10","38.55","0.3000","435"
"1151001","9939","宏全","798328","99253734","126.00","126.00","123.50","124.50","-1.5000","1013"
"1151001","9940","信義","150932","3031812","20.10","20.20","20.05","20.05","-0.0500","94"
"1151001","9941","裕融","1273517","98861524","77.90","78.10","77.20","77.90","0.0000","1663"
"1151001","9941A","裕融甲特","12792","624075","48.80","48.80","48.80","48.80","0.0000","10"
"1151001","9942","茂順","22539","2572207","114.50","114.50","114.00","114.50","0.0000","39"
"1151001","9943","好樂迪","18138","913481","50.50","50.50","50.30","50.40","0.0000","90"
"1151001","9944","新麗","26896","462240","17.20","17.20","17.10","17.15","-0.0500","61"
"1151001","9945","潤泰新","3828692","111980962","29.45","29.50","29.15","29.25","-0.2000","1945"
"1151001","9946","三發地產","136072","2298523","16.85","17.00","16.85","16.85","-0.1500","99"
"1151001","9955","佳龍","115084","2659560","23.00","23.30","23.00","23.10","0.0000","232"
"1151001","9958","世紀鋼","871632","80586937","93.00","93.60","91.70","92.00","-1.0000","1607"
