日期,證券代號,證券名稱,成交股數,成交金額,開盤價,最高價,最低價,收盤價,漲跌價差,成交筆數
"1150929","00400A","主動國泰動能高息","27827686","431715180","15.63","15.65","15.38","15.51","-0.1500","8125"
"1150929","00401A","主動摩根台灣鑫收","7543890","107536705","14.56","14.56","14.15","14.21","-0.0700","1295"
"1150929","00402A","主動安聯美國科技","1904311","18956301","10.02","10.02","9.93","9.94","-0.0900","758"
"1150929","00403A","主動統一升級50","114515969","1229943726","10.83","10.83","10.64","10.70","-0.1800","20936"
"1150929","00404A","主動聯博動能50","9243482","90693903","9.89","9.89","9.76","9.79","-0.0700","1834"
"1150929","00405A","主動富邦台灣龍耀","39732866","367628671","9.33","9.34","9.14","9.25","-0.1400","7450"
"1150929","00406A","主動中信台灣收益","667138285","6608030103","10.02","10.02","9.80","9.85","-0.1500","103630"
"1150929","00407A","主動凱基台灣","28803246","289211806","10.13","10.13","9.94","10.02","-0.1400","4201"
"1150929","00408A","主動第一金優股息","729320","7608043","10.48","10.50","10.36","10.44","-0.1100","301"
"1150929","00409A","主動復華全球50","17961043","179356134","10.10","10.10","9.94","9.96","-0.1900","4005"
"1150929","00410A","主動永豐科技趨勢","2192426","27088271","12.38","12.42","12.28","12.37","-0.0300","636"
"1150929","0050","元大台灣50","110505674","12329061234","111.80","112.25","111.05","111.30","-1.1000","170770"
"1150929","0051","元大中型100","51182","7534056","146.15","147.95","146.15","146.90","-1.2500","510"
"1150929","0052","富邦科技","13497237","877835376","65.15","65.35","64.75","64.95","-0.4500","15075"
"1150929","0053","元大電子","182328","45805331","253.30","253.30","250.00","250.80","-2.5000","1638"
"1150929","0055","元大MSCI金融","1008809","50052983","49.54","50.00","49.20","49.21","-0.3300","5045"
"1150929","0056","元大高股息","37937287","2147659968","56.50","56.90","56.30","56.55","-0.1000","39225"
"1150929","0057","富邦摩台","36296","12052141","333.45","333.45","330.75","331.75","-1.7500","209"
"1150929","0061","元大寶滬深","300497","6997188","23.50","23.67","23.01","23.34","-0.7600","248"
"1150929","006203","元大MSCI台灣","5621","1132883","202.10","203.60","202.05","202.05","-1.1500","187"
"1150929","006204","永豐臺灣加權","33986","8065093","238.50","238.50","237.05","237.20","-1.2500","136"
"1150929","006205","富邦上証","412878","16160441","39.65","39.65","39.02","39.20","-0.6200","425"
"1150929","006206","元大上證50","320640","11721348","36.97","36.97","36.48","36.63","-0.5800","273"
"1150929","006207","復華滬深","618589","19109742","31.10","31.10","30.80","31.04","-0.6600","143"
"1150929","006208","富邦台50","3048438","779835880","256.20","256.80","254.50","255.20","-1.6500","13099"
"1150929","00625K","富邦上証+R","","","","","","","0.0000",""
"1150929","00631L","元大台灣50正2","114394888","4404905107","38.70","38.90","38.16","38.28","-0.5900","45098"
"1150929","00632R","元大台灣50反1","84288708","804698600","9.53","9.60","9.50","9.57","0.0800","6549"
"1150929","00633L","富邦上証正2","4533197","199971494","45.00","45.01","43.75","43.92","-2.5200","1513"
"1150929","00634R","富邦上証反1","363099","1184957","3.22","3.27","3.22","3.27","0.0900","34"
"1150929","00635U","期元大S&P黃金","7799076","332502742","42.83","42.83","42.50","42.64","-1.6200","7019"
"1150929","00636","國泰中國A50","798462","21085496","26.60","26.60","26.31","26.47","-0.6300","382"
"1150929","00636K","國泰中國A50+U","300","2460","8.20","8.20","8.20","8.20","-0.4300","1"
"1150929","00637L","元大滬深300正2","32467511","592078235","18.63","18.63","18.07","18.17","-1.0200","5973"
"1150929","00638R","元大滬深300反1","334200","2326893","6.80","6.99","6.80","6.96","0.1600","43"
"1150929","00639","富邦深100","1196846","18217814","15.38","15.38","15.16","15.20","-0.5800","419"
"1150929","00640L","富邦日本正2","83022","8832118","106.90","106.90","105.90","105.95","-1.5500","114"
"1150929","00641R","富邦日本反1","637000","2353970","3.69","3.71","3.68","3.71","0.0400","37"
"1150929","00642U","期元大S&P石油","1631307","52577590","32.16","32.42","32.05","32.42","0.9600","759"
"1150929","00643","群益深証中小","3751384","64638355","17.44","17.44","17.16","17.20","-0.5700","309"
"1150929","00643K","群益深証中小+R","30000","110950","3.64","3.76","3.64","3.74","0.0000","12"
"1150929","00645","富邦日本","593253","34067131","58.00","58.00","57.20","57.30","-0.5500","540"
"1150929","00646","元大S&P500","3892041","299331581","77.75","77.75","76.80","76.90","-0.2500","6049"
"1150929","00647L","元大S&P500正2","26327","3619972","137.80","137.85","137.20","137.20","-0.9000","82"
"1150929","00648R","元大S&P500反1","111010","436068","3.93","3.94","3.92","3.94","0.0300","23"
"1150929","00650L","復華香港正2","1390932","22194487","16.20","16.20","15.84","15.92","-0.2800","426"
"1150929","00651R","復華香港反1","240248","1286830","5.33","5.36","5.33","5.36","0.0500","25"
"1150929","00652","富邦印度","340570","10706022","31.84","31.84","31.25","31.34","-0.5500","699"
"1150929","00653L","富邦印度正2","1040002","42352409","41.94","41.94","40.50","40.82","-2.0600","209"
"1150929","00654R","富邦印度反1","112216","800477","7.11","7.19","7.11","7.14","0.1300","17"
"1150929","00655L","國泰中國A50正2","2236795","68723067","31.50","31.50","30.48","30.54","-1.7800","500"
"1150929","00656R","國泰中國A50反1","56736","347745","6.11","6.15","6.11","6.15","0.1700","14"
"1150929","00657","國泰日經225","455707","35140958","77.40","77.40","76.65","76.80","-1.0000","123"
"1150929","00657K","國泰日經225+U","200","4822","24.11","24.11","24.11","24.11","-0.2000","2"
"1150929","00660","元大歐洲50","6198","285949","46.15","46.20","46.15","46.20","0.4200","69"
"1150929","00661","元大日經225","429420","36284734","84.55","84.75","84.20","84.30","-0.6000","296"
"1150929","00662","富邦NASDAQ","4070950","502385059","123.75","123.75","123.05","123.25","-1.0000","5178"
"1150929","00663L","國泰臺灣加權正2","4069264","451854005","111.85","112.20","109.90","110.45","-2.1000","2235"
"1150929","00664R","國泰臺灣加權反1","9789294","15097705","1.54","1.55","1.53","1.54","0.0100","566"
"1150929","00665L","富邦恒生國企正2","10216958","90180653","8.90","8.93","8.77","8.79","-0.1600","797"
"1150929","00666R","富邦恒生國企反1","20000","186600","9.32","9.38","9.30","9.38","0.1300","7"
"1150929","00668","國泰美國道瓊","26017","1558336","59.90","59.95","59.85","59.90","0.0000","141"
"1150929","00668K","國泰美國道瓊+U","200","3768","18.84","18.84","18.84","18.84","-0.1700","2"
"1150929","00669R","國泰美國道瓊反1","105000","565570","5.39","5.39","5.37","5.38","-0.0100","21"
"1150929","00670L","富邦NASDAQ正2","458779","95291574","208.95","208.95","207.00","207.00","-4.0000","1001"
"1150929","00671R","富邦NASDAQ反1","11458435","26884402","2.34","2.38","2.34","2.38","0.0200","171"
"1150929","00673R","期元大S&P原油反1","29178000","304396994","10.49","10.49","10.38","10.39","-0.3000","3449"
"1150929","00674R","期元大S&P黃金反1","172607","5106988","29.60","29.68","29.51","29.60","1.0600","113"
"1150929","00675L","富邦臺灣加權正2","617583","207799870","338.15","339.95","333.00","334.00","-6.5000","1144"
"1150929","00676R","富邦臺灣加權反1","2762867","14568981","5.26","5.30","5.25","5.29","0.0600","270"
"1150929","00678","群益那斯達克生技","276507","11996448","43.12","43.46","43.12","43.43","0.5600","154"
"1150929","00680L","元大美債20正2","35781090","209434216","5.87","5.89","5.82","5.84","-0.2800","2529"
"1150929","00681R","元大美債20反1","650090","14834667","22.77","22.86","22.74","22.86","0.5500","19"
"1150929","00682U","期元大美元指數","22000","457140","20.77","20.79","20.77","20.79","-0.0600","3"
"1150929","00683L","期元大美元指正2","153905","3405429","22.10","22.20","22.07","22.16","0.0700","38"
"1150929","00684R","期元大美元指反1","17330","257357","14.90","14.90","14.79","14.81","-0.0800","9"
"1150929","00685L","群益臺灣加權正2","171560342","2181096670","12.79","12.85","12.59","12.64","-0.2300","35332"
"1150929","00686R","群益臺灣加權反1","4432666","4173520","0.94","0.95","0.93","0.95","0.0200","120"
"1150929","00688L","國泰20年美債正2","19581016","114123823","5.87","5.88","5.79","5.80","-0.2900","1365"
"1150929","00689R","國泰20年美債反1","103300","2466672","23.88","23.88","23.86","23.86","0.5200","4"
"1150929","00690","兆豐藍籌30","543555","44580657","83.65","83.65","81.45","81.70","-1.9500","932"
"1150929","00692","富邦公司治理","749212","72059204","96.70","96.70","95.75","95.90","-0.8000","1452"
"1150929","00693U","期街口S&P黃豆","2135567","50021539","23.45","23.48","23.36","23.42","-0.6600","599"
"1150929","00700","富邦恒生國企","136868","2307589","17.07","17.07","16.80","16.85","-0.1100","206"
"1150929","00701","國泰股利精選30","334023","13905401","41.64","41.88","41.36","41.42","-0.1800","577"
"1150929","00702","國泰標普低波高息","108872","2550863","23.45","23.45","23.41","23.43","-0.1300","99"
"1150929","00703","台新MSCI中國","24103","451412","18.94","18.94","18.68","18.73","-0.2100","73"
"1150929","00706L","期元大S&P日圓正2","1066142","20540744","19.28","19.30","19.23","19.28","0.1200","218"
"1150929","00707R","期元大S&P日圓反1","","","","","","","0.0000",""
"1150929","00708L","期元大S&P黃金正2","12042832","852221054","70.80","71.15","70.40","70.90","-5.6500","7796"
"1150929","00709","富邦歐洲","26111","1033732","39.52","39.60","39.50","39.56","0.1400","196"
"1150929","00710B","復華彭博非投等債","214408","4001893","18.70","18.73","18.64","18.66","-0.0700","156"
"1150929","00711B","復華彭博新興債","140867","2085645","14.77","14.89","14.77","14.78","-0.4000","39"
"1150929","00712","復華富時不動產","140675204","1066107753","7.64","7.64","7.56","7.56","-0.2600","33582"
"1150929","00713","元大台灣高息低波","9362562","591530437","63.20","63.50","62.90","62.90","-0.3000","6169"
"1150929","00714","群益道瓊美國地產","107097","2210482","20.62","20.64","20.62","20.62","-0.1600","100"
"1150929","00715L","期街口布蘭特正2","4362758","292493230","66.60","67.95","66.25","67.90","3.2000","1384"
"1150929","00717","富邦美國特別股","62988","914982","14.59","14.59","14.46","14.49","-0.0500","250"
"1150929","00728","第一金工業30","84625","5941134","70.45","70.50","69.85","69.90","-0.4500","532"
"1150929","00730","富邦臺灣優質高息","105083","3082909","29.37","29.40","29.20","29.35","0.1000","375"
"1150929","00731","復華富時高息低波","608853","59842401","98.05","98.80","97.55","97.75","-0.3000","357"
"1150929","00733","富邦臺灣中小","217270","15196089","70.15","70.20","69.65","70.20","0.0500","614"
"1150929","00735","國泰臺韓科技","965068","103944455","108.80","108.80","107.20","107.25","-1.7500","1798"
"1150929","00736","國泰新興市場","104031","3279636","31.71","31.71","31.52","31.61","-0.1900","8"
"1150929","00737","國泰AI機器人","166808","6810189","40.90","40.93","40.71","40.75","-0.4400","221"
"1150929","00738U","期元大道瓊白銀","7123423","342929638","48.40","48.40","47.96","48.07","-2.9300","4972"
"1150929","00739","元大MSCI A股","323102","8553041","27.18","27.18","26.39","26.46","-0.8200","218"
"1150929","00752","中信中國50","1018116","22689413","22.64","22.64","22.22","22.33","-0.1800","660"
"1150929","00753L","中信中國50正2","19098563","164896790","8.74","8.75","8.58","8.61","-0.2600","3298"
"1150929","00757","統一FANG+","619117","88060469","143.45","143.45","141.90","141.90","-1.5000","2493"
"1150929","00762","元大全球AI","214332","25638919","119.00","119.95","118.95","119.50","-2.3000","738"
"1150929","00763U","期街口道瓊銅","443508","15370757","34.85","34.85","34.56","34.56","-0.7500","312"
"1150929","00770","國泰北美科技","401453","26028951","65.25","65.30","64.60","64.75","-0.5000","890"
"1150929","00771","元大US高息特別股","15257","229822","15.10","15.10","15.03","15.07","0.0100","68"
"1150929","00775B","台新投等債15+","81097","2412746","29.75","29.83","29.75","29.83","-0.5700","7"
"1150929","00783","富邦中証500","68765","1846739","26.86","26.91","26.83","26.85","-0.8900","119"
"1150929","00830","國泰費城半導體","5527818","481611853","87.60","87.60","86.85","86.85","-1.1500","7736"
"1150929","00850","元大臺灣ESG永續","508927","48647289","96.35","96.35","95.00","95.50","-0.8500","1587"
"1150929","00851","台新全球AI","46217","3331365","72.10","72.40","72.05","72.25","-0.8500","127"
"1150929","00852L","國泰美國道瓊正2","65033","2139137","32.94","32.95","32.83","32.83","-0.1600","68"
"1150929","00861","元大全球未來通訊","148351","13030871","87.00","88.10","86.65","87.60","-0.5500","319"
"1150929","00865B","國泰US短期公債","2408777","117759662","48.94","48.95","48.85","48.92","-0.0200","784"
"1150929","00875","國泰網路資安","361794","20612427","57.95","57.95","56.75","56.90","-1.6500","2377"
"1150929","00876","元大全球5G","107814","9644942","87.00","89.90","87.00","89.55","-0.2500","497"
"1150929","00878","國泰永續高股息","31335571","1095887241","34.88","35.15","34.83","34.83","-0.0500","27108"
"1150929","00881","國泰台灣科技龍頭","12488489","649187608","52.30","52.35","51.65","51.90","-0.6000","11100"
"1150929","00882","中信中國高股息","3572319","52917615","14.75","14.85","14.72","14.85","0.0700","1191"
"1150929","00885","富邦越南","1264647","22748741","18.00","18.04","17.90","17.99","-0.0500","987"
"1150929","00891","中信關鍵半導體","16982775","635323386","37.62","37.65","37.20","37.30","-0.4700","10334"
"1150929","00892","富邦台灣半導體","6717661","288709251","43.33","43.36","42.85","42.99","-0.3400","1888"
"1150929","00893","國泰智能電動車","261615","11902999","45.94","45.94","45.36","45.38","-0.5800","690"
"1150929","00894","中信小資高價30","1566825","77607901","50.25","50.25","49.10","49.49","-0.7600","1526"
"1150929","00895","富邦未來車","227724","11747695","52.05","52.05","51.45","51.50","-0.5500","468"
"1150929","00896","中信綠能及電動車","2612137","71859916","27.60","27.67","27.37","27.50","-0.1000","1999"
"1150929","00897","富邦基因免疫生技","978622","13502177","13.75","13.83","13.75","13.81","0.3000","443"
"1150929","00898","國泰基因免疫革命","579688","6822146","11.71","11.80","11.70","11.75","0.2600","376"
"1150929","00899","FT潔淨能源","48311","1069145","22.68","22.68","22.01","22.03","-0.7400","226"
"1150929","00900","富邦特選高股息30","4351917","84739595","19.46","19.60","19.36","19.37","-0.1600","1528"
"1150929","00901","永豐智能車供應鏈","53826","2572706","48.29","48.29","47.49","47.74","-0.7400","287"
"1150929","00902","中信電池及儲能","580344","7106685","12.37","12.37","12.20","12.25","-0.2000","508"
"1150929","00903","富邦元宇宙","76409","1664660","21.75","21.83","21.71","21.77","-0.3000","245"
"1150929","00904","台新臺灣半導體30","744328","32036133","43.30","43.30","42.79","42.97","-0.3900","821"
"1150929","00905","FT臺灣Smart","1095626","30083908","27.60","27.60","27.30","27.40","-0.2000","1376"
"1150929","00907","永豐優息存股","800889","14196444","17.80","17.84","17.64","17.66","-0.0900","542"
"1150929","00908","富邦入息REITs+","81739","1187016","14.63","14.63","14.51","14.53","-0.1000","123"
"1150929","00909","國泰數位支付服務","4297715","209368336","49.45","49.47","48.43","48.50","-2.7000","2498"
"1150929","00910","第一金太空衛星","420798","24334672","58.15","58.30","57.70","57.70","-0.4500","1030"
"1150929","00911","兆豐洲際半導體","192177","10732189","56.00","56.05","55.75","55.80","-0.4500","2390"
"1150929","00912","中信臺灣智慧50","317044","11465599","36.40","36.40","35.99","35.99","-0.4600","420"
"1150929","00913","兆豐台灣晶圓製造","2110145","109179645","52.15","52.20","51.45","51.75","-0.5500","1687"
"1150929","00915","凱基優選高股息30","1446374","47797306","33.00","33.24","32.85","32.91","-0.0900","726"
"1150929","00916","國泰全球品牌50","325377","8722392","26.98","26.98","26.65","26.88","-0.1100","474"
"1150929","00917","中信特選金融","1117075","25158094","22.80","22.80","22.46","22.50","-0.3300","1123"
"1150929","00918","大華優利高填息30","40465564","1374324510","33.98","34.14","33.87","33.90","-0.0800","28314"
"1150929","00919","群益台灣精選高息","55418474","1774275398","31.90","32.18","31.86","31.88","0.0500","30174"
"1150929","00920","富邦ESG綠色電力","70598","1719888","24.87","24.87","24.26","24.33","-0.5500","270"
"1150929","00921","兆豐龍頭等權重","142836","3342100","23.42","23.51","23.32","23.38","-0.0700","327"
"1150929","00922","國泰台灣領袖50","8374607","364374185","43.87","43.87","43.28","43.39","-0.4800","8482"
"1150929","00923","群益台ESG低碳50","2500021","103593025","41.78","41.78","41.18","41.33","-0.4500","3045"
"1150929","00924","復華S&P500成長","1489607","50053294","33.61","33.70","33.55","33.59","-0.0200","1629"
"1150929","00926","凱基全球菁英55","554221","14743946","26.54","26.63","26.51","26.59","0.0500","235"
"1150929","00927","群益半導體收益","18258291","721197012","39.56","39.77","39.27","39.39","-0.3800","11647"
"1150929","00929","復華台灣科技優息","16207880","472969779","29.18","29.25","29.09","29.16","-0.0200","8592"
"1150929","00930","永豐ESG低碳高息","1743393","41368173","23.76","23.87","23.67","23.69","-0.1900","1446"
"1150929","00932","兆豐永續高息等權","170407","2987793","17.50","17.57","17.44","17.44","-0.0400","206"
"1150929","00934","中信成長高股息","1939312","57826514","29.88","29.93","29.73","29.79","-0.0500","1162"
"1150929","00935","野村臺灣新科技50","13387736","810544800","61.25","61.30","60.00","60.40","-1.2500","11932"
"1150929","00936","台新永續高息中小","1111982","23765180","21.31","21.50","21.31","21.32","-0.0900","369"
"1150929","00938","凱基優選30","664198","17953622","26.95","27.17","26.83","26.84","-0.0600","274"
"1150929","00939","統一台灣高息動能","4120682","99591942","24.13","24.29","24.02","24.02","-0.1100","2334"
"1150929","00940","元大台灣價值高息","13418358","175858865","13.07","13.18","13.06","13.08","-0.0200","2660"
"1150929","00941","中信上游半導體","508686","12828659","25.10","25.31","25.09","25.19","0.0300","657"
"1150929","00943","兆豐電子高息等權","62476","1316841","21.15","21.15","20.99","21.01","0.0500","122"
"1150929","00944","野村趨勢動能高息","142567","3122949","21.94","22.06","21.83","21.83","-0.1700","307"
"1150929","00945B","凱基美國非投等債","7256262","103101202","14.22","14.23","14.19","14.21","-0.0800","1155"
"1150929","00946","群益科技高息成長","1760311","27172348","15.30","15.52","15.30","15.38","0.0800","688"
"1150929","00947","台新臺灣IC設計","11887867","476830733","40.35","40.49","39.70","40.00","-0.6600","4242"
"1150929","00949","復華日本龍頭","617079","13455297","21.85","21.86","21.73","21.74","-0.1100","479"
"1150929","00951","台新日本半導體","5326528","93604452","17.36","17.70","17.36","17.64","0.2800","904"
"1150929","00952","凱基台灣AI50","1318393","24154028","18.28","18.41","18.20","18.29","0.0400","462"
"1150929","00953B","群益優選非投等債","53998577","513454622","9.52","9.52","9.50","9.51","-0.0300","8234"
"1150929","00954","中信日本半導體","1337127","25222654","18.68","18.98","18.68","18.84","0.2800","587"
"1150929","00956","中信日經高股息","218434","2937445","13.55","13.55","13.42","13.42","-0.1400","257"
"1150929","00960","野村全球航運龍頭","540202","11912580","22.02","22.10","21.98","22.03","0.0100","2821"
"1150929","00961","FT臺灣永續高息","18569889","245927123","13.29","13.35","13.20","13.21","0.0100","4546"
"1150929","00962","台新AI優息動能","3108865","46782593","15.03","15.11","15.01","15.02","-0.0100","873"
"1150929","00963","中信全球高股息","1607270","20186746","12.63","12.65","12.53","12.55","-0.0800","672"
"1150929","00964","中信亞太高股息","1939176","28589204","14.80","14.83","14.70","14.73","0.0000","452"
"1150929","00965","元大航太防衛科技","544002","13657832","25.25","25.32","25.04","25.09","-0.3600","872"
"1150929","00971","野村美國研發龍頭","137521","2444389","17.77","17.81","17.74","17.78","0.0200","297"
"1150929","00972","野村日本動能高息","109843","2373666","21.66","21.66","21.51","21.51","-0.1900","58"
"1150929","009800","中信NASDAQ","1239217","16542693","13.50","13.50","13.31","13.34","-0.1100","1076"
"1150929","009801","中信美國創新科技","490449","5685391","11.62","11.62","11.57","11.59","-0.0500","445"
"1150929","009802","富邦旗艦50","3399117","68187561","20.11","20.25","19.94","19.96","-0.1100","1206"
"1150929","009803","玉山市值動能50","3649864","78521613","21.57","21.59","21.43","21.50","-0.1600","2267"
"1150929","009804","聯邦台精彩50","1011055","24209095","24.11","24.11","23.79","23.85","-0.2700","672"
"1150929","009805","台新美國電力基建","3131270","46241515","14.95","14.95","14.74","14.76","-0.1900","2322"
"1150929","009808","華南永昌優選50","171793","5492150","32.16","32.16","31.79","31.85","-0.3100","77"
"1150929","009809","富邦淨零ESG50","184093","3405972","18.49","18.56","18.45","18.45","-0.1100","104"
"1150929","00980A","主動野村臺灣優選","8275783","209795086","25.50","25.50","25.15","25.40","-0.1600","4157"
"1150929","009810","玉山全球藍籌100","326584","6976252","21.30","21.39","21.30","21.37","0.0300","74"
"1150929","009811","統一美國50","931721","12559316","13.55","13.55","13.45","13.47","-0.0300","719"
"1150929","009812","野村日本東證","1298169","16766338","13.00","13.00","12.84","12.91","-0.0100","279"
"1150929","009813","貝萊德標普卓越50","738497","8475635","11.49","11.49","11.46","11.46","-0.0300","489"
"1150929","009816","凱基台灣TOP50","125516365","2067199229","16.54","16.55","16.40","16.40","-0.1700","50629"
"1150929","009817","國泰日本不動產","606321","5337618","8.86","8.86","8.77","8.79","-0.1100","478"
"1150929","009818","華南永昌NASDAQxT","155747","3269911","21.00","21.05","20.98","20.99","-0.0500","70"
"1150929","009819","中信數據及電力","2758559","26278332","9.56","9.56","9.50","9.53","-0.1900","1834"
"1150929","00981A","主動統一台股增長","115904355","3525629777","30.66","30.70","30.08","30.31","-0.5400","46776"
"1150929","00981T","平衡凱基雙核收息","2809845","32915787","11.75","11.76","11.70","11.70","-0.1200","662"
"1150929","009820","元大納斯達克精選","6063214","62712025","10.39","10.39","10.30","10.32","-0.0900","872"
"1150929","009821","野村稀土關鍵資源","15191638","203156361","13.36","13.47","13.24","13.33","-0.7000","6704"
"1150929","009824","群益美國科技巨頭","5892884","61887635","10.53","10.54","10.47","10.49","-0.0600","1031"
"1150929","009826","貝萊德世界股票","11673122","116962919","10.08","10.08","10.00","10.02","-0.0400","3915"
"1150929","009827","玉山未來全球算力","3282721","33529952","10.31","10.31","10.19","10.20","-0.1200","1009"
"1150929","009828","中信台日韓PCB","28073119","279457600","10.00","10.01","9.90","9.98","-0.0400","6673"
"1150929","009829","大華韓國KOSPI50","29256980","315286384","10.78","10.87","10.72","10.74","-0.3000","3142"
"1150929","00982A","主動群益台灣強棒","13368750","305597277","23.02","23.02","22.69","22.83","-0.3100","6845"
"1150929","00982D","主動富邦動態入息","4699076","43856377","9.42","9.42","9.31","9.36","-0.1100","348"
"1150929","00982T","平衡兆豐台美動能","51476","794228","15.58","15.59","15.32","15.32","-0.2900","77"
"1150929","00983A","主動中信ARK創新","842940","11144609","13.31","13.31","13.18","13.20","-0.0200","485"
"1150929","00983D","主動富邦複合收益","1910799","18351641","9.70","9.70","9.58","9.60","-0.1100","412"
"1150929","00984A","主動安聯台灣高息","3994530","62324239","15.60","15.66","15.53","15.62","0.0100","1968"
"1150929","00984D","主動聯博全球非投","39304198","384875178","9.84","9.85","9.76","9.77","-0.0700","4844"
"1150929","00985A","主動野村台灣50","2348739","54919143","23.48","23.50","23.22","23.30","-0.1800","1351"
"1150929","00985B","群益ESG投等債0-5","9160952","92111317","10.07","10.07","10.05","10.06","-0.0300","1267"
"1150929","00986A","主動台新龍頭成長","322780","4722590","14.65","14.68","14.60","14.60","-0.1500","174"
"1150929","00987A","主動台新優勢成長","1462089","25087053","17.24","17.26","16.97","17.15","-0.1500","699"
"1150929","00988A","主動統一全球創新","22820491","376682804","16.80","16.80","16.43","16.48","-0.4300","10055"
"1150929","00989A","主動摩根美國科技","1930430","33906117","17.68","17.68","17.52","17.52","-0.2400","261"
"1150929","00990A","主動元大AI新經濟","8141043","127063457","15.77","15.78","15.54","15.58","-0.3100","3698"
"1150929","00991A","主動復華未來50","38233078","685054688","17.98","18.04","17.75","17.95","-0.2000","13723"
"1150929","00991B","貝萊德A級公司債","482901","6917562","14.45","14.45","14.31","14.31","-0.2900","63"
"1150929","00992A","主動群益科技創新","19484485","362890745","18.75","18.76","18.46","18.68","-0.1200","6149"
"1150929","00993A","主動安聯台灣","2333599","32074263","13.86","13.86","13.61","13.73","-0.2200","1008"
"1150929","00994A","主動第一金台股優","1697637","29134480","17.36","17.36","16.98","17.11","-0.2900","821"
"1150929","00995A","主動中信台灣卓越","2353598","41528036","17.80","17.81","17.46","17.59","-0.3100","853"
"1150929","00996A","主動兆豐台灣豐收","811754","11686003","14.56","14.56","14.28","14.35","-0.2500","605"
"1150929","00997A","主動群益美國增長","6626985","76269469","11.67","11.67","11.47","11.49","-0.2100","1905"
"1150929","00999A","主動野村臺灣高息","6226258","70203285","11.34","11.34","11.19","11.23","-0.1200","1968"
"1150929","01001T","土銀富邦R1","6000","66660","11.11","11.11","11.11","11.11","0.0000","2"
"1150929","01002T","土銀國泰R1","5000","63700","12.74","12.74","12.74","12.74","0.0000","1"
"1150929","01004T","土銀富邦R2","55460","564204","10.20","10.20","10.17","10.17","0.0100","22"
"1150929","01007T","兆豐國泰R2","71000","798900","11.27","11.32","11.20","11.32","0.0300","21"
"1150929","01009T","王道圓滿R1","2000","11150","5.56","5.59","5.56","5.59","0.0000","2"
"1150929","01010T","京城樂富R1","8000","79900","10.00","10.00","9.98","10.00","0.0000","3"
"1150929","020000","富邦特選蘋果N","1000","32830","32.83","32.83","32.83","32.83","0.0000","1"
"1150929","020011","統一微波高息20N","","","","","","","0.0000",""
"1150929","020012","富邦行動通訊N","","","","","","","0.0000",""
"1150929","02001L","富邦蘋果正二N","52000","7922150","153.50","153.90","149.80","151.65","-5.1000","42"
"1150929","020020","元大台股領航N","90000","2732520","30.63","30.63","29.86","29.86","-0.9500","17"
"1150929","020028","元大特選電動車N","","","","","","","0.0000",""
"1150929","020029","元大ESG高股息N","3000","62240","20.80","20.80","20.72","20.72","-0.2400","2"
"1150929","020030","統一智慧電動車N","","","","","","","0.0000",""
"1150929","020031","統一IC設計臺灣N","20000","235560","11.84","11.84","11.73","11.73","-0.2700","4"
"1150929","020032","元大綠能N","","","","","","","0.0000",""
"1150929","020034","元大IC設計N","49000","832350","17.26","17.26","16.94","16.94","-0.2800","17"
"1150929","020036","元大金融配息N","2000","23450","11.73","11.73","11.72","11.72","0.0300","2"
"1150929","020037","元大金融高股息N","1000","13130","13.13","13.13","13.13","13.13","0.1700","1"
"1150929","020038","元大ESG配息N","5000","79810","15.97","15.97","15.95","15.95","0.0000","4"
"1150929","020039","元大加權N","10000","153500","15.35","15.35","15.35","15.35","-0.0200","1"
"1150929","1101","台泥","31598983","796559063","25.40","25.60","25.05","25.30","0.0500","9596"
"1150929","1101B","台泥乙特","2000","86600","43.30","43.30","43.30","43.30","0.0500","1"
"1150929","1102","亞泥","9645067","339290351","35.50","35.65","34.90","35.30","-0.4000","4759"
"1150929","1103","嘉泥","249926","3256394","13.05","13.10","13.00","13.00","-0.0500","186"
"1150929","1104","環泥","447642","11905411","26.65","26.70","26.55","26.55","-0.1000","478"
"1150929","1108","幸福","188302","2078523","11.05","11.15","11.00","11.00","-0.0500","105"
"1150929","1109","信大","95288","1269279","13.30","13.40","13.30","13.30","0.0000","84"
"1150929","1110","東泥","1203041","17598476","14.75","14.90","14.35","14.35","-0.4000","194"
"1150929","1201","味全","839007","9681825","11.65","11.65","11.50","11.50","-0.1000","545"
"1150929","1203","味王","31195","1349980","43.35","43.80","42.15","43.30","0.0000","106"
"1150929","1210","大成","901163","46593955","51.80","52.00","51.60","51.60","-0.3000","1163"
"1150929","1213","大飲","45218","321308","7.11","7.29","6.90","7.29","0.1800","25"
"1150929","1215","卜蜂","438883","46244504","105.50","106.00","104.50","105.50","0.0000","772"
"1150929","1216","統一","6515894","483127352","74.90","74.90","73.90","73.90","-0.6000","4566"
"1150929","1217","愛之味","615207","6092761","9.95","9.95","9.89","9.90","-0.0500","431"
"1150929","1218","泰山","321550","4628224","14.40","14.45","14.35","14.45","0.0500","277"
"1150929","1219","福壽","207054","2354448","11.45","11.50","11.25","11.35","-0.1000","203"
"1150929","1220","台榮","70951","765418","10.80","10.85","10.75","10.75","0.0000","111"
"1150929","1225","福懋油","28996","708880","24.45","24.50","24.40","24.40","-0.0500","108"
"1150929","1227","佳格","1445323","40516146","28.15","28.20","27.95","28.00","-0.1500","654"
"1150929","1229","聯華","3074216","122138602","40.10","40.20","39.50","39.55","-0.5500","3787"
"1150929","1231","聯華食","141891","11311229","79.60","80.00","79.60","79.60","0.0000","417"
"1150929","1232","大統益","52006","8022710","154.00","154.50","154.00","154.00","-0.5000","165"
"1150929","1233","天仁","13323","371282","28.10","28.10","27.60","27.60","-0.5000","34"
"1150929","1234","黑松","131420","4335029","33.05","33.20","32.90","32.90","-0.1500","162"
"1150929","1235","興泰","89039","3053158","35.40","35.50","32.85","32.85","-2.6500","260"
"1150929","1236","宏亞","21234","538460","25.50","25.50","25.25","25.35","-0.0500","47"
"1150929","1256","鮮活果汁-KY","30384","5118885","168.50","170.00","167.50","168.50","2.0000","87"
"1150929","1301","台塑","34908356","2280974553","65.00","67.70","64.60","64.60","0.5000","15463"
"1150929","1303","南亞","79311489","19325708081","236.00","248.00","235.50","247.00","9.0000","61251"
"1150929","1304","台聚","2772924","34736934","12.50","12.90","12.25","12.30","-0.2000","1146"
"1150929","1305","華夏","1147533","13990096","12.20","12.45","12.05","12.10","0.0000","583"
"1150929","1307","三芳","666273","20717079","30.90","31.35","30.85","30.85","0.1500","479"
"1150929","1308","亞聚","1556217","22146140","14.30","14.75","14.05","14.10","-0.2000","959"
"1150929","1309","台達化","1682322","23368548","13.80","14.25","13.65","13.65","-0.1500","957"
"1150929","1310","台苯","2438328","21942631","8.89","9.15","8.88","8.90","0.0000","1350"
"1150929","1312","國喬","11424741","167497820","14.55","15.20","14.40","14.45","-0.1500","3867"
"1150929","1312A","國喬特","","","","","","","0.0000",""
"1150929","1313","聯成","1943110","23693365","12.15","12.50","12.05","12.05","-0.1000","988"
"1150929","1314","中石化","47669196","421438113","8.89","9.10","8.72","8.74","-0.1200","10504"
"1150929","1315","達新","35564","2435384","68.20","68.80","68.10","68.10","-0.2000","74"
"1150929","1316","上曜","699804","7335646","10.45","10.55","10.45","10.45","0.0000","367"
"1150929","1319","東陽","1284003","100219912","78.50","78.60","77.80","77.80","-1.1000","1651"
"1150929","1321","大洋","114000","3674100","32.40","32.40","32.05","32.35","-0.1000","63"
"1150929","1323","永裕","49535","1057933","21.40","21.60","21.20","21.20","-0.2000","70"
"1150929","1324","地球","24229","243736","10.15","10.15","9.98","9.98","-0.0700","68"
"1150929","1325","恆大","132148","3387645","25.70","25.85","25.50","25.55","-0.1500","131"
"1150929","1326","台化","25578827","1758359865","67.10","71.40","67.10","67.50","0.5000","15031"
"1150929","1337","再生-KY","94840","421248","4.45","4.46","4.42","4.43","-0.0200","132"
"1150929","1338","廣華-KY","52801","775587","14.70","14.80","14.50","14.75","0.0000","77"
"1150929","1339","昭輝","80100","3382578","42.50","42.50","41.85","42.30","-0.1000","145"
"1150929","1340","勝悅-KY","113889","595655","5.21","5.25","5.21","5.21","0.0000","104"
"1150929","1341","富林-KY","15","900","","","","","0.0000","2"
"1150929","1342","八貫","72695","7308339","100.00","101.00","100.00","101.00","0.0000","139"
"1150929","1402","遠東新","5992054","167214877","28.15","28.25","27.70","27.75","-0.4000","2920"
"1150929","1409","新纖","5902385","144025483","24.40","24.75","24.20","24.35","0.0500","2862"
"1150929","1410","南染","35201","847999","24.10","24.25","24.00","24.10","0.1000","44"
"1150929","1413","宏洲","56815","517810","9.19","9.45","9.07","9.08","-0.1100","35"
"1150929","1414","東和","109892","1914453","17.45","17.60","17.30","17.50","0.0500","110"
"1150929","1416","廣豐","249389","2846454","11.45","11.55","11.30","11.35","-0.1000","131"
"1150929","1417","嘉裕","199029","1610883","8.11","8.11","8.04","8.04","-0.0600","118"
"1150929","1418","東華","25023","460213","18.30","18.80","18.30","18.30","0.0000","22"
"1150929","1419","新紡","56925","3739530","66.30","66.30","65.50","65.60","-0.4000","58"
"1150929","1423","利華","6436","222734","34.55","35.50","34.35","34.35","-0.2000","15"
"1150929","1432","大魯閣","80105","1201178","15.05","15.05","14.95","14.95","-0.1000","193"
"1150929","1434","福懋","1341588","24176827","17.95","18.30","17.90","18.00","0.0500","889"
"1150929","1435","中福","6479","140755","22.30","22.30","21.55","21.75","-0.5000","22"
"1150929","1436","華友聯","169161","6058804","36.50","36.50","35.50","35.50","-0.6500","209"
"1150929","1437","勤益控","71000","2262301","31.85","32.10","31.55","31.85","-0.6500","52"
"1150929","1438","三地開發","80755","1733114","21.90","21.90","21.15","21.15","-0.3500","54"
"1150929","1439","雋揚","5026","141539","28.20","28.20","28.15","28.15","0.0000","8"
"1150929","1440","南紡","2972551","39720676","13.50","13.65","13.25","13.30","-0.2000","1027"
"1150929","1441","大東","101129","1015164","9.58","10.15","9.58","10.15","0.0000","497"
"1150929","1442","名軒","645434","17495053","27.70","27.90","26.85","26.90","-0.8000","500"
"1150929","1443","立益物流","8001","184273","23.05","23.05","23.00","23.00","-0.0500","9"
"1150929","1444","力麗","1187457","8231894","6.86","6.99","6.86","6.94","0.0800","561"
"1150929","1445","大宇","49254","495313","10.05","10.15","10.00","10.00","-0.0500","34"
"1150929","1446","宏和","157652","2117304","13.45","13.50","13.35","13.35","-0.2500","101"
"1150929","1447","力鵬","1370015","8915950","6.39","6.65","6.39","6.50","0.1100","735"
"1150929","1449","佳和","200913","2480097","12.45","12.45","12.25","12.35","-0.1000","282"
"1150929","1451","年興","117464","1988960","17.05","17.05","16.90","16.90","-0.2000","112"
"1150929","1452","宏益","52416","561485","10.75","10.80","10.70","10.70","-0.1000","161"
"1150929","1453","大將","12794","138782","10.85","10.85","10.80","10.80","-0.1000","73"
"1150929","1454","台富","30096","367707","12.25","12.30","12.15","12.15","-0.1500","76"
"1150929","1455","集盛","520420","5048995","9.69","9.76","9.66","9.68","0.0000","295"
"1150929","1456","怡華","95229","1384754","14.80","14.80","14.30","14.60","-0.1000","72"
"1150929","1457","宜進","75983","1090375","14.35","14.45","14.30","14.30","-0.0500","52"
"1150929","1459","聯發","98990","1584981","15.95","16.15","15.90","16.00","0.0500","97"
"1150929","1460","宏遠","144069","905268","6.39","6.39","6.24","6.24","-0.0100","113"
"1150929","1463","強盛新","40209","705207","17.60","17.60","17.45","17.55","-0.2000","54"
"1150929","1464","得力","445668","4437801","9.98","9.99","9.93","9.94","-0.0300","208"
"1150929","1465","偉全","73543","849902","11.65","11.65","11.45","11.55","-0.0500","110"
"1150929","1466","聚隆","188257","2768070","14.80","14.90","14.30","14.85","0.1000","140"
"1150929","1467","南緯","65726","529076","8.02","8.16","8.02","8.03","-0.0200","96"
"1150929","1468","昶和","59000","768250","13.05","13.20","12.85","13.15","-0.0500","44"
"1150929","1470","大統新創","5025","117931","23.50","23.50","23.45","23.45","-0.2500","6"
"1150929","1471","首利","134939","1255319","9.36","9.40","9.23","9.30","-0.1000","111"
"1150929","1472","三洋實業","25130","2217942","88.50","88.60","88.10","88.10","0.1000","50"
"1150929","1473","台南","30004","582339","19.50","19.55","19.30","19.30","-0.2000","141"
"1150929","1474","弘裕","65447","656355","10.00","10.05","9.95","10.05","0.0500","38"
"1150929","1475","業旺","25142","650990","25.85","26.20","25.80","25.80","-0.5500","25"
"1150929","1476","儒鴻","1313965","361572125","275.50","278.00","273.00","273.00","-3.5000","1994"
"1150929","1477","聚陽","518380","99106111","190.50","192.50","190.00","190.00","-1.0000","748"
"1150929","1503","士電","803599","156688132","194.50","197.00","194.00","194.00","-2.0000","1720"
"1150929","1504","東元","3285032","226117535","68.50","69.30","68.50","68.50","0.0000","2755"
"1150929","1506","正道","264142","2534477","9.69","9.69","9.56","9.57","-0.0700","119"
"1150929","1512","瑞利","31876","193684","6.18","6.18","6.05","6.12","-0.0600","24"
"1150929","1513","中興電","1788378","298850377","166.00","168.50","165.00","167.00","1.0000","2419"
"1150929","1514","亞力","1216690","124577894","101.50","103.50","101.50","102.00","0.0000","1025"
"1150929","1515","力山","332858","9765276","29.45","29.50","29.15","29.30","-0.1500","309"
"1150929","1516","川飛","27899","369448","13.15","13.50","13.15","13.50","0.3500","299"
"1150929","1517","利奇","128242","1328071","10.30","10.50","10.30","10.35","0.0500","120"
"1150929","1519","華城","1241444","865921276","718.00","720.00","688.00","688.00","-11.0000","6986"
"1150929","1521","大億","23333","606363","26.85","26.85","25.55","25.55","-0.2500","31"
"1150929","1522","堤維西","346508","9241489","26.75","26.80","26.50","26.55","-0.1000","293"
"1150929","1522A","堤維西甲特","74215","3783165","51.00","51.00","50.90","51.00","-0.2000","16"
"1150929","1524","耿鼎","146061","3785551","25.90","26.20","25.80","25.85","-0.1500","167"
"1150929","1525","江申","19739","1257445","63.90","63.90","63.60","63.70","-0.7000","41"
"1150929","1526","日馳","41781","613664","14.80","14.85","14.50","14.55","-0.1500","74"
"1150929","1527","鑽全","280870","9197712","32.65","33.10","32.55","32.60","-0.0500","197"
"1150929","1528","恩德","3744186","94619706","24.85","25.80","24.75","25.50","0.0500","2837"
"1150929","1529","樂事綠能","409818","6341102","15.45","15.70","15.35","15.45","0.0000","423"
"1150929","1530","亞崴","22949","608852","26.65","26.65","26.45","26.45","-0.2500","113"
"1150929","1531","高林股","59839","696374","11.65","11.75","11.60","11.60","-0.0500","100"
"1150929","1532","勤美","344891","7656006","22.35","22.40","22.10","22.10","-0.2000","270"
"1150929","1533","車王電","50241","1528263","30.30","30.55","30.30","30.40","0.1000","49"
"1150929","1535","中宇","20045","911207","45.25","45.55","45.10","45.55","-0.0500","23"
"1150929","1536","和大","478397","22327273","47.00","47.20","46.55","46.55","-0.4500","580"
"1150929","1537","廣隆","71880","8252972","114.50","115.50","114.50","115.50","0.5000","89"
"1150929","1538","正峰","126","1040","","","","","0.0000","5"
"1150929","1539","巨庭","27659","427463","15.50","15.50","15.45","15.45","-0.0500","20"
"1150929","1540","喬福","90124","1752349","19.50","19.60","19.35","19.35","-0.1500","322"
"1150929","1541","錩泰","8000","167950","20.95","21.00","20.95","21.00","0.0000","8"
"1150929","1558","伸興","171197","19350984","111.50","114.00","111.50","114.00","2.0000","424"
"1150929","1560","中砂","1083052","1044324058","960.00","977.00","955.00","956.00","-15.0000","3287"
"1150929","1563","巧新","615079","47244099","74.50","78.50","74.50","76.10","0.9000","1281"
"1150929","1568","倉佑","688490","22157872","30.50","32.85","30.50","32.40","1.5000","577"
"1150929","1582","信錦","281706","19707243","70.00","70.50","69.50","70.10","0.1000","362"
"1150929","1583","程泰","12038","565171","46.95","46.95","46.95","46.95","0.0000","14"
"1150929","1587","吉茂","140304","3367460","23.75","24.25","23.75","23.85","0.3500","113"
"1150929","1590","亞德客-KY","943554","1139145013","1135.00","1250.00","1135.00","1210.00","0.0000","1131"
"1150929","1597","直得","2569668","366341960","133.50","146.50","133.50","146.50","13.0000","2801"
"1150929","1598","岱宇","163357","3344129","20.40","20.65","20.25","20.30","-0.0500","140"
"1150929","1603","華電","155153","4662073","29.90","30.35","29.20","30.05","-0.2000","133"
"1150929","1604","聲寶","166022","3877684","23.45","23.45","23.30","23.30","-0.1500","164"
"1150929","1605","華新","9511965","346960345","36.75","36.95","36.25","36.35","-0.3000","5009"
"1150929","1608","華榮","1543165","54726857","35.80","36.00","35.20","35.20","-0.3000","1108"
"1150929","1609","大亞","4993226","190952255","38.00","38.55","37.75","38.50","0.6500","3772"
"1150929","1611","中電","415734","4715711","11.35","11.40","11.30","11.35","-0.0500","272"
"1150929","1612","宏泰","535101","18873434","35.10","35.40","35.10","35.35","0.3000","472"
"1150929","1614","三洋電","116382","3619981","31.15","31.15","31.00","31.05","-0.1000","273"
"1150929","1615","大山","92718","3972637","43.00","43.35","42.60","42.60","-0.1000","105"
"1150929","1616","億泰","105222","1928745","18.30","18.50","18.15","18.30","0.0000","115"
"1150929","1617","榮星","1391792","30212470","21.00","21.90","20.95","21.90","1.9500","604"
"1150929","1618","合機","241741","9326822","38.80","38.80","38.30","38.35","-0.3000","244"
"1150929","1623","大東電","27900","5529287","199.00","199.00","197.50","198.00","0.5000","76"
"1150929","1626","艾美特-KY","60103","577168","9.58","9.84","9.58","9.60","-0.0700","59"
"1150929","1702","南僑","134137","4429333","33.00","33.10","32.95","32.95","-0.0500","193"
"1150929","1707","葡萄王","427733","36915481","87.00","87.10","85.90","85.90","-1.1000","667"
"1150929","1708","東鹼","4663111","244226856","52.50","53.40","51.70","52.00","-0.3000","5411"
"1150929","1709","和益","27159406","1199442486","43.50","44.95","43.20","44.00","0.5000","16172"
"1150929","1710","東聯","3644785","60394747","16.40","16.90","16.35","16.55","0.1500","1251"
"1150929","1711","永光","5053634","202558034","38.65","40.75","38.65","40.55","1.9500","3270"
"1150929","1712","興農","586602","23299589","39.85","40.05","39.60","39.60","-0.2500","533"
"1150929","1713","國化","123591","5146930","41.50","41.90","41.45","41.80","0.3000","191"
"1150929","1714","和桐","3601474","56635621","15.75","15.90","15.60","15.75","0.0000","1712"
"1150929","1717","長興","6975970","505507851","71.40","73.10","71.40","72.50","1.1000","5020"
"1150929","1718","中纖","5005317","52860617","10.50","10.70","10.50","10.55","0.0500","1790"
"1150929","1720","生達","125048","7018132","56.20","56.30","56.00","56.10","-0.1000","167"
"1150929","1721","國慶科技","4078788","104273606","24.30","26.45","24.15","26.10","1.9000","3143"
"1150929","1722","台肥","2888528","118720427","41.35","41.45","40.95","41.15","-0.1500","2118"
"1150929","1723","中碳","536994","43513618","80.50","82.20","80.00","80.00","-0.5000","444"
"1150929","1725","元禎","40001","1362632","34.00","34.50","33.85","34.00","0.1000","112"
"1150929","1726","永記","18289","1395550","76.40","76.40","76.20","76.20","-0.1000","22"
"1150929","1727","中華化","29773336","3358794480","113.00","122.00","104.00","118.50","3.0000","20332"
"1150929","1730","花仙子","21368","1094386","51.20","51.30","51.20","51.20","0.0000","48"
"1150929","1731","美吾華","131235","2728163","20.90","20.90","20.70","20.85","-0.0500","118"
"1150929","1732","毛寶","56322","1461341","26.05","26.10","25.85","25.95","-0.1500","71"
"1150929","1733","五鼎","269231","7979624","30.00","30.10","29.35","29.45","-0.8500","485"
"1150929","1734","杏輝","128119","4092221","31.90","32.10","31.75","32.10","0.0000","249"
"1150929","1735","日勝化","16457","330827","20.25","20.25","20.05","20.05","-0.2500","52"
"1150929","1736","喬山","398602","51922817","129.00","132.50","128.00","128.00","0.5000","420"
"1150929","1737","臺鹽","192863","5790599","30.10","30.20","29.95","29.95","-0.1000","214"
"1150929","1752","南光","30284","950102","31.35","31.50","31.30","31.35","0.0000","33"
"1150929","1760","寶齡富錦","95411","5168533","54.00","54.80","53.90","53.90","0.2000","120"
"1150929","1762","中化生","41752","1408249","33.50","34.00","33.50","33.70","0.0000","61"
"1150929","1773","勝一","908342","152172581","164.50","169.50","164.00","167.50","3.0000","1005"
"1150929","1776","展宇","14993","270923","18.40","18.40","17.90","18.20","0.1000","46"
"1150929","1783","和康生","25800","948601","36.45","37.00","36.45","36.65","-0.0500","119"
"1150929","1786","科妍","92188","3935638","42.50","43.15","42.50","42.65","0.0000","93"
"1150929","1789","神隆","178229","3322409","18.50","18.90","18.50","18.55","-0.0500","151"
"1150929","1795","美時","477261","85035853","178.00","179.00","177.00","177.50","2.0000","658"
"1150929","1802","台玻","7975945","460082038","58.00","58.40","57.30","57.60","-0.8000","6535"
"1150929","1805","寶徠","192799","1934926","10.25","10.25","9.96","10.05","-0.0500","88"
"1150929","1806","冠軍","62887","500364","7.98","8.02","7.93","7.94","-0.0400","135"
"1150929","1808","潤隆","511395","16206564","31.70","31.95","31.60","31.60","-0.3000","418"
"1150929","1809","中釉","30009242","1367614265","45.10","47.25","43.05","45.00","-0.3500","17844"
"1150929","1810","和成","1046015","24972261","24.00","24.15","23.65","23.70","-0.2500","686"
"1150929","1817","凱撒衛","48076","1920693","40.10","40.10","39.85","39.85","-0.3000","38"
"1150929","1903","士紙","61723","2914811","47.30","47.50","47.00","47.00","-0.1000","99"
"1150929","1904","正隆","2418384","59028467","25.00","25.05","24.05","24.25","-0.6500","2479"
"1150929","1905","華紙","3133256","40502391","13.20","13.30","12.80","12.85","-0.2500","1471"
"1150929","1906","寶隆","38292","412006","10.75","10.85","10.70","10.80","0.1000","51"
"1150929","1907","永豐餘","1306075","36722180","28.25","28.35","27.90","27.90","-0.3500","1524"
"1150929","1909","榮成","1358907","13720538","10.05","10.20","10.05","10.05","-0.0500","431"
"1150929","2002","中鋼","36951740","697623633","18.80","19.10","18.75","18.80","0.1500","9905"
"1150929","2002A","中鋼特","24789","929088","37.45","37.50","37.40","37.45","-0.0500","29"
"1150929","2006","東和鋼鐵","1997985","172011242","87.90","88.00","85.40","85.40","-2.4000","6512"
"1150929","2007","燁興","283063","1972425","6.93","7.03","6.88","6.90","0.0100","148"
"1150929","2008","高興昌","13251","404700","30.60","30.60","30.50","30.50","0.0000","26"
"1150929","2009","第一銅","1672790","66318560","39.55","40.45","39.15","39.15","0.0000","1210"
"1150929","2010","春源","1729221","38975208","22.35","22.80","22.35","22.45","0.1000","798"
"1150929","2012","春雨","77143","1104175","14.45","14.45","14.15","14.15","-0.0500","79"
"1150929","2013","中鋼構","49044","2024861","41.10","41.45","41.00","41.20","0.1000","70"
"1150929","2014","中鴻","4542538","77122770","16.85","17.20","16.75","16.80","-0.1000","1579"
"1150929","2015","豐興","269986","17150004","64.60","64.60","63.10","63.10","-1.4000","451"
"1150929","2017","官田鋼","372566","3356808","8.98","9.12","8.92","8.92","-0.0700","339"
"1150929","2020","美亞","5753984","136432058","22.50","24.30","22.50","24.30","2.2000","2973"
"1150929","2022","聚亨","301203","2197540","7.20","7.49","7.18","7.30","0.1400","269"
"1150929","2023","燁輝","1159080","15799448","13.65","13.85","13.55","13.55","-0.1000","693"
"1150929","2024","志聯","5397","69038","12.90","12.90","12.75","12.75","-0.1500","23"
"1150929","2025","千興","2029531","27580551","13.30","14.05","13.10","13.35","0.2500","1048"
"1150929","2027","大成鋼","12474332","595263100","47.60","48.80","47.00","47.15","-0.4500","8217"
"1150929","2028","威致","224787","3732704","16.50","17.05","16.05","16.60","0.2000","204"
"1150929","2029","盛餘","824545","18147147","21.55","22.25","21.45","22.15","0.6000","485"
"1150929","2030","彰源","5239284","174992009","33.40","33.40","33.40","33.40","3.0000","1325"
"1150929","2031","新光鋼","1842390","83971036","46.00","46.85","45.10","45.70","-0.4000","2067"
"1150929","2032","新鋼","12313640","245536909","18.90","20.40","18.80","19.90","1.3500","4800"
"1150929","2033","佳大","5178933","189074280","36.80","39.95","36.50","38.50","1.7000","2073"
"1150929","2034","允強","17704386","419033606","23.10","25.00","22.85","23.40","0.6000","10720"
"1150929","2038","海光","1265575","16346971","12.60","13.30","12.55","12.65","0.1000","668"
"1150929","2049","上銀","2189754","732975581","326.00","338.50","325.50","335.50","10.0000","3313"
"1150929","2059","川湖","448531","5430097455","12350.00","12550.00","11900.00","12115.00","-235.0000","8773"
"1150929","2062","橋椿","150971","2721419","18.00","18.10","17.95","18.00","-0.1000","109"
"1150929","2069","運錩","2256458","59906417","25.95","27.20","25.90","26.50","0.8000","1580"
"1150929","2072","世紀風電","261627","34262601","128.50","133.00","128.00","131.50","4.5000","323"
"1150929","2101","南港","1292890","38667497","29.80","30.10","29.75","29.80","-0.0500","870"
"1150929","2102","泰豐","287960","4696208","16.35","16.40","16.25","16.30","-0.0500","319"
"1150929","2103","台橡","2596683","71579026","27.80","28.00","27.40","27.40","-0.4000","1510"
"1150929","2104","國際中橡","6186219","67582936","11.10","11.40","10.65","10.70","-0.4500","2156"
"1150929","2105","正新","3385450","102499072","30.20","30.50","30.10","30.10","0.0000","2187"
"1150929","2106","建大","749249","12420266","16.65","16.70","16.45","16.45","-0.2000","537"
"1150929","2107","厚生","192914","5192615","26.75","27.05","26.75","26.80","-0.1500","207"
"1150929","2108","南帝","458121","13022281","28.60","28.95","28.15","28.20","-0.5000","403"
"1150929","2109","華豐","311170","4514177","14.65","14.65","14.35","14.35","0.0000","232"
"1150929","2114","鑫永銓","22383","2007921","89.50","89.80","89.50","89.70","-0.2000","23"
"1150929","2115","六暉-KY","39315","932985","23.95","23.95","23.65","23.70","0.0000","30"
"1150929","2201","裕隆","1888734","55298446","29.25","29.40","29.15","29.20","-0.0500","1162"
"1150929","2204","中華","399395","20883831","52.30","52.70","52.00","52.00","-0.5000","623"
"1150929","2206","三陽工業","409880","25740367","62.90","63.10","62.50","62.50","-0.4000","385"
"1150929","2207","和泰車","229210","116518266","509.00","516.00","506.00","506.00","-4.0000","725"
"1150929","2208","台船","2641807","50808906","19.50","19.55","19.10","19.10","-0.3000","1238"
"1150929","2211","長榮鋼","1174060","92776634","79.70","79.90","78.80","78.80","-0.8000","1454"
"1150929","2227","裕日車","29865","1339048","45.00","45.00","44.75","44.75","-0.2500","78"
"1150929","2228","劍麟","34896","2620396","75.00","75.60","74.80","75.00","0.0000","59"
"1150929","2231","為升","141046","12964388","91.80","92.50","91.30","92.00","1.7000","144"
"1150929","2233","宇隆","453502","75688603","164.00","169.00","163.50","168.00","4.0000","556"
"1150929","2236","百達-KY","1517893","158551265","102.00","107.50","102.00","107.00","-0.5000","806"
"1150929","2237","華德動能-創","71800","1941700","27.00","27.25","26.90","26.90","0.0000","43"
"1150929","2239","英利-KY","54101","1020862","18.85","19.20","18.70","18.80","-0.1500","43"
"1150929","2241","艾姆勒","3176721","135251668","43.00","44.50","41.20","44.00","0.4000","2774"
"1150929","2243","宏旭-KY","120258","6074874","49.95","51.90","49.70","50.50","0.3000","115"
"1150929","2247","汎德永業","32877","7420180","227.50","227.50","223.00","223.00","-6.0000","2468"
"1150929","2248","華勝-KY","7015","426148","61.00","61.50","60.20","61.50","0.5000","8"
"1150929","2250","IKKA-KY","13600","771610","56.70","56.80","56.60","56.80","-0.8000","75"
"1150929","2254","巨鎧精密-創","2038020","185889150","89.20","92.10","89.20","91.80","3.0000","821"
"1150929","2258","鴻華先進-創","469300","14579071","30.60","31.30","30.50","30.95","0.4500","253"
"1150929","2301","光寶科","13566253","3831711495","282.50","288.50","279.00","281.00","-6.0000","17453"
"1150929","2302","麗正","3489415","160466365","45.15","47.25","45.15","45.30","-0.7500","3953"
"1150929","2303","聯電","111591705","17221335945","151.50","156.00","151.50","153.50","-0.5000","50351"
"1150929","2305","全友","5849225","385816544","61.70","69.10","61.10","69.10","6.2000","4879"
"1150929","2308","台達電","14404821","26765070434","1880.00","1950.00","1810.00","1835.00","-75.0000","54077"
"1150929","2312","金寶","3153662","96869022","30.60","30.90","30.55","30.70","0.0500","2125"
"1150929","2313","華通","10064805","2256521682","221.50","227.00","219.00","226.00","3.5000","9998"
"1150929","2314","台揚","102554","1129641","10.95","11.25","10.90","11.05","0.1000","129"
"1150929","2316","楠梓電","1377279","223976876","160.00","164.50","159.50","162.00","1.5000","1504"
"1150929","2317","鴻海","31188879","7822109186","247.00","254.00","247.00","250.50","0.0000","22331"
"1150929","2321","東訊","2537","63424","25.00","25.00","25.00","25.00","0.0000","13"
"1150929","2323","中環","4169493","44836078","10.80","10.90","10.65","10.70","-0.1000","1533"
"1150929","2324","仁寶","29621824","1079116515","36.50","37.00","36.05","36.05","-0.4500","15638"
"1150929","2327","國巨*","41164381","22918928393","570.00","570.00","548.00","548.00","-32.0000","78280"
"1150929","2328","廣宇","774116","36492986","47.00","47.40","46.90","47.00","0.0000","691"
"1150929","2329","華泰","1151596","50632583","44.45","44.45","43.75","43.80","-0.6000","1071"
"1150929","2330","台積電","26893348","66658833984","2475.00","2495.00","2475.00","2475.00","0.0000","62248"
"1150929","2331","精英","541430","10196996","18.75","19.00","18.70","18.70","-0.1500","457"
"1150929","2332","友訊","5216187","104965043","20.05","20.30","19.95","20.10","0.0000","2225"
"1150929","2337","旺宏","15127999","1774306918","115.50","118.50","114.50","118.50","1.5000","9917"
"1150929","2338","光罩","4039504","191538898","46.30","48.35","46.30","47.10","0.0000","3029"
"1150929","2340","台亞","15628464","583266646","34.40","38.00","34.40","38.00","3.4500","9210"
"1150929","2342","茂矽","27339538","1392752097","47.00","53.00","46.85","50.10","1.9000","17502"
"1150929","2344","華邦電","45790945","7834090542","167.50","174.00","166.00","174.00","2.5000","34349"
"1150929","2345","智邦","4157981","7607742850","1845.00","1880.00","1800.00","1810.00","-85.0000","21615"
"1150929","2347","聯強","4671338","445811348","94.50","100.00","94.10","94.50","0.0000","8265"
"1150929","2348","海悅","278973","19774647","71.50","71.50","70.50","70.50","-1.5000","471"
"1150929","2348A","海悅甲特","46010","1781239","38.75","38.80","38.60","38.60","-0.3500","28"
"1150929","2349","錸德","1158181","12021860","10.40","10.45","10.30","10.40","0.0500","487"
"1150929","2351","順德","3820238","827486048","221.00","221.00","214.00","215.50","-4.0000","4806"
"1150929","2352","佳世達","3583810","104840647","29.05","29.55","29.00","29.00","0.0000","2249"
"1150929","2353","宏碁","6310399","199031819","31.75","31.75","31.40","31.40","-0.3500","4401"
"1150929","2354","鴻準","4886601","319263507","65.70","65.80","65.10","65.10","-0.8000","4718"
"1150929","2355","敬鵬","1204852","50284538","41.75","42.00","41.55","41.60","-0.1000","1041"
"1150929","2356","英業達","9470802","564722469","60.40","60.40","59.20","59.20","-0.7000","8148"
"1150929","2357","華碩","2455352","2365498037","967.00","969.00","950.00","963.00","10.0000","4666"
"1150929","2359","所羅門","731248","93928260","128.00","129.50","127.50","128.50","1.0000","1011"
"1150929","2360","致茂","2434644","5385686096","2255.00","2325.00","2160.00","2185.00","-110.0000","7145"
"1150929","2362","藍天","544757","25658225","47.50","47.85","46.65","46.70","-0.9000","1207"
"1150929","2363","矽統","4883360","287558395","58.10","59.50","57.40","59.20","0.5000","3954"
"1150929","2364","倫飛","94006","6143358","65.70","66.10","64.90","64.90","-0.8000","254"
"1150929","2365","昆盈","572445","16231333","28.20","28.60","28.10","28.10","-0.1000","508"
"1150929","2367","燿華","2486323","104687380","41.75","42.50","41.30","42.25","0.5500","2423"
"1150929","2368","金像電","8818025","9679029130","1100.00","1125.00","1070.00","1120.00","15.0000","13325"
"1150929","2369","菱生","4196281","133263959","31.30","32.20","31.15","31.60","0.3500","2794"
"1150929","2371","大同","9023803","262684201","28.90","29.65","28.65","29.35","0.5000","4810"
"1150929","2373","震旦行","27189","1428668","52.50","52.70","52.50","52.50","-0.3000","123"
"1150929","2374","佳能","1129796","75057640","66.40","66.90","66.10","66.20","-0.1000","970"
"1150929","2375","凱美","943463","110429990","117.50","118.00","116.00","117.50","0.0000","1179"
"1150929","2376","技嘉","8243400","2992018480","364.50","370.00","359.00","362.00","0.5000","6086"
"1150929","2377","微星","2346623","356541451","150.50","154.00","150.50","151.00","-0.5000","2638"
"1150929","2379","瑞昱","3051454","2302819136","715.00","778.00","715.00","760.00","11.0000","7818"
"1150929","2380","虹光","53213","888559","16.80","16.85","16.55","16.55","-0.2500","131"
"1150929","2382","廣達","10639698","3601360954","341.00","342.00","336.50","336.50","-2.0000","8443"
"1150929","2383","台光電","2146878","10601319245","4910.00","5055.00","4870.00","4920.00","-130.0000","25566"
"1150929","2385","群光","2244933","235560902","104.50","106.00","104.00","104.50","0.0000","1683"
"1150929","2387","精元","164403","5980514","36.65","36.75","36.25","36.25","-0.4000","152"
"1150929","2388","威盛","2745942","196115780","70.10","72.40","69.80","71.20","1.1000","2498"
"1150929","2390","云辰","264078","2701694","10.15","10.35","10.10","10.20","0.1000","175"
"1150929","2392","正崴","2296930","94466384","41.50","41.70","40.80","40.85","-1.0000","2028"
"1150929","2393","億光","1548656","98811342","63.70","64.30","63.30","63.60","0.2000","1153"
"1150929","2395","研華","3797824","2799449374","714.00","754.00","712.00","730.00","8.0000","5847"
"1150929","2397","友通","205189","12978097","62.60","63.90","62.50","63.00","0.8000","307"
"1150929","2399","映泰","9457571","464275060","47.30","49.95","47.00","49.20","1.9000","6546"
"1150929","2401","凌陽","2382079","61864333","25.55","26.30","25.35","26.05","0.5000","1545"
"1150929","2402","毅嘉","2274646","128429467","54.80","57.50","54.60","56.90","2.1000","2485"
"1150929","2404","漢唐","3026743","3675036890","1250.00","1255.00","1180.00","1220.00","-65.0000","6843"
"1150929","2405","輔信","728911","11053324","15.10","15.25","15.05","15.15","0.1000","427"
"1150929","2406","國碩","4945789","149495921","29.85","30.85","29.70","30.30","-0.2000","3422"
"1150929","2408","南亞科","24966274","12490769872","491.00","507.00","488.00","506.00","3.0000","30129"
"1150929","2409","友達","539771575","18950225218","34.40","35.80","33.80","35.05","0.8500","154158"
"1150929","2412","中華電","11652180","1676725028","146.00","146.00","143.00","144.00","-1.0000","5843"
"1150929","2413","環科","1495022","76462831","50.90","52.00","50.80","51.00","-0.3000","1284"
"1150929","2414","精技","94978","5033416","52.90","53.20","52.70","53.10","0.2000","119"
"1150929","2415","錩新","133360","3645036","27.40","27.60","27.05","27.25","0.2500","103"
"1150929","2417","圓剛","289907","11292300","39.05","39.20","38.70","38.70","-0.3500","275"
"1150929","2419","仲琦","1112751","32396364","28.65","29.65","28.60","29.00","0.3500","991"
"1150929","2420","新巨","168026","9059958","53.90","54.30","53.70","53.90","0.0000","287"
"1150929","2421","建準","1737849","283516393","165.50","165.50","161.00","163.50","-3.5000","2371"
"1150929","2423","固緯","128162","9252809","72.30","72.50","71.80","72.00","-0.3000","132"
"1150929","2424","隴華","31369","259992","7.85","8.45","7.85","8.12","-0.0800","27"
"1150929","2425","承啟","320575","11968858","37.40","37.70","36.80","37.45","0.5000","319"
"1150929","2426","鼎元","26792812","2666089569","96.80","101.50","96.30","99.80","2.9000","18075"
"1150929","2427","三商電","268772","6268704","23.45","23.55","23.20","23.25","-0.1500","225"
"1150929","2428","興勤","627862","157853828","255.00","255.00","249.00","251.50","-3.5000","1674"
"1150929","2429","銘旺科","166022","5108784","30.75","31.20","30.60","30.65","0.1500","118"
"1150929","2430","燦坤","46687","843902","18.25","18.25","17.95","18.10","-0.1500","110"
"1150929","2431","聯昌","81012","811188","10.05","10.05","9.99","10.00","-0.0500","72"
"1150929","2432","倚天酷碁-創","7000","191650","27.25","27.65","27.25","27.65","0.4000","5"
"1150929","2433","互盛電","22405","897060","40.10","40.10","40.00","40.00","-0.1000","46"
"1150929","2434","統懋","423909","27670324","64.60","67.10","64.00","64.80","-0.4000","359"
"1150929","2436","偉詮電","12261097","911695923","71.80","76.50","71.50","75.90","3.5000","10082"
"1150929","2438","翔耀","42204","819755","19.40","19.70","19.20","19.70","0.2000","59"
"1150929","2439","美律","1655190","129248990","78.20","78.40","77.90","78.10","-0.1000","1109"
"1150929","2440","太空梭","237635","3360007","14.30","14.30","14.05","14.15","-0.2000","104"
"1150929","2441","超豐","2178482","266481008","122.50","123.50","121.50","122.00","-2.0000","2034"
"1150929","2442","新美齊","599670","8612708","14.30","14.45","14.25","14.35","0.0500","343"
"1150929","2444","兆勁","1916012","28622724","14.60","15.20","14.45","15.05","0.2500","965"
"1150929","2449","京元電子","29756706","8818442309","305.50","305.50","293.00","294.50","-16.5000","68236"
"1150929","2450","神腦","72438","2044009","28.25","28.30","28.20","28.20","-0.0500","102"
"1150929","2451","創見","1570470","448795906","285.00","288.00","283.00","286.00","1.5000","1706"
"1150929","2453","凌群","146093","7794446","53.90","53.90","53.20","53.50","0.0000","166"
"1150929","2454","聯發科","13758267","69000190336","5150.00","5195.00","4890.00","4910.00","-375.0000","165765"
"1150929","2455","全新","1025212","558313880","543.00","550.00","540.00","543.00","-11.0000","1799"
"1150929","2457","飛宏","848756","18605271","21.80","22.20","21.75","21.75","-0.2000","629"
"1150929","2458","義隆","1645198","224364815","138.00","138.00","135.50","136.00","-1.5000","1846"
"1150929","2459","敦吉","28055","1823142","65.20","65.40","64.90","64.90","-0.3000","37"
"1150929","2460","建通","175462","5201905","29.45","29.95","29.45","29.85","-0.3500","187"
"1150929","2461","光群雷","260253","4574650","17.60","17.80","17.40","17.40","-0.4000","230"
"1150929","2462","良得電","118354","2364906","20.25","20.25","19.85","19.85","-0.5000","131"
"1150929","2464","盟立","9138976","1789686548","194.50","200.00","192.00","192.00","-3.5000","10297"
"1150929","2465","麗臺","1231345","112571927","88.70","93.00","88.60","91.90","3.0000","1115"
"1150929","2466","冠西電","2218538","254947877","119.50","119.50","112.50","113.50","-6.0000","1844"
"1150929","2467","志聖","889505","483921914","534.00","554.00","529.00","544.00","15.0000","1981"
"1150929","2468","華經","920536","42312201","46.85","46.85","45.25","46.05","-0.2000","1057"
"1150929","2471","資通","187884","9658813","51.40","52.00","51.10","51.30","-0.1000","569"
"1150929","2472","立隆電","1505198","323523270","217.00","220.00","212.50","213.00","-5.5000","2472"
"1150929","2474","可成","1568422","323397723","207.00","207.00","205.00","205.50","-1.0000","1960"
"1150929","2476","鉅祥","828647","102518165","122.50","125.00","121.50","124.50","2.0000","862"
"1150929","2477","美隆電","148490","3416216","23.05","23.10","22.85","23.10","0.0500","270"
"1150929","2478","大毅","1301254","154019693","118.50","121.00","116.50","117.50","-2.5000","1843"
"1150929","2480","敦陽科","153315","24518014","161.00","161.00","159.00","159.50","-1.5000","316"
"1150929","2481","強茂","20652896","3618986760","175.00","180.00","172.00","175.50","1.0000","16792"
"1150929","2482","連宇","104643","1714528","16.25","16.55","16.20","16.35","0.1000","146"
"1150929","2483","百容","208005","6779537","32.20","32.95","32.20","32.50","-0.0500","249"
"1150929","2484","希華","30199086","2323900085","75.00","79.50","74.20","76.90","4.1000","22914"
"1150929","2485","兆赫","1310521","51951957","39.15","40.10","39.00","39.75","0.6000","1202"
"1150929","2486","一詮","1955933","460034487","231.00","237.50","230.50","237.00","3.0000","3092"
"1150929","2488","漢平","33167","1622418","48.85","49.20","48.70","48.70","-0.1500","111"
"1150929","2489","瑞軒","8627458","351720249","40.25","41.15","40.10","41.10","0.3000","6113"
"1150929","2491","吉祥全","455070","18360105","39.80","40.75","39.75","40.20","0.6500","398"
"1150929","2492","華新科","31201956","9594785717","313.00","321.00","299.00","302.00","-9.5000","38722"
"1150929","2493","揚博","1972776","387422468","190.00","202.00","190.00","196.00","5.0000","2385"
"1150929","2495","普安","882955","34591157","39.05","39.55","38.75","38.95","-0.1000","744"
"1150929","2496","卓越","6405","350701","54.80","55.10","54.60","55.10","-0.2000","20"
"1150929","2497","怡利電","87631","3825163","44.20","44.20","43.50","43.60","-0.2000","93"
"1150929","2498","宏達電","8994708","382956650","41.80","43.40","41.75","43.00","1.2000","5373"
"1150929","2501","國建","2205717","46792956","21.05","21.40","21.00","21.15","0.0500","1022"
"1150929","2504","國產","2041127","62479753","30.90","30.90","30.50","30.55","-0.3500","1064"
"1150929","2505","國揚","303325","5160491","17.10","17.10","16.95","16.95","-0.2000","141"
"1150929","2506","太設","273693","2291230","8.38","8.42","8.34","8.41","0.0000","105"
"1150929","2509","全坤建","156579","2207764","14.20","14.20","14.00","14.05","-0.3000","114"
"1150929","2511","太子","617420","5149289","8.39","8.39","8.32","8.32","-0.0700","237"
"1150929","2514","龍邦","35096","401562","11.50","11.50","11.40","11.40","-0.0500","82"
"1150929","2515","中工","4178372","49586524","12.00","12.00","11.80","11.80","-0.1500","1545"
"1150929","2516","新建","264706","4028383","15.50","15.50","14.90","14.90","-0.5500","213"
"1150929","2520","冠德","1043424","38821832","37.20","37.50","36.85","37.00","-0.3000","884"
"1150929","2524","京城","56370","1941568","34.85","34.85","34.25","34.25","-0.6000","75"
"1150929","2527","宏璟","634439","31000995","48.20","49.50","48.20","48.35","0.4000","938"
"1150929","2528","皇普","315990","6124312","19.55","19.60","19.25","19.30","-0.2500","254"
"1150929","2530","華建","399870","8013685","20.00","20.25","19.85","20.10","-0.0500","250"
"1150929","2534","宏盛","214610","3604109","16.80","17.00","16.65","16.90","0.2000","211"
"1150929","2535","達欣工","113837","10176039","89.90","89.90","89.10","89.10","-0.7000","409"
"1150929","2536","宏普","608246","11648690","19.15","19.20","19.10","19.15","-0.0500","252"
"1150929","2537","聯上發","537977","6056775","11.30","11.30","11.20","11.25","-0.1500","227"
"1150929","2538","基泰","475327","4106099","8.70","8.71","8.58","8.71","0.0000","189"
"1150929","2539","櫻花建","1069477","36448414","34.45","34.45","33.90","34.00","-0.4500","1195"
"1150929","2540","愛山林","462170","22314028","49.00","49.15","47.60","47.60","-1.4000","1813"
"1150929","2542","興富發","11497190","446310279","39.25","39.35","38.60","38.60","-0.9000","6386"
"1150929","2543","皇昌","724402","27885910","37.95","38.75","37.95","38.15","0.0000","706"
"1150929","2545","皇翔","116282","3962888","34.20","34.30","33.90","33.90","-0.3000","95"
"1150929","2546","根基","140126","15002319","107.50","108.50","106.00","106.00","-0.5000","290"
"1150929","2547","日勝生","774661","7627515","9.82","9.88","9.81","9.85","0.0300","367"
"1150929","2548","華固","1191007","110350336","93.40","93.40","92.10","92.20","-1.0000","1542"
"1150929","2597","潤弘","87871","14711982","168.00","168.00","166.50","167.00","-0.5000","159"
"1150929","2603","長榮","6250427","1494139772","244.00","244.00","237.50","238.00","-5.0000","6571"
"1150929","2605","新興","10030192","358396869","36.80","37.00","35.25","35.40","-1.1000","6272"
"1150929","2606","裕民","4989525","369875358","75.80","75.80","73.10","73.40","-3.3000","4570"
"1150929","2607","榮運","391612","20867629","53.50","53.90","53.00","53.10","-0.6000","365"
"1150929","2608","嘉里大榮","215391","6168086","28.60","28.90","28.55","28.55","-0.1500","159"
"1150929","2609","陽明","23606564","1382090934","59.60","59.60","58.10","58.40","-1.2000","20860"
"1150929","2610","華航","7852078","158312020","20.30","20.30","20.10","20.10","-0.2000","3042"
"1150929","2611","志信","225756","3167987","14.15","14.15","13.95","14.05","0.0000","178"
"1150929","2612","中航","388561","23761265","62.00","62.00","60.70","60.80","-1.4000","459"
"1150929","2613","中櫃","110543","2433154","22.20","22.20","21.95","21.95","-0.2500","198"
"1150929","2614","東森","2885213","54338852","18.25","19.10","18.25","18.85","0.6000","1491"
"1150929","2615","萬海","10041037","1134217094","116.50","116.50","111.00","111.00","-4.5000","17569"
"1150929","2616","山隆","55544","733770","13.25","13.25","13.20","13.20","0.0000","161"
"1150929","2617","台航","2312297","73050762","32.90","32.90","31.10","31.25","-1.5500","1539"
"1150929","2618","長榮航","14347588","597059756","42.00","42.00","41.45","41.50","-0.5000","7793"
"1150929","2630","亞航","464796","21670615","46.50","47.10","46.30","46.30","0.0000","488"
"1150929","2633","台灣高鐵","6250246","159497151","25.70","25.80","25.45","25.45","-0.1000","2822"
"1150929","2634","漢翔","4595082","291893437","63.60","64.20","63.10","63.10","0.0000","3537"
"1150929","2636","台驊控股","222241","15733061","71.90","71.90","70.40","70.40","-1.5000","2199"
"1150929","2637","慧洋-KY","4494224","432684650","99.80","99.90","95.00","95.00","-5.5000","16132"
"1150929","2642","宅配通","24291","492834","20.35","20.35","20.20","20.30","-0.1000","70"
"1150929","2645","長榮航太","377047","65016901","172.00","173.50","172.00","172.00","0.0000","661"
"1150929","2646","星宇航空","2798512","56320172","20.20","20.20","20.05","20.05","-0.1500","1897"
"1150929","2701","萬企","27138","278163","10.25","10.25","10.25","10.25","0.0000","27"
"1150929","2702","華園","11443","145171","12.70","12.80","12.65","12.65","-0.2000","32"
"1150929","2704","國賓","121193","5434887","44.95","45.10","44.55","45.00","-0.0500","220"
"1150929","2705","六福","56174","846368","15.15","15.15","15.00","15.05","-0.1000","133"
"1150929","2706","第一店","93277","1129624","12.20","12.20","12.10","12.10","0.0000","60"
"1150929","2707","晶華","158264","27842160","176.50","176.50","175.00","175.00","-1.5000","284"
"1150929","2712","遠雄來","10100","135000","13.40","13.40","13.30","13.40","0.0500","10"
"1150929","2722","夏都","55123","1174617","21.30","21.40","21.20","21.20","0.1000","46"
"1150929","2723","美食-KY","423602","32741936","78.30","78.30","76.60","76.60","-1.9000","718"
"1150929","2727","王品","427899","100222737","232.00","235.00","232.00","235.00","3.0000","736"
"1150929","2731","雄獅","152724","21968224","145.00","145.00","143.00","143.00","-1.0000","198"
"1150929","2739","寒舍","29683","1079810","37.10","37.10","36.10","36.25","-0.1500","62"
"1150929","2748","雲品","25097","972105","38.80","38.80","38.70","38.70","-0.1000","29"
"1150929","2753","八方雲集","108662","19441406","180.00","180.00","178.50","179.00","-1.0000","456"
"1150929","2762","世界健身-KY","21525","1705965","79.00","79.70","79.00","79.00","0.0000","38"
"1150929","2801","彰銀","22785123","629576660","28.05","28.05","27.45","27.50","-0.2500","7933"
"1150929","2812","台中銀","19296779","365107306","19.05","19.05","18.80","18.80","-0.2000","6998"
"1150929","2816","旺旺保","309191","12404714","40.15","40.60","39.75","39.85","-0.3000","352"
"1150929","2820","華票","2931349","49471798","17.00","17.00","16.80","16.85","-0.1500","1195"
"1150929","2832","台產","203771","11615312","57.70","57.70","56.80","56.80","-0.7000","215"
"1150929","2834","臺企銀","33187671","587479374","17.80","17.85","17.60","17.60","-0.2500","10132"
"1150929","2836","高雄銀","1866824","22527384","12.15","12.20","12.00","12.00","-0.1500","848"
"1150929","2836A","高雄銀甲特","10300","246784","24.00","24.00","23.95","24.00","0.0000","10"
"1150929","2838","聯邦銀","4376710","90351132","21.10","21.10","20.50","20.55","-0.4500","2157"
"1150929","2838A","聯邦銀甲特","62000","3219400","51.90","52.00","51.90","52.00","0.0000","17"
"1150929","2845","遠東銀","9621102","126772163","13.30","13.30","13.10","13.10","-0.2000","2600"
"1150929","2849","安泰銀","150507","2346542","15.65","15.80","15.50","15.50","-0.1500","111"
"1150929","2850","新產","649133","104926151","157.00","163.00","157.00","161.00","3.5000","708"
"1150929","2851","中再保","1827052","86602885","47.45","48.10","46.75","47.05","-0.4500","1626"
"1150929","2852","第一保","331084","9210771","28.00","28.00","27.70","27.70","-0.2500","197"
"1150929","2855","統一證","6563643","368704074","57.50","57.50","55.00","55.50","-2.3000","13751"
"1150929","2880","華南金","12588665","568524286","46.00","46.20","44.70","44.90","-0.8500","7065"
"1150929","2881","富邦金","14184273","2163206411","150.00","155.00","150.00","151.50","1.5000","7530"
"1150929","2881A","富邦特","67027","4120050","61.50","61.50","61.40","61.40","-0.2000","38"
"1150929","2881B","富邦金乙特","17655","1072941","60.50","60.90","60.50","60.90","0.0000","19"
"1150929","2881C","富邦金丙特","43297","2242438","51.80","51.80","51.80","51.80","0.0000","46"
"1150929","2882","國泰金","19177458","2148872238","112.00","113.50","110.50","111.50","1.0000","7566"
"1150929","2882A","國泰特","31147","1873232","60.10","60.20","60.10","60.20","0.1000","24"
"1150929","2882B","國泰金乙特","16012","939004","58.60","58.80","58.60","58.80","0.0000","6"
"1150929","2883","凱基金","37568266","1473272685","39.30","39.75","38.85","38.95","0.0000","11510"
"1150929","2883B","凱基金乙特","1667880","14214034","8.50","8.54","8.50","8.54","0.0200","265"
"1150929","2884","玉山金","32018146","1447940860","45.00","45.95","44.90","44.90","-0.7000","12913"
"1150929","2885","元大金","20346003","1403201550","70.00","70.00","68.50","68.70","-0.5000","11408"
"1150929","2886","兆豐金","20847357","1027724574","49.60","49.80","48.95","49.10","-0.5000","8665"
"1150929","2887","台新新光金","46941880","1980350476","43.00","43.00","41.65","41.80","-0.7000","18746"
"1150929","2887E","台新新光戊特一","324807","15746850","48.55","48.55","48.45","48.45","-0.1000","152"
"1150929","2887F","台新新光戊特二","29280","1335622","45.65","45.65","45.60","45.60","-0.0500","31"
"1150929","2887G","台新新光庚特一","241714","10768720","44.70","44.70","44.45","44.45","-0.1500","105"
"1150929","2887H","台新新光庚特二","138133","5934243","42.90","43.05","42.85","43.05","0.0500","52"
"1150929","2887I","台新新光辛特","9910263","94349273","9.53","9.53","9.51","9.52","-0.0100","706"
"1150929","2887Z1","台新新光己特","54835","1246748","22.75","22.80","22.70","22.75","-0.1000","26"
"1150929","2889","國票金","9771251","160917328","16.60","16.60","16.40","16.40","-0.1500","2629"
"1150929","2890","永豐金","34667144","1540764758","45.30","45.45","43.80","43.90","-1.2500","12759"
"1150929","2891","中信金","27538151","1896894946","67.30","69.70","67.30","68.70","0.2000","10883"
"1150929","2891B","中信金乙特","4747","293719","61.90","61.90","61.90","61.90","0.3000","16"
"1150929","2891C","中信金丙特","189","11432","","","","","0.0000","9"
"1150929","2892","第一金","26936589","1046734644","39.50","39.55","38.55","38.60","-0.9000","9592"
"1150929","2897","王道銀行","4961924","54589766","11.05","11.10","10.95","10.95","-0.1000","819"
"1150929","2897B","王道銀乙特","36864","435317","11.85","11.85","11.75","11.85","-0.0500","10"
"1150929","2901","欣欣","50924","1202664","23.60","23.80","23.50","23.80","0.4500","98"
"1150929","2903","遠百","1122713","24714752","22.10","22.20","21.90","21.90","-0.2000","936"
"1150929","2904","匯僑","16574","209313","12.75","12.75","12.60","12.60","0.0500","27"
"1150929","2905","三商","1238085","22559431","18.40","18.45","18.00","18.00","-0.3000","631"
"1150929","2906","高林","67157","898884","13.50","13.50","13.30","13.30","-0.2000","69"
"1150929","2908","特力","286050","6237659","22.00","22.00","21.60","21.70","-0.4500","150"
"1150929","2910","統領","20115","466649","23.35","23.35","23.00","23.10","-0.4500","34"
"1150929","2911","麗嬰房","124868","755655","6.10","6.11","6.02","6.03","-0.0700","118"
"1150929","2912","統一超","1493082","316776227","213.00","213.00","211.50","212.00","-0.5000","2763"
"1150929","2913","農林","729074","8037527","11.00","11.10","11.00","11.00","-0.0500","357"
"1150929","2915","潤泰全","1554776","91980597","60.10","60.10","58.50","58.50","-1.5000","2790"
"1150929","2923","鼎固-KY","116429","2806425","24.90","25.00","23.90","23.90","-0.4000","167"
"1150929","2929","淘帝-KY","102847","604467","5.90","5.92","5.81","5.81","-0.0300","67"
"1150929","2939","永邑-KY","51000","1020650","19.85","20.25","19.65","20.25","0.6500","26"
"1150929","2945","三商家購","25135","998440","39.60","39.90","39.60","39.80","-0.1000","65"
"1150929","3002","歐格","138621","2601583","18.80","19.00","18.60","18.90","0.0000","126"
"1150929","3003","健和興","286357","17134954","59.90","60.40","59.50","59.70","-0.4000","308"
"1150929","3004","豐達科","85163","10022505","117.00","118.50","117.00","117.50","0.5000","132"
"1150929","3005","神基","983939","115147174","116.50","117.50","116.00","117.00","0.5000","961"
"1150929","3006","晶豪科","9171752","2574064644","272.00","286.50","270.00","285.00","10.0000","8896"
"1150929","3008","大立光","1784096","10750544165","6100.00","6205.00","5940.00","6020.00","-225.0000","31539"
"1150929","3010","華立","367596","46329272","126.00","127.00","125.00","125.00","-1.0000","480"
"1150929","3011","今皓","174436","1737224","10.00","10.00","9.90","9.90","-0.1000","131"
"1150929","3013","晟銘電","637300","53778118","84.40","85.00","83.90","84.00","-0.5000","636"
"1150929","3014","聯陽","3216326","459854014","140.50","145.00","139.50","143.50","3.0000","3331"
"1150929","3015","全漢","341596","18324141","53.80","54.40","53.20","53.70","0.4000","347"
"1150929","3016","嘉晶","75400142","12722191999","165.00","176.00","161.50","172.50","12.5000","51566"
"1150929","3017","奇鋐","3928028","13270927028","3420.00","3460.00","3285.00","3400.00","-155.0000","21163"
"1150929","3018","隆銘綠能","30637","365623","11.80","12.00","11.80","11.95","-0.0500","52"
"1150929","3019","亞光","1562554","212542473","135.00","137.50","134.50","135.50","0.5000","1609"
"1150929","3021","鴻名","1253253","36997822","29.40","29.60","28.70","29.60","2.6500","582"
"1150929","3022","威強電","1607789","151196881","93.10","95.40","92.60","93.00","-0.1000","2427"
"1150929","3023","信邦","885891","273386820","310.00","313.00","306.00","307.50","-3.5000","1388"
"1150929","3024","憶聲","944848","13444294","14.50","14.50","14.10","14.20","-0.4000","521"
"1150929","3025","星通","70091","3686884","52.40","53.00","52.30","52.40","0.0000","98"
"1150929","3026","禾伸堂","5185200","4113470891","804.00","804.00","785.00","796.00","-14.0000","10097"
"1150929","3027","盛達","130399","2418380","18.50","18.75","18.40","18.40","-0.1500","126"
"1150929","3028","增你強","536354","33759917","62.70","63.60","62.60","62.70","0.2000","664"
"1150929","3029","零壹","1708421","201023377","120.00","120.50","116.50","117.50","-2.5000","2505"
"1150929","3030","德律","1413018","390029449","270.50","280.50","269.00","276.00","6.0000","3575"
"1150929","3031","佰鴻","10641422","329620745","30.35","31.65","30.30","31.25","0.8000","6829"
"1150929","3032","偉訓","294028","22889639","78.30","78.60","77.50","77.90","-1.1000","342"
"1150929","3033","威健","2109280","88779027","41.80","42.35","41.70","42.00","0.2000","1367"
"1150929","3034","聯詠","2795234","1517089703","550.00","550.00","538.00","540.00","-3.0000","3725"
"1150929","3035","智原","7221057","1528588509","208.00","217.00","204.50","210.00","3.5000","12820"
"1150929","3036","文曄","4569244","944187148","206.50","207.50","205.00","207.50","0.5000","3923"
"1150929","3037","欣興","10830272","12608473900","1170.00","1185.00","1130.00","1165.00","-20.0000","17941"
"1150929","3038","全台","140660","2865582","20.30","20.50","20.30","20.30","0.0000","131"
"1150929","3040","遠見","159639","5446487","34.85","34.85","33.85","33.85","-1.2500","488"
"1150929","3041","揚智","343091","8091140","23.20","23.75","23.20","23.60","0.4000","380"
"1150929","3042","晶技","34407830","7266342316","214.50","222.50","205.00","208.50","5.5000","30951"
"1150929","3043","科風","97293","1963180","20.00","20.80","20.00","20.10","-0.5000","140"
"1150929","3044","健鼎","2303013","1204148701","530.00","535.00","520.00","521.00","-17.0000","4011"
"1150929","3045","台灣大","5806538","703503072","122.50","122.50","120.50","121.00","-1.5000","3064"
"1150929","3046","建碁","65074","3498036","53.60","54.30","53.30","53.60","-0.2000","111"
"1150929","3047","訊舟","493787","7189558","14.55","14.75","14.40","14.55","0.0000","337"
"1150929","3048","益登","1041856","53531887","51.90","52.00","51.00","51.10","-0.8000","926"
"1150929","3049","精金","2310163","28266336","12.25","12.45","12.15","12.15","-0.1000","1026"
"1150929","3050","鈺德","316070","3645546","11.50","11.65","11.45","11.65","0.1500","188"
"1150929","3051","力特","336487","7612594","22.25","22.85","22.25","22.65","0.3500","253"
"1150929","3052","夆典","132344","1375869","10.40","10.45","10.35","10.35","-0.0500","161"
"1150929","3054","立萬利","92619","5459238","59.00","59.40","58.60","58.80","0.4000","118"
"1150929","3055","蔚華科","7359541","1485495673","196.00","207.50","191.50","203.50","4.5000","10831"
"1150929","3056","富華新","425780","5919992","14.05","14.05","13.80","13.85","-0.2000","453"
"1150929","3057","喬鼎","85796","1370048","15.95","16.35","15.70","16.25","0.4500","147"
"1150929","3058","立德","282792","2312722","8.22","8.25","8.14","8.15","-0.0700","184"
"1150929","3059","華晶科","754485","28662124","37.95","38.30","37.80","37.85","0.0000","659"
"1150929","3060","銘異","2096629","57990486","26.70","28.35","26.70","27.45","0.9000","1750"
"1150929","3062","建漢","1045142","23053993","21.90","22.35","21.85","22.00","0.0500","709"
"1150929","3090","日電貿","1579579","255416898","163.50","164.00","160.00","161.00","-4.0000","2372"
"1150929","3092","鴻碩","148779","3406568","22.75","23.10","22.70","22.75","0.0000","151"
"1150929","3094","聯傑","10028323","582254266","53.00","59.70","52.70","59.70","5.4000","6199"
"1150929","3130","一零四","39946","8334202","208.50","209.00","208.50","209.00","0.5000","108"
"1150929","3135","凌航","262621","41180045","156.00","158.00","155.50","156.50","0.0000","667"
"1150929","3138","耀登","439498","43332852","98.00","99.90","98.00","98.10","-1.3000","543"
"1150929","3149","正達","9373933","622785110","63.20","68.00","63.00","67.30","4.0000","7272"
"1150929","3150","鈺寶-創","41000","630700","15.35","15.55","15.15","15.15","-0.2000","26"
"1150929","3164","景岳","102558","1701264","16.40","16.65","16.40","16.60","0.3000","106"
"1150929","3167","大量","4902893","4470048371","936.00","946.00","895.00","903.00","-46.0000","17641"
"1150929","3168","眾福科","8000","337550","42.30","42.30","42.15","42.15","0.0000","8"
"1150929","3189","景碩","16460239","15648787364","960.00","969.00","939.00","955.00","-7.0000","25400"
"1150929","3209","全科","691172","31500679","45.85","46.15","45.30","45.50","-0.3000","614"
"1150929","3229","晟鈦","1133433","64961406","56.50","58.50","56.20","57.10","0.7000","1013"
"1150929","3231","緯創","32141710","5947031637","182.50","186.50","182.00","185.50","1.0000","18459"
"1150929","3257","虹冠電","147570","7321169","48.70","50.00","48.70","49.30","0.6000","159"
"1150929","3266","昇陽","43120","599547","14.00","14.00","13.75","13.75","-0.2500","33"
"1150929","3296","勝德","113130","3195954","28.00","29.60","27.75","27.80","-0.1500","191"
"1150929","3305","昇貿","624352","65294322","103.00","105.00","103.00","104.50","1.5000","640"
"1150929","3308","聯德","228442","5127729","21.85","23.50","21.85","22.20","0.6500","247"
"1150929","3311","閎暉","303974","11579652","38.45","38.50","37.55","38.15","0.1000","364"
"1150929","3312","弘憶股","629455","32288614","50.50","51.80","50.20","50.90","0.4000","704"
"1150929","3321","同泰","139227","2499987","18.25","18.25","17.80","18.15","-0.0500","160"
"1150929","3338","泰碩","208716","14148143","67.60","68.20","67.60","67.90","0.3000","224"
"1150929","3346","麗清","722827","17238002","23.85","24.15","23.25","23.80","0.2000","517"
"1150929","3356","奇偶","195733","12907271","65.20","66.70","65.00","65.60","0.4000","486"
"1150929","3376","新日興","2076761","356659752","172.00","173.00","171.00","171.50","-2.5000","2545"
"1150929","3380","明泰","3870773","123312069","31.80","32.30","31.45","31.60","0.0000","1793"
"1150929","3406","玉晶光","2568917","2260757878","890.00","893.00","869.00","882.00","-19.0000","5596"
"1150929","3413","京鼎","729896","212018251","287.00","292.50","286.50","291.00","3.0000","1126"
"1150929","3416","融程電","160947","26187368","162.00","164.00","161.00","162.00","1.0000","233"
"1150929","3419","譁裕","488427","5690406","10.90","11.80","10.90","11.80","1.0500","307"
"1150929","3432","台端","16088","235076","14.60","14.80","14.50","14.80","0.2000","24"
"1150929","3437","榮創","2071802","46036038","21.55","22.65","21.50","22.40","0.4000","1336"
"1150929","3443","創意","1082917","8789139375","8410.00","8415.00","7925.00","7925.00","-600.0000","13130"
"1150929","3447","展達","54033","1476209","27.60","27.60","27.05","27.15","-0.1500","49"
"1150929","3450","聯鈞","5251568","2753668793","513.00","535.00","510.00","525.00","12.0000","6783"
"1150929","3481","群創","104276061","5181130062","49.60","50.30","48.55","49.75","0.2000","42479"
"1150929","3494","誠研","44736","313598","7.17","7.17","6.92","7.09","-0.0200","47"
"1150929","3501","維熹","151396","5702315","37.90","37.90","37.50","37.50","-0.4000","193"
"1150929","3504","揚明光","627895","49700091","78.40","80.00","77.70","79.50","1.0000","642"
"1150929","3515","華擎","152206","32207558","212.50","213.00","210.50","211.00","0.0000","262"
"1150929","3518","柏騰","5608941","209013422","35.00","37.40","35.00","37.40","3.4000","1990"
"1150929","3528","安馳","130611","11104261","85.20","86.00","84.20","84.70","-0.3000","524"
"1150929","3530","晶相光","39475","2322039","58.50","59.50","58.40","58.40","0.1000","97"
"1150929","3532","台勝科","7089443","3272712682","450.00","472.00","449.00","454.00","1.5000","8437"
"1150929","3533","嘉澤","2102968","3619904280","1680.00","1765.00","1680.00","1710.00","20.0000","4022"
"1150929","3535","晶彩科","1109711","100022901","87.70","91.40","87.10","89.80","1.4000","1512"
"1150929","3543","州巧","4142472","204742668","46.45","50.20","46.10","50.20","4.5000","2090"
"1150929","3545","敦泰","503191","26075493","51.00","52.60","51.00","51.90","0.9000","459"
"1150929","3550","聯穎","3498604","88241007","23.85","26.20","23.80","26.20","2.3500","2138"
"1150929","3557","嘉威","30567","697497","22.95","22.95","22.80","22.80","-0.0500","55"
"1150929","3563","牧德","1814860","1438588241","773.00","815.00","773.00","794.00","25.0000","4040"
"1150929","3576","聯合再生","11641227","210631448","18.25","18.40","17.95","17.95","-0.3000","5146"
"1150929","3583","辛耘","714980","510406464","698.00","721.00","698.00","713.00","15.0000","1570"
"1150929","3588","通嘉","133618","7164284","52.00","53.90","52.00","53.70","1.3000","195"
"1150929","3591","艾笛森","1678493","43379967","24.40","26.80","24.35","26.40","1.7500","1568"
"1150929","3592","瑞鼎","258399","58393725","222.50","228.00","222.50","225.00","0.5000","500"
"1150929","3593","力銘","24771","252232","10.25","10.45","10.00","10.30","0.8000","43"
"1150929","3596","智易","450284","69582749","154.50","155.50","153.00","153.50","0.0000","543"
"1150929","3605","宏致","12502653","2311292536","182.00","190.50","179.00","182.50","-1.0000","12108"
"1150929","3607","谷崧","55129","756214","13.70","13.80","13.70","13.70","-0.0500","65"
"1150929","3617","碩天","258989","62701914","242.00","245.50","240.50","240.50","-2.0000","319"
"1150929","3622","洋華","112007","4985865","44.20","44.75","44.00","44.65","0.4500","98"
"1150929","3645","達邁","1758340","127286078","73.30","73.30","71.70","72.70","-0.6000","1650"
"1150929","3652","精聯","45323","1536341","33.70","34.15","33.70","33.85","-0.2500","56"
"1150929","3653","健策","1660061","11585057305","7000.00","7160.00","6850.00","6895.00","-25.0000","7740"
"1150929","3661","世芯-KY","1176972","4381764150","3750.00","3795.00","3675.00","3685.00","-85.0000","10595"
"1150929","3665","貿聯-KY","4555402","11064171935","2385.00","2465.00","2375.00","2445.00","105.0000","12285"
"1150929","3669","圓展","49381","1597546","32.25","32.50","32.25","32.45","0.2000","50"
"1150929","3673","TPK-KY","11366605","777722182","65.50","69.50","65.50","68.70","3.1000","8592"
"1150929","3679","新至陞","9180","994978","108.50","108.50","108.00","108.50","-0.5000","28"
"1150929","3686","達能","41418","613433","14.65","15.00","14.65","14.85","0.0500","74"
"1150929","3694","海華","239881","12098987","50.80","50.80","50.20","50.40","0.1000","204"
"1150929","3701","大眾控","552964","23301309","41.15","42.90","41.15","41.75","0.5000","495"
"1150929","3702","大聯大","10942986","1274792594","117.50","120.00","115.00","115.00","-2.5000","6102"
"1150929","3703","欣陸","1119772","21984960","19.75","19.85","19.50","19.50","-0.2500","643"
"1150929","3704","合勤控","1130753","45486898","40.50","40.70","39.90","40.25","-0.2500","1069"
"1150929","3705","永信","125154","6998865","56.00","56.00","55.80","55.90","-0.1000","121"
"1150929","3706","神達","2938741","231343566","78.50","79.00","78.20","78.90","0.4000","2523"
"1150929","3708","上緯投控","306892","30215909","98.10","99.50","97.60","97.60","-2.1000","915"
"1150929","3711","日月光投控","14276948","9777704689","685.00","693.00","678.00","687.00","-12.0000","23284"
"1150929","3712","永崴投控","426421","8848550","20.70","20.90","20.60","20.65","-0.0500","370"
"1150929","3714","富采","7402683","503944635","66.60","69.00","66.40","68.10","0.5000","5470"
"1150929","3715","定穎投控","2792958","345939332","121.50","126.50","120.50","124.50","1.5000","2705"
"1150929","3716","中化控股","134468","4562381","33.95","34.15","33.75","33.90","-0.0500","179"
"1150929","3717","聯嘉投控","17004945","466154498","26.00","27.85","25.85","27.85","2.5000","6725"
"1150929","4104","佳醫","135872","9807854","71.90","72.50","71.90","72.10","0.2000","239"
"1150929","4106","雃博","46364","1122084","24.10","24.25","24.10","24.25","0.0500","79"
"1150929","4108","懷特","133476","1532663","11.45","11.75","11.35","11.35","-0.1000","118"
"1150929","4119","旭富","112376","6279671","56.70","56.90","55.30","55.40","-1.3000","497"
"1150929","4133","亞諾法","46762","957764","20.35","20.80","20.35","20.45","0.1000","70"
"1150929","4137","麗豐-KY","76356","5848056","76.30","76.90","76.30","76.50","0.3000","82"
"1150929","4142","國光生","1093940","19755966","17.80","18.15","17.80","18.10","0.2000","612"
"1150929","4148","全宇生技-KY","58415","1862630","32.10","32.25","31.70","31.95","-0.4500","29"
"1150929","4155","訊映","150826","2212932","14.85","14.85","14.60","14.60","-0.2500","361"
"1150929","4164","承業醫","541103","14649628","26.45","27.25","26.45","26.90","0.5000","363"
"1150929","4169","泰宗","65399","9722124","148.00","152.50","147.50","148.50","0.0000","146"
"1150929","4178","永笙-KY","90603","1502057","16.40","16.80","16.40","16.55","0.0500","54"
"1150929","4190","佐登-KY","6232","156475","25.15","25.15","25.05","25.05","0.0000","14"
"1150929","4195","基米-創","816104","12662859","14.40","15.80","14.40","15.80","1.4000","522"
"1150929","4306","炎洲","863069","12558030","14.50","14.80","14.35","14.65","0.1500","421"
"1150929","4414","如興","139371","1137294","8.21","8.21","8.11","8.11","-0.1000","187"
"1150929","4426","利勤","81280","620393","7.70","7.70","7.60","7.61","-0.1500","57"
"1150929","4438","廣越","16880","958727","57.10","57.10","56.60","56.70","-0.3000","42"
"1150929","4439","冠星-KY","14109","1352157","96.80","96.80","95.00","96.50","0.1000","20"
"1150929","4440","宜新實業","27020","471350","17.45","17.50","17.35","17.45","0.0000","25"
"1150929","4441","振大環球","68339","11648865","170.50","171.50","170.00","170.00","-1.0000","96"
"1150929","4526","東台","1230357","39737004","31.75","32.70","31.45","32.15","0.4000","935"
"1150929","4532","瑞智","535748","13435304","25.20","25.35","25.00","25.05","-0.1500","341"
"1150929","4536","拓凱","167097","27167065","164.50","164.50","161.50","161.50","-3.5000","352"
"1150929","4540","全球傳動","5084830","315354346","60.20","62.70","60.00","62.60","2.6000","4409"
"1150929","4545","銘鈺","326852","11409399","34.15","35.60","33.70","35.55","2.4500","300"
"1150929","4551","智伸科","2692592","469794935","162.50","179.50","162.00","179.50","16.0000","2379"
"1150929","4552","力達-KY","126861","1957547","15.50","15.55","15.35","15.35","-0.2500","95"
"1150929","4555","氣立","69189","2890702","41.75","42.25","41.20","41.60","-0.0500","73"
"1150929","4557","永新-KY","34834","1740890","49.60","50.40","49.60","50.10","0.3000","58"
"1150929","4560","強信-KY","139100","4081200","29.55","29.55","29.20","29.35","-0.2000","72"
"1150929","4562","穎漢","103878","3119344","30.00","30.35","29.80","30.00","0.0000","82"
"1150929","4564","元翎","447952","7243338","16.15","16.25","16.10","16.20","0.1500","274"
"1150929","4566","時碩工業","6270637","459064412","74.30","75.20","71.70","73.20","-1.1000","7109"
"1150929","4569","六方科-KY","35115","5423706","154.00","156.00","153.00","154.00","-1.0000","37"
"1150929","4571","鈞興-KY","46746","7142624","152.00","153.50","152.00","152.50","0.0000","115"
"1150929","4572","駐龍","15872","2206649","140.00","140.00","138.50","139.00","-0.5000","31"
"1150929","4576","大銀微系統","2503523","591423022","226.00","241.00","224.50","241.00","16.0000","3531"
"1150929","4581","光隆精密-KY","1000","47700","47.70","47.70","47.70","47.70","-0.0500","1"
"1150929","4582","聚恆-創","23001","513972","22.45","22.45","22.20","22.20","-0.2500","19"
"1150929","4583","台灣精銳","38563","16647564","429.00","437.00","429.00","429.00","0.0000","171"
"1150929","4585","達明","130588","38048774","289.00","295.50","289.00","290.00","-3.0000","415"
"1150929","4588","玖鼎電力","40000","2205900","54.90","55.60","54.60","55.30","0.5000","38"
"1150929","4590","富田-創","112776","9999939","90.00","90.00","88.10","88.50","-1.2000","130"
"1150929","4720","德淵","383913","7408027","19.15","19.40","19.15","19.15","0.1000","262"
"1150929","4722","國精化","633493","120266901","184.00","194.50","184.00","190.00","6.0000","730"
"1150929","4736","泰博","140135","18129177","130.00","131.00","128.00","128.50","-1.0000","237"
"1150929","4737","華廣","21141","1182979","56.80","56.80","55.50","55.60","-0.7000","27"
"1150929","4739","康普","1792925","149836336","80.10","85.00","80.00","83.20","3.7000","1812"
"1150929","4746","台耀","873374","41783822","47.80","48.20","47.45","47.70","-0.3500","629"
"1150929","4755","三福化","196326","23036350","115.50","118.50","115.00","118.00","2.5000","307"
"1150929","4763","材料*-KY","6564454","303838992","46.40","46.85","45.80","46.85","0.7500","2909"
"1150929","4764","雙鍵","1162027","209856496","179.50","184.00","175.00","183.00","0.0000","1478"
"1150929","4766","南寶","75315","25775148","343.50","344.00","341.00","341.00","-2.5000","225"
"1150929","4770","上品","2148058","619120414","277.00","295.00","277.00","286.50","5.0000","3370"
"1150929","4771","望隼","76634","16307317","213.50","215.00","211.00","211.50","-0.5000","543"
"1150929","4807","日成-KY","59195","1734120","29.55","29.55","29.15","29.15","-0.1500","55"
"1150929","4904","遠傳","5442744","570516339","106.00","106.00","104.00","104.50","-1.0000","3003"
"1150929","4906","正文","13404590","534770777","37.65","40.80","37.45","40.20","2.5500","8318"
"1150929","4912","聯德控股-KY","336807","32504818","96.40","97.60","95.20","96.80","0.0000","576"
"1150929","4915","致伸","1749925","111448516","64.10","64.40","63.40","63.50","-0.6000","1708"
"1150929","4916","事欣科","962674","97893813","102.00","102.50","101.00","101.50","-1.0000","1061"
"1150929","4919","新唐","9319257","1269634798","134.00","139.50","132.00","135.50","-0.5000","7669"
"1150929","4927","泰鼎-KY","1936781","84825678","43.75","44.30","43.40","43.75","0.0500","1874"
"1150929","4930","燦星網","14291","227527","15.95","15.95","15.85","15.85","-0.2000","49"
"1150929","4934","太極","192772","2732667","14.20","14.25","14.10","14.15","0.0000","165"
"1150929","4935","茂林-KY","59283","1946559","33.20","33.20","32.65","32.65","-0.3000","65"
"1150929","4938","和碩","11561261","1063134392","91.80","95.00","90.80","90.80","-0.5000","8424"
"1150929","4942","嘉彰","45000","1438050","31.95","32.00","31.70","31.95","0.3000","31"
"1150929","4943","康控-KY","16653","117061","7.11","7.14","6.98","6.98","-0.0100","18"
"1150929","4949","有成精密","499018","37959058","74.70","76.90","74.60","76.00","1.4000","464"
"1150929","4952","凌通","115759","5726261","48.95","49.80","48.95","49.20","0.2500","120"
"1150929","4956","光鋐","16057652","729662084","43.55","46.20","43.50","46.00","1.5000","10154"
"1150929","4958","臻鼎-KY","41991459","20631585314","479.00","499.50","472.50","498.50","23.0000","46910"
"1150929","4960","誠美材","5046690","117722440","22.30","23.85","22.30","23.45","1.0000","2783"
"1150929","4961","天鈺","1610173","298897449","180.50","188.00","179.50","184.50","4.0000","7267"
"1150929","4967","十銓","572713","155692090","270.50","273.00","270.00","272.00","-0.5000","1556"
"1150929","4968","立積","264713","24665207","92.50","94.00","92.20","92.80","0.3000","715"
"1150929","4976","佳凌","455830","16157133","35.20","35.65","35.10","35.50","0.3000","322"
"1150929","4977","眾達-KY","1245907","210379897","167.00","171.50","165.50","168.50","0.0000","1429"
"1150929","4989","榮科","1431027","85299666","59.60","60.30","59.30","59.50","0.1000","1406"
"1150929","4994","傳奇","8694","711423","82.50","82.50","81.00","82.30","-0.2000","47"
"1150929","4999","鑫禾","37859","674765","17.95","18.00","17.70","17.70","-0.2500","122"
"1150929","5007","三星","42297","2355063","55.60","56.00","55.40","55.40","-0.2000","85"
"1150929","5203","訊連","147899","8788474","58.30","60.10","58.30","58.60","0.3000","168"
"1150929","5215","科嘉-KY","30159","1140603","38.05","38.05","37.30","37.30","-0.6500","51"
"1150929","5222","全訊","159423","16820763","106.00","107.00","104.50","104.50","-0.5000","259"
"1150929","5225","東科-KY","116342","6436567","56.10","56.20","55.00","55.30","-0.9000","146"
"1150929","5234","達興材料","635167","199512226","294.50","322.00","294.00","322.00","29.0000","1015"
"1150929","5236","凌陽創新","48510","6593246","135.50","137.00","135.00","135.50","0.0000","82"
"1150929","5243","乙盛-KY","593023","52643131","88.10","89.60","88.00","88.70","-0.4000","824"
"1150929","5244","弘凱","81001","2881185","35.05","36.00","35.00","35.50","-0.2500","72"
"1150929","5258","虹堡","113462","4693398","41.60","41.60","41.20","41.20","-0.2000","136"
"1150929","5269","祥碩","255261","377528790","1485.00","1495.00","1460.00","1475.00","-5.0000","1063"
"1150929","5283","禾聯碩","36234","1908761","52.80","53.10","52.50","52.60","-0.4000","147"
"1150929","5284","jpp-KY","260949","78370447","298.50","303.00","298.00","300.00","4.5000","494"
"1150929","5285","界霖","781129","71190288","89.90","92.90","89.10","90.50","0.6000","780"
"1150929","5288","豐祥-KY","103079","19247237","188.00","188.50","186.00","186.50","-1.0000","414"
"1150929","5292","華懋","36861","8016183","217.00","219.00","215.50","218.50","1.0000","342"
"1150929","5306","桂盟","49248","4372765","88.80","89.30","88.50","88.60","-0.1000","132"
"1150929","5388","中磊","2347623","169386800","73.10","73.10","71.70","71.70","-1.7000","2200"
"1150929","5434","崇越","390228","211395591","539.00","545.00","538.00","540.00","-2.0000","817"
"1150929","5469","瀚宇博","584373","42984788","73.40","73.80","73.10","73.60","0.6000","558"
"1150929","5471","松翰","521664","27395799","51.90","52.90","51.80","52.70","1.0000","517"
"1150929","5484","慧友","74494","2930074","39.70","39.70","39.15","39.25","-0.2000","92"
"1150929","5515","建國","253867","13361248","52.50","52.80","52.30","52.70","0.0000","223"
"1150929","5519","隆大","147353","3690706","25.05","25.15","25.00","25.00","-0.0500","177"
"1150929","5521","工信","601362","6290945","10.50","10.50","10.45","10.50","0.0000","339"
"1150929","5522","遠雄","371905","22611290","60.70","61.00","60.70","60.70","0.0000","452"
"1150929","5525","順天","53695","1177017","22.00","22.00","21.80","21.95","-0.0500","61"
"1150929","5531","鄉林","677557","4660481","6.96","7.01","6.85","6.85","-0.1300","423"
"1150929","5533","皇鼎","22277","308849","13.95","13.95","13.85","13.85","-0.0500","25"
"1150929","5534","長虹","500299","36838152","73.80","73.90","73.30","73.30","-0.6000","530"
"1150929","5538","東明-KY","26710","946764","36.20","36.20","35.30","35.40","0.1000","100"
"1150929","5546","永固-KY","32000","453700","14.20","14.20","14.10","14.10","-0.3000","14"
"1150929","5607","遠雄港","796752","41377437","52.30","52.60","51.70","51.90","-0.3000","881"
"1150929","5608","四維航","2452196","40918517","16.95","17.00","16.60","16.70","-0.3000","1413"
"1150929","5706","鳳凰","67556","2964812","44.30","44.30","43.60","43.90","0.0000","90"
"1150929","5871","中租-KY","5001745","535163862","107.00","107.50","106.50","107.00","0.0000","4173"
"1150929","5871A","中租-KY甲特","103323","10323171","99.90","100.00","99.90","99.90","0.0000","37"
"1150929","5876","上海商銀","6497420","317746191","48.95","49.35","48.55","48.85","-0.1000","2994"
"1150929","5880","合庫金","17358159","455089857","26.45","26.60","26.00","26.05","-0.4000","7570"
"1150929","5906","台南-KY","","","","","","","0.0000",""
"1150929","5907","大洋-KY","96136","464569","4.85","4.85","4.79","4.79","-0.0400","50"
"1150929","6005","群益證","4412919","140381723","32.00","32.15","31.65","31.65","-0.3500","3002"
"1150929","6024","群益期","304599","18360658","60.80","61.10","59.70","60.20","-0.6000","383"
"1150929","6108","競國","1269830","30885325","24.50","24.65","24.00","24.40","0.0000","813"
"1150929","6112","邁達特","861750","40793953","47.75","47.90","47.00","47.35","-0.3500","784"
"1150929","6115","鎰勝","113334","4995571","44.05","44.30","43.95","44.00","-0.0500","99"
"1150929","6116","彩晶","32973446","493390130","14.90","15.20","14.60","14.90","0.0000","10515"
"1150929","6117","迎廣","154228","9546741","61.90","62.20","61.70","61.70","0.0000","147"
"1150929","6120","達運","2603544","34076367","12.75","13.25","12.65","13.05","0.3000","1145"
"1150929","6128","上福","35311","675693","19.10","19.35","19.10","19.10","-0.1500","34"
"1150929","6133","金橋","9954159","280205836","25.90","28.50","25.90","28.50","2.5500","5903"
"1150929","6136","富爾特","130621","3260265","24.90","25.15","24.85","24.95","0.0500","109"
"1150929","6139","亞翔","3500385","2574286858","753.00","759.00","726.00","732.00","-21.0000","7952"
"1150929","6141","柏承","1437515","75158127","52.60","53.30","51.30","52.90","1.1000","1191"
"1150929","6142","友勁","262971","2398333","9.19","9.19","9.05","9.06","0.0000","369"
"1150929","6152","百一","588881","8776167","15.05","15.10","14.75","15.10","0.1000","371"
"1150929","6153","嘉聯益","3119140","54822502","17.20","17.75","17.20","17.65","0.4500","1526"
"1150929","6155","鈞寶","7364788","467373353","61.50","64.90","61.20","64.00","3.8000","6746"
"1150929","6164","華興","254364","3151551","12.20","12.50","12.20","12.40","0.1500","183"
"1150929","6165","浪凡","113250","5528289","48.95","49.10","48.60","48.85","-0.1000","107"
"1150929","6166","凌華","5049553","694669801","131.00","143.50","130.00","135.00","3.0000","5269"
"1150929","6168","宏齊","5660688","254227360","44.40","45.55","44.30","45.20","1.2000","4612"
"1150929","6176","瑞儀","1403217","127488307","91.20","91.90","90.20","90.20","-1.6000","1902"
"1150929","6177","達麗","620878","28726454","46.25","46.55","46.00","46.25","0.0500","718"
"1150929","6183","關貿","78004","7057786","91.30","91.30","90.00","90.50","-0.8000","91"
"1150929","6184","大豐電","94428","3787305","40.30","40.35","40.00","40.10","-0.2000","93"
"1150929","6189","豐藝","997103","49771415","49.20","50.30","49.20","50.20","1.0000","920"
"1150929","6191","精成科","1039095","86526288","82.30","83.90","82.10","83.10","0.8000","961"
"1150929","6192","巨路","78523","8628270","110.00","110.50","109.50","109.50","-1.0000","113"
"1150929","6196","帆宣","1880519","1025999093","554.00","554.00","537.00","544.00","-21.0000","3852"
"1150929","6197","佳必琪","683759","218827453","322.00","322.50","318.50","319.00","-1.0000","1822"
"1150929","6201","亞弘電","47983","2130600","44.80","44.80","44.10","44.20","-0.5000","60"
"1150929","6202","盛群","694313","40657969","58.20","59.00","58.00","58.40","0.2000","664"
"1150929","6205","詮欣","2134375","152569868","72.50","72.80","70.50","71.10","-2.5000","1978"
"1150929","6206","飛捷","1288184","183524703","139.00","145.00","138.50","143.00","4.0000","1452"
"1150929","6209","今國光","10707256","878127817","80.10","84.20","79.60","81.50","1.6000","10928"
"1150929","6213","聯茂","27479007","16662855592","620.00","628.00","588.00","620.00","25.0000","31142"
"1150929","6214","精誠","1149103","217007508","190.50","190.50","188.00","189.00","-1.5000","905"
"1150929","6215","和椿","178676","17426551","96.80","98.20","96.30","97.20","0.4000","293"
"1150929","6216","居易","49833","971681","19.50","19.60","19.45","19.50","-0.0500","49"
"1150929","6224","聚鼎","704380","56684186","82.20","82.20","79.40","81.20","-1.0000","892"
"1150929","6225","天瀚","800324","41988041","46.35","55.40","46.35","55.40","5.0000","627"
"1150929","6226","光鼎","2182112","97224716","44.25","45.55","43.45","45.55","1.5500","1767"
"1150929","6230","尼得科超眾","39395","4462727","113.00","115.50","111.50","111.50","-1.5000","92"
"1150929","6235","華孚","229677","8938273","38.60","39.40","38.55","38.85","0.1500","254"
"1150929","6239","力成","6785487","1909973351","285.50","285.50","279.50","281.00","-6.0000","11442"
"1150929","6243","迅杰","362425","14234719","39.50","39.85","38.90","39.00","-0.5000","348"
"1150929","6257","矽格","6304390","1493099050","239.50","241.50","235.00","236.50","-6.5000","7701"
"1150929","6269","台郡","1825258","118694850","64.80","65.40","64.30","64.90","0.1000","1422"
"1150929","6271","同欣電","1230881","279885137","227.00","229.50","226.00","227.00","-2.0000","3611"
"1150929","6272","驊陞","140022","3538597","25.45","25.45","25.00","25.40","0.1000","95"
"1150929","6277","宏正","132823","10289354","77.40","78.50","76.60","76.70","-1.1000","559"
"1150929","6278","台表科","11298020","2447130847","209.00","221.50","209.00","216.00","4.0000","12057"
"1150929","6281","全國電","48633","2478403","51.00","51.20","50.80","51.20","0.2000","102"
"1150929","6282","康舒","2561775","109993201","42.75","43.35","42.55","42.80","-0.0500","2350"
"1150929","6283","淳安","60120","1139049","18.85","19.25","18.80","18.80","-0.0500","42"
"1150929","6285","啟碁","2760613","645865441","238.50","238.50","232.00","232.50","-5.5000","3424"
"1150929","6405","悅城","1486305","66105747","41.10","45.55","40.95","45.55","4.1000","950"
"1150929","6409","旭隼","225342","198582314","877.00","894.00","872.00","877.00","-2.0000","769"
"1150929","6412","群電","437674","32570237","74.30","75.20","73.80","74.10","-0.5000","482"
"1150929","6414","樺漢","3643742","1453934122","380.50","409.50","377.50","398.00","24.0000","5959"
"1150929","6415","矽力*-KY","3215719","1323647141","416.00","417.00","408.50","409.00","-16.5000","4022"
"1150929","6416","瑞祺電通","276356","32100416","116.00","118.00","115.00","116.00","-0.5000","429"
"1150929","6426","統新","3408026","1228761927","381.50","388.50","350.50","354.00","-35.0000","4639"
"1150929","6431","光麗-KY","40001","683967","17.20","17.55","17.00","17.55","0.4000","31"
"1150929","6438","迅得","1008689","163427175","157.00","164.00","156.00","162.00","4.5000","1631"
"1150929","6442","光聖","850892","1282528340","1530.00","1545.00","1490.00","1500.00","-30.0000","5072"
"1150929","6443","元晶","3356314","92455316","27.40","27.90","27.20","27.50","-0.7500","2395"
"1150929","6446","藥華藥","2230766","2649082330","1160.00","1200.00","1160.00","1195.00","40.0000","5548"
"1150929","6449","鈺邦","510332","105994538","211.00","211.00","205.00","205.50","-4.0000","960"
"1150929","6451","訊芯-KY","822428","342185482","410.00","422.50","408.50","416.50","4.5000","1340"
"1150929","6456","GIS-KY","18926798","1676209772","85.00","89.40","84.10","89.40","8.1000","8312"
"1150929","6464","台數科","19400","1478017","76.50","76.50","75.80","75.80","-1.2000","58"
"1150929","6472","保瑞","277944","117989477","425.50","428.50","422.00","422.50","1.0000","634"
"1150929","6477","安集","230701","7878974","34.00","34.35","34.00","34.10","0.1000","230"
"1150929","6491","晶碩","213667","86382608","402.00","406.00","399.50","406.00","4.0000","371"
"1150929","6504","南六","3094","115203","37.50","37.50","37.00","37.20","0.1500","11"
"1150929","6505","台塑化","40587920","3827737724","90.00","95.50","89.90","94.30","7.1000","31747"
"1150929","6515","穎崴","384513","2194365140","5720.00","5765.00","5650.00","5675.00","-175.0000","11665"
"1150929","6525","捷敏-KY","552653","74459156","133.50","137.50","132.50","133.50","0.0000","615"
"1150929","6526","達發","1776119","1448504969","825.00","833.00","800.00","814.00","-26.0000","4047"
"1150929","6531","愛普*","4705817","4403885223","980.00","980.00","916.00","929.00","-64.0000","11074"
"1150929","6533","晶心科","11054299","3182576865","272.50","303.50","268.00","303.50","27.5000","16121"
"1150929","6534","正瀚-創","13284","1197226","90.50","90.50","89.80","89.80","-0.7000","67"
"1150929","6541","泰福-KY","711417","21413112","30.15","30.55","29.95","29.95","-0.3500","442"
"1150929","6550","北極星藥業-KY","1596103","27840159","18.25","18.35","17.20","17.40","0.0000","1605"
"1150929","6552","易華電","59443","1478849","24.85","25.10","24.65","24.80","0.1500","65"
"1150929","6558","興能高","761437","19228561","24.70","25.65","24.70","25.40","0.9000","445"
"1150929","6573","虹揚-KY","77020","1220728","15.90","15.90","15.75","15.90","0.0000","69"
"1150929","6579","研揚","667432","105203455","153.50","160.50","153.00","157.50","4.0000","725"
"1150929","6581","鋼聯","11296","1222172","108.00","108.50","108.00","108.00","-0.5000","15"
"1150929","6582","申豐","74462","2307913","31.05","31.10","30.80","30.80","-0.2000","119"
"1150929","6585","鼎基","79882","8299660","104.50","105.00","103.00","103.50","-2.0000","189"
"1150929","6589","台康生技","355887","18279902","51.50","51.80","51.00","51.60","0.2000","327"
"1150929","6591","動力-KY","64009","2784450","44.10","44.20","43.20","43.20","-1.0000","114"
"1150929","6592","和潤企業","740809","42348689","57.40","57.60","56.90","56.90","-0.7000","1014"
"1150929","6592A","和潤企業甲特","155","14880","","","","","0.0000","2"
"1150929","6592B","和潤企業乙特","12076","1146884","95.00","95.50","94.60","95.50","0.0000","17"
"1150929","6598","ABC-KY","87846","2396811","27.30","27.60","27.15","27.20","-0.1000","127"
"1150929","6605","帝寶","177541","24467960","139.00","139.00","137.00","138.00","-0.5000","210"
"1150929","6606","建德工業","77626","1941444","25.45","25.45","24.70","24.75","-0.3500","51"
"1150929","6614","資拓宏宇","37754","1329731","35.50","35.50","35.10","35.15","-0.4500","48"
"1150929","6625","必應","115776","8536195","74.00","74.00","73.60","73.90","-0.1000","110"
"1150929","6641","基士德-KY","1000","16950","16.95","16.95","16.95","16.95","0.0000","1"
"1150929","6645","金萬林-創","53051","657517","12.50","12.90","12.00","12.50","0.0000","26"
"1150929","6655","科定","3010","374740","124.50","124.50","124.50","124.50","0.0000","5"
"1150929","6657","華安","76576","2502123","32.80","33.30","32.25","32.45","-0.3500","61"
"1150929","6658","聯策","206713","37301233","179.50","183.00","177.50","181.00","2.0000","276"
"1150929","6666","羅麗芬-KY","20185","917503","45.25","45.95","45.05","45.65","0.8000","24"
"1150929","6668","中揚光","1980484","95324333","47.00","49.45","46.85","47.65","0.1000","1986"
"1150929","6669","緯穎","1642771","3461500140","2105.00","2125.00","2085.00","2100.00","-15.0000","11533"
"1150929","6670","復盛應用","232821","64036190","273.00","277.00","273.00","273.00","0.0000","378"
"1150929","6671","三能-KY","9000","206600","23.10","23.10","22.80","22.85","0.0000","5"
"1150929","6672","騰輝電子-KY","8175142","2676727029","330.50","335.50","321.00","335.50","-2.0000","19177"
"1150929","6674","鋐寶科技","327304","5977853","18.35","18.35","18.25","18.25","-0.1000","118"
"1150929","6689","伊雲谷","131757","8484887","63.90","64.80","63.90","64.40","0.5000","188"
"1150929","6691","洋基工程","923010","603705037","657.00","665.00","645.00","654.00","-13.0000","3259"
"1150929","6695","芯鼎","1257413","67071622","50.70","54.50","50.30","54.10","4.2000","1160"
"1150929","6698","旭暉應材","241170","7834138","31.70","33.90","31.60","33.90","2.2000","255"
"1150929","6706","惠特","4511914","676045338","142.00","154.50","141.50","151.00","8.0000","4838"
"1150929","6715","嘉基","346088","157298169","460.00","468.50","442.00","452.00","-16.5000","931"
"1150929","6719","力智","432838","79993292","183.50","186.00","183.50","184.00","0.0000","1293"
"1150929","6722","輝創","15187","492323","32.40","32.65","32.30","32.30","-0.1500","22"
"1150929","6742","澤米","723913","39175904","53.30","55.00","53.30","54.20","-0.5000","711"
"1150929","6743","安普新","692999","21874960","30.60","32.35","30.60","31.10","0.5000","787"
"1150929","6753","龍德造船","206011","27333726","132.50","134.50","132.00","132.50","0.0000","282"
"1150929","6754","匯僑設計","11301","468724","41.50","41.55","41.40","41.40","-0.1000","17"
"1150929","6756","威鋒電子","79769","7849900","97.50","99.00","97.50","98.80","1.3000","105"
"1150929","6757","台灣虎航","346431","18454253","53.40","53.60","52.90","53.40","0.0000","447"
"1150929","6768","志強-KY","101164","6341606","62.80","63.30","62.30","62.50","-0.3000","95"
"1150929","6770","力積電","63341436","4574672433","71.10","72.90","70.60","72.30","0.3000","31692"
"1150929","6771","平和環保-創","20118","845170","42.20","42.50","41.70","41.80","-0.2000","19"
"1150929","6776","展碁國際","70436","3660223","51.80","52.10","51.70","51.90","-0.3000","56"
"1150929","6781","AES-KY","253538","257728840","1015.00","1025.00","1010.00","1010.00","5.0000","867"
"1150929","6782","視陽","129912","30394691","231.00","238.00","230.50","234.50","1.0000","533"
"1150929","6789","采鈺","922802","435580702","465.00","482.00","463.00","478.50","13.0000","1863"
"1150929","6790","永豐實","128761","4843755","37.70","37.75","37.55","37.60","-0.1000","120"
"1150929","6792","詠業","21104","1245304","59.00","59.20","58.90","58.90","0.1000","21"
"1150929","6794","向榮生技","36010","2575540","73.70","73.70","70.80","71.80","-1.1000","37"
"1150929","6796","晉弘","26423","1367600","52.00","52.00","51.40","51.70","0.3000","33"
"1150929","6799","來頡","744102","67647598","86.70","92.90","86.70","90.30","3.7000","1827"
"1150929","6805","富世達","1045620","2588910720","2455.00","2550.00","2420.00","2515.00","-15.0000","2748"
"1150929","6807","峰源-KY","13913","441803","31.75","32.10","31.50","31.90","0.0000","28"
"1150929","6830","汎銓","911857","489954155","539.00","548.00","532.00","533.00","-7.0000","1702"
"1150929","6831","邁科","786787","385486568","497.50","497.50","485.50","492.00","-5.5000","1277"
"1150929","6834","天二科技","2757804","312094522","114.00","116.00","111.50","112.50","-3.5000","2597"
"1150929","6835","圓裕","7241","226315","31.60","31.60","30.90","30.90","-0.4000","10"
"1150929","6838","台新藥","274766","7102683","25.50","26.25","25.45","25.65","0.1500","171"
"1150929","6854","錼創科技-KY創","88099","8062862","92.00","92.40","90.70","91.00","-0.4000","116"
"1150929","6861","睿生光電","2318339","653010150","271.00","288.00","270.50","285.00","5.5000","4817"
"1150929","6862","三集瑞-KY","40327","5582899","140.00","140.00","138.00","138.00","-1.0000","74"
"1150929","6863","永道-KY","35979","3466943","96.60","97.10","95.90","96.20","-1.1000","49"
"1150929","6869","雲豹能源","457988","32131783","69.50","71.50","68.80","70.90","1.4000","470"
"1150929","6873","泓德能源","133311","9036662","68.40","68.40","67.10","67.90","0.0000","129"
"1150929","6885","全福生技","1297844","40823309","31.00","32.30","30.70","31.00","-0.1500","964"
"1150929","6887","寶綠特-KY","17108","650943","37.75","38.90","37.55","38.10","-0.8500","18"
"1150929","6890","來億-KY","86198","12748627","146.50","149.50","146.50","147.00","0.5000","249"
"1150929","6901","鑽石投資","4821111","81788663","16.40","17.25","16.40","17.25","1.5500","2407"
"1150929","6902","GOGOLOOK","739617","123789134","173.00","175.00","162.00","162.50","-14.0000","964"
"1150929","6906","現觀科","27331","2273802","84.40","84.40","82.50","83.70","0.7000","61"
"1150929","6908","宏碁遊戲-創","262835","7125603","28.00","28.00","27.00","27.05","-2.9500","310"
"1150929","6909","創控","261738","11077282","41.95","42.70","41.95","41.95","0.4500","222"
"1150929","6914","阜爾運通","43637","5231422","120.50","120.50","119.50","119.50","-1.0000","140"
"1150929","6916","華凌","36717","687991","18.75","19.25","18.45","18.45","0.1500","46"
"1150929","6918","愛派司","277687","20805563","74.10","74.10","73.50","74.00","-0.2000","31"
"1150929","6919","康霈*","3299496","264216863","80.10","81.40","79.50","79.50","-0.6000","2917"
"1150929","6921","嘉雨思-創","27012","1797740","68.70","68.70","65.40","67.00","3.1000","15"
"1150929","6923","中台","57356","4315846","77.20","77.20","74.70","74.80","-1.1000","151"
"1150929","6924","榮惠-KY創","11462","1550251","136.00","137.00","134.00","135.00","1.0000","25"
"1150929","6928","攸泰科技","29926","1368333","45.50","46.30","45.45","45.50","0.1000","52"
"1150929","6931","青松健康","45371","1764904","39.90","39.90","38.75","38.75","0.0000","40"
"1150929","6933","AMAX-KY","4137444","1590946977","385.50","395.00","375.50","378.00","-7.0000","4890"
"1150929","6934","心誠鎂","42232","3142435","73.20","76.10","73.10","76.10","0.6000","27"
"1150929","6936","永鴻生技","3150","99877","31.70","31.70","31.70","31.70","0.0000","6"
"1150929","6937","天虹","1184738","365116321","300.50","314.00","299.50","308.00","7.5000","3430"
"1150929","6944","兆聯實業","674422","526865265","763.00","795.00","760.00","776.00","16.0000","2667"
"1150929","6947","台鎔科技","147551","10021524","67.10","69.00","67.00","67.20","0.0000","113"
"1150929","6949","沛爾生醫*-創","3077533","151913951","49.85","51.50","48.45","49.20","-1.1000","2462"
"1150929","6951","青新-創","28225","1954230","69.50","69.50","69.10","69.10","-0.1000","101"
"1150929","6952","大武山","19852","757903","38.00","38.80","38.00","38.80","0.3000","38"
"1150929","6955","邦睿生技-創","1008","96066","95.30","95.30","95.30","95.30","1.1000","3"
"1150929","6957","裕慶-KY","842520","276506353","334.50","337.50","307.50","337.50","30.5000","2179"
"1150929","6958","日盛台駿","35256","605205","17.45","17.45","17.05","17.05","-0.2500","68"
"1150929","6958A","日盛台駿甲特","1000","21850","21.85","21.85","21.85","21.85","0.1000","1"
"1150929","6962","奕力-KY","1348910","43006838","31.20","32.10","31.20","31.85","0.4000","854"
"1150929","6965","中傑-KY","84456","5521646","66.40","67.00","64.80","64.80","-2.3000","119"
"1150929","6969","成信實業*-創","163053","5035127","30.65","31.65","30.25","31.65","1.0000","120"
"1150929","6988","威力暘-創","143000","1643300","11.55","11.60","11.40","11.50","-0.2000","61"
"1150929","6994","富威電力","299424","7900644","26.50","26.65","26.10","26.60","-0.2000","250"
"1150929","7610","聯友金屬-創","565924","997036130","1790.00","1835.00","1730.00","1730.00","-100.0000","3948"
"1150929","7631","聚賢研發-創","20037","2765360","139.00","139.00","137.50","137.50","0.0000","28"
"1150929","7689","大鵬科CLMX","26406","4213379","158.50","161.00","158.50","158.50","0.0000","70"
"1150929","7705","三商餐飲","39583","1178303","29.90","29.90","29.75","29.75","-0.1500","71"
"1150929","7711","永擎","438674","239876068","540.00","553.00","537.00","546.00","4.0000","874"
"1150929","7721","微程式","33463","2071606","61.70","62.20","61.70","61.80","0.1000","41"
"1150929","7722","LINEPAY","53965","13935869","258.50","260.00","257.00","258.00","-2.0000","425"
"1150929","7730","暉盛-創","66534","11602379","173.00","176.00","172.50","174.50","2.5000","292"
"1150929","7732","金興精密","23025","759637","33.50","33.50","32.80","33.50","0.0000","10"
"1150929","7736","虎山","27095","1850636","68.30","68.50","68.20","68.20","-0.5000","23"
"1150929","7740","熙特爾-創","337585","35231409","107.00","108.00","102.00","102.00","-7.5000","385"
"1150929","7749","意騰-KY","226401","88162651","393.50","394.00","385.00","386.00","-9.5000","500"
"1150929","7750","新代","82412","161579675","1960.00","1980.00","1940.00","1960.00","-10.0000","680"
"1150929","7760","享溫馨","17030","561840","32.60","33.25","32.60","33.25","0.2500","15"
"1150929","7765","中華資安","111626","26442483","240.00","240.00","235.50","237.00","-4.0000","315"
"1150929","7768","頌勝科技","114668","34617956","304.50","307.50","297.00","304.00","-0.5000","727"
"1150929","7769","鴻勁","992836","5606292175","5605.00","5795.00","5570.00","5585.00","-85.0000","13684"
"1150929","7780","大研生醫*","450257","7235257","16.05","16.20","16.00","16.05","0.0000","277"
"1150929","7786","東方風能","110073","12986655","118.00","120.50","116.50","118.50","0.5000","112"
"1150929","7788","松川精密","928026","270490911","290.50","296.00","287.00","287.50","-2.0000","1700"
"1150929","7791","皇家可口","41945","2314044","55.10","55.40","55.00","55.40","-0.4000","60"
"1150929","7795","長廣","517331","255332517","480.00","502.00","480.00","496.00","5.5000","844"
"1150929","7799","禾榮科","621797","308886615","496.00","510.00","490.00","490.50","-7.5000","1340"
"1150929","7803","雲象科技-創","52156","929008","18.00","18.00","17.60","17.75","-0.2500","40"
"1150929","7812","稜研科技*-創","64523","4503505","70.40","70.80","69.10","69.40","-0.4000","93"
"1150929","7818","溢泰實業","54677","3259486","59.90","59.90","59.40","59.90","0.0000","85"
"1150929","7821","神數","176922","6405979","36.40","36.60","36.05","36.10","-0.6500","195"
"1150929","7822","倍利科","361243","349931150","930.00","986.00","925.00","976.00","56.0000","3816"
"1150929","7823","奧義賽博-KY創","39162","3169393","81.50","81.50","80.00","80.00","-1.0000","24"
"1150929","7827","漢康-KY創","407175","66542991","161.00","167.00","158.00","163.50","1.0000","322"
"1150929","7835","永悅健康-創","44054","880021","20.00","20.00","19.90","20.00","0.0000","21"
"1150929","7855","和運租車","867500","36064747","41.85","41.85","41.50","41.50","-0.3500","636"
"1150929","8011","台通","169654","2686268","15.90","16.00","15.75","15.80","-0.1000","210"
"1150929","8016","矽創","334696","95244142","284.00","286.00","282.50","285.00","1.5000","527"
"1150929","8021","尖點","755727","360048527","475.50","481.50","470.00","480.00","0.0000","2036"
"1150929","8028","昇陽半導體","18892813","5387882281","270.50","295.50","269.50","289.00","20.0000","27233"
"1150929","8033","雷虎","1566222","266867437","168.50","173.00","168.50","169.00","0.5000","2008"
"1150929","8039","台虹","14052899","3760015064","257.50","273.50","256.50","273.50","15.0000","14626"
"1150929","8045","達運光電","85861","4619873","53.60","54.50","53.20","53.40","0.1000","85"
"1150929","8046","南電","9218794","11492652550","1210.00","1280.00","1200.00","1270.00","30.0000","17095"
"1150929","8070","長華*","667296","33166257","49.75","50.00","49.40","49.70","0.0000","955"
"1150929","8072","陞泰","148699","4139351","28.35","28.35","27.70","27.80","-0.5500","306"
"1150929","8081","致新","360523","92082550","254.00","257.00","253.00","255.50","1.5000","483"
"1150929","8101","華冠","6828","73993","10.95","11.00","10.70","10.70","-0.2500","18"
"1150929","8103","瀚荃","3898756","464530415","122.50","122.50","117.00","117.00","-6.0000","3590"
"1150929","8104","錸寶","414116","13023141","31.10","31.70","31.00","31.40","0.3500","362"
"1150929","8105","凌巨","988490","14713786","14.90","15.00","14.70","14.90","0.0500","477"
"1150929","8110","華東","4399510","213095541","48.50","48.90","48.00","48.40","-0.6000","3084"
"1150929","8112","至上","3568622","296211505","83.50","83.60","82.60","82.70","-0.8000","3529"
"1150929","8112A","至上甲特","15732","719240","45.75","45.75","45.70","45.75","-0.1000","15"
"1150929","8114","振樺電","213036","38220269","177.50","181.00","177.50","179.00","1.5000","299"
"1150929","8131","福懋科","607921","37379801","61.40","61.80","60.90","61.60","0.2000","612"
"1150929","8150","南茂","53281367","5692988965","112.00","112.00","104.50","104.50","-7.5000","36586"
"1150929","8162","微矽電子-創","412662","27013375","65.60","66.50","64.50","65.40","0.3000","589"
"1150929","8163","達方","385982","11608164","30.20","30.30","29.80","30.15","0.1000","339"
"1150929","8201","無敵","843746","12317382","14.60","14.60","14.20","14.60","1.3000","327"
"1150929","8210","勤誠","1137156","1002390547","894.00","894.00","876.00","877.00","-20.0000","5510"
"1150929","8213","志超","529799","17417309","33.10","33.10","32.80","32.80","-0.3000","230"
"1150929","8215","明基材","1185197","33269449","27.85","28.40","27.60","28.00","0.1000","911"
"1150929","8222","寶一","101144","3580160","35.25","35.60","35.25","35.30","0.1500","110"
"1150929","8249","菱光","384513","14906930","39.30","39.65","38.05","39.05","-0.3000","259"
"1150929","8261","富鼎","1003785","178031703","174.50","181.50","174.50","176.50","0.5000","1183"
"1150929","8271","宇瞻","564200","112897167","200.00","201.50","199.00","199.50","-0.5000","794"
"1150929","8341","日友","101431","7553639","74.50","74.60","74.30","74.30","-0.2000","344"
"1150929","8367","建新國際","7068","283892","40.60","40.60","40.05","40.05","-0.5500","14"
"1150929","8374","羅昇","105764","8037497","75.40","76.70","75.40","76.00","0.7000","141"
"1150929","8404","百和興業-KY","378530","5038741","13.60","13.60","13.15","13.15","-0.4000","275"
"1150929","8411","福貞-KY","435221","5120773","11.90","11.95","11.65","11.90","-0.2000","160"
"1150929","8422","可寧衛*","2697535","68970484","25.75","25.75","25.45","25.50","-0.0500","1702"
"1150929","8429","金麗-KY","149803","877053","5.85","5.88","5.82","5.85","-0.0400","118"
"1150929","8438","昶昕","682528","55141134","76.90","83.40","76.60","80.00","3.4000","1054"
"1150929","8442","威宏-KY","39185","1742602","44.55","44.80","44.05","44.80","0.3500","32"
"1150929","8443","阿瘦","3566","39691","11.10","11.15","11.10","11.15","-0.0500","35"
"1150929","8454","富邦媒","339721","80852963","239.00","240.00","236.00","236.00","-3.0000","920"
"1150929","8462","柏文","55925","8784294","158.00","158.00","156.50","157.00","-1.0000","105"
"1150929","8463","潤泰材","101166","2122104","21.00","21.10","20.90","20.95","-0.2500","64"
"1150929","8464","億豐","525038","195838725","372.50","375.00","371.00","372.50","0.0000","475"
"1150929","8466","美吉吉-KY","33002","512330","16.10","16.10","15.25","15.25","-0.3500","30"
"1150929","8467","波力-KY","5340","471900","89.00","89.00","88.00","88.00","-1.0000","7"
"1150929","8473","山林水","286371","11330904","39.40","39.80","39.25","39.50","0.1000","323"
"1150929","8476","台境*","247315","4941849","19.50","20.35","19.50","19.85","0.3500","171"
"1150929","8478","東哥遊艇","48714","6790715","139.50","140.00","139.00","139.00","-0.5000","86"
"1150929","8481","政伸","23000","936600","40.80","40.80","40.60","40.70","-0.2500","12"
"1150929","8482","商億-KY","1000","47050","47.05","47.05","47.05","47.05","0.0000","1"
"1150929","8487","愛爾達-創","15023","1054713","70.30","70.40","70.00","70.40","-0.7000","34"
"1150929","8488","吉源-KY","8000","78410","9.80","9.81","9.80","9.80","-0.0500","5"
"1150929","8499","鼎炫-KY","17191","4401388","254.50","258.00","254.50","257.00","2.5000","35"
"1150929","8926","台汽電","1273804","74668831","59.20","59.20","58.30","58.30","-0.5000","1096"
"1150929","8940","新天地","13923","209173","15.10","15.10","15.00","15.00","0.0000","34"
"1150929","8996","高力","5083158","7976371390","1505.00","1625.00","1480.00","1585.00","55.0000","7992"
"1150929","9103","美德醫療-DR","524463","2613871","4.97","5.01","4.96","4.96","-0.0100","142"
"1150929","910322","康師傅-DR","1291","30216","23.45","23.45","23.45","23.45","0.1000","10"
"1150929","9105","泰金寶-DR","22593426","193126289","8.42","8.72","8.38","8.66","0.2300","4489"
"1150929","910861","神州-DR","137019","639255","4.65","4.71","4.62","4.71","0.0900","44"
"1150929","9110","越南控-DR","13000","35760","2.91","2.91","2.57","2.85","0.0300","9"
"1150929","911608","明輝-DR","6178","16476","2.62","2.71","2.62","2.70","0.0300","132"
"1150929","911622","泰聚亨-DR","6000","21520","3.59","3.60","3.58","3.60","0.0100","5"
"1150929","911868","同方友友-DR","88521","102036","1.16","1.16","1.15","1.16","0.0100","44"
"1150929","912000","晨訊科-DR","298000","742580","2.52","2.52","2.47","2.49","-0.0200","57"
"1150929","9136","巨騰-DR","331515","3018547","9.19","9.30","9.05","9.13","-0.0600","130"
"1150929","9802","鈺齊-KY","372962","24047727","64.00","64.90","63.90","64.70","1.0000","378"
"1150929","9902","台火","106715","1404661","13.30","13.30","13.05","13.05","-0.1500","158"
"1150929","9904","寶成","8331264","207424053","25.00","25.00","24.80","24.80","-0.1500","2763"
"1150929","9905","大華","62421","1324554","21.20","21.25","21.20","21.20","0.0000","49"
"1150929","9906","欣巴巴","54943","2208469","39.55","41.70","39.30","39.30","-0.3000","59"
"1150929","9907","統一實","2608962","38461525","14.85","14.90","14.70","14.70","-0.1500","1533"
"1150929","9908","大台北","105882","3063945","28.95","29.00","28.90","28.90","-0.0500","128"
"1150929","9910","豐泰","691928","47991886","69.60","70.50","68.90","69.10","-0.3000","1034"
"1150929","9911","櫻花","196240","16014568","81.70","81.90","81.30","81.60","0.2000","255"
"1150929","9912","偉聯","12357","159117","12.80","12.95","12.80","12.95","0.0500","70"
"1150929","9914","美利達","1913117","129050750","66.60","68.50","66.60","67.10","0.4000","1539"
"1150929","9917","中保科","337338","35706390","106.00","106.50","105.50","105.50","-0.5000","491"
"1150929","9918","欣天然","14677","624864","42.45","42.95","42.35","42.50","-0.2000","62"
"1150929","9919","康那香","725134","9891033","13.80","13.80","13.50","13.70","-0.1500","480"
"1150929","9921","巨大","1580527","149495078","91.50","95.80","91.50","94.10","3.5000","1756"
"1150929","9924","福興","51682","1955830","37.85","38.00","37.75","37.75","-0.0500","125"
"1150929","9925","新保","581438","22999974","39.65","39.70","39.45","39.45","-0.2000","332"
"1150929","9926","新海","12055","589185","49.00","49.00","48.80","48.80","-0.1000","14"
"1150929","9927","泰銘","448407","31320660","70.20","70.20","69.50","69.90","-0.3000","455"
"1150929","9928","中視","62990","1120943","17.75","17.90","17.60","17.80","0.2500","48"
"1150929","9929","秋雨","6694","73199","11.00","11.00","10.90","10.90","0.0000","13"
"1150929","9930","中聯資源","99688","6014099","60.50","60.60","60.20","60.20","-0.2000","167"
"1150929","9931","欣高","22798","769996","33.80","33.80","33.70","33.70","-0.1000","30"
"1150929","9933","中鼎","1752598","71142001","40.95","41.30","40.35","40.35","-0.6500","4003"
"1150929","9934","成霖","352758","3479017","9.84","9.91","9.81","9.85","0.0100","200"
"1150929","9935","慶豐富","209319","3810413","18.25","18.30","18.10","18.20","-0.0500","132"
"1150929","9937","全國","30473","1649904","54.20","54.20","54.10","54.10","-0.1000","25"
"1150929","9938","百和","511066","19482815","38.10","38.30","37.95","38.20","0.1500","493"
"1150929","9939","宏全","401073","50068126","124.50","125.50","124.50","124.50","0.0000","509"
"1150929","9940","信義","417812","8362676","20.05","20.15","19.90","19.90","-0.1500","247"
"1150929","9941","裕融","1151910","90775160","79.70","79.70","78.30","78.30","-0.9000","1788"
"1150929","9941A","裕融甲特","3000","146500","48.85","48.85","48.80","48.80","-0.0500","2"
"1150929","9942","茂順","115960","13264022","114.00","115.00","113.00","113.00","-1.0000","98"
"1150929","9943","好樂迪","80614","4047246","50.50","50.50","50.10","50.20","-0.3000","158"
"1150929","9944","新麗","32754","563448","17.25","17.25","17.10","17.10","-0.1500","37"
"1150929","9945","潤泰新","7370448","216131919","29.65","29.85","29.05","29.05","-0.8500","4261"
"1150929","9946","三發地產","232370","3927454","17.00","17.05","16.80","16.85","-0.2500","154"
"1150929","9955","佳龍","378978","8586818","23.00","23.00","22.00","22.70","-0.3000","1014"
"1150929","9958","世紀鋼","596425","55102640","91.70","92.80","91.70","92.10","-0.1000","1687"
