資料日期,代號,名稱,收盤,漲跌,開盤,最高,最低,成交股數,成交金額,成交筆數,最後買價,最後賣價,發行股數,次日漲停價,次日跌停價
"1151002","00411A","主動統一前沿科技","10.71","-0.04","10.79","10.79","10.68","9894000","106005190","1706","10.70","10.71","409576000","9999.95","0.01"
"1151002","00679B","元大美債20年","24.61","-0.03","24.60","24.63","24.57","24784000","609548490","2747","24.60","24.61","6215192000","9999.95","0.01"
"1151002","00687B","國泰20年美債","25.56","-0.04","25.54","25.58","25.53","26931000","688092230","1940","25.55","25.56","4296380380","9999.95","0.01"
"1151002","00687C","國泰20年美債+櫃U","8.64","0.00","8.64","8.64","8.64","25000","216000","2","8.62","8.64","1942268","9999.95","0.01"
"1151002","00694B","富邦美債1-3","41.84","+0.06","41.78","41.85","41.62","2146000","89745480","38","41.83","41.84","30076000","9999.95","0.01"
"1151002","00695B","富邦美債7-10","33.79","+0.10","33.70","33.80","33.70","299000","10089790","21","33.77","33.79","42686000","9999.95","0.01"
"1151002","00696B","富邦美債20年","26.81","-0.03","26.81","26.83","26.78","7817000","209498590","153","26.80","26.81","628681000","9999.95","0.01"
"1151002","00697B","元大美債7-10","34.03","+0.08","33.99","34.05","33.98","318000","10811480","80","34.03","34.06","67712000","9999.95","0.01"
"1151002","00719B","元大美債1-3","31.13","+0.07","31.10","31.13","31.08","1521000","47316890","345","31.12","31.13","319514000","9999.95","0.01"
"1151002","00720B","元大投資級公司債","30.69","-0.07","30.72","30.73","30.65","6092000","186915410","1321","30.68","30.69","4067109000","9999.95","0.01"
"1151002","00722B","群益投資級電信債","32.99","-0.08","33.05","33.05","32.96","2796000","92256910","256","32.99","33.00","1463239000","9999.95","0.01"
"1151002","00723B","群益投資級科技債","28.23","-0.03","28.18","28.23","28.18","154000","4344830","8","28.22","28.24","1520583000","9999.95","0.01"
"1151002","00724B","群益投資級金融債","31.49","-0.05","31.46","31.52","31.43","3783000","119113130","129","31.48","31.49","3059775000","9999.95","0.01"
"1151002","00725B","國泰投資級公司債","32.74","-0.06","32.76","32.78","32.71","3301000","108063700","650","32.73","32.74","3743706000","9999.95","0.01"
"1151002","00726B","國泰新興投等債","31.05","-0.03","31.08","31.09","31.00","454000","14092160","33","31.04","31.05","1186989000","9999.95","0.01"
"1151002","00727B","國泰優選非投等債","38.89","-0.04","38.85","38.93","38.83","163000","6338190","17","38.88","38.90","57189000","9999.95","0.01"
"1151002","00734B","台新JPM新興債","14.76","-0.05","14.85","14.85","14.76","221000","3270060","9","14.78","14.80","24979000","9999.95","0.01"
"1151002","00740B","富邦全球投等債","35.82","-0.03","35.85","35.85","35.77","3619000","129596170","539","35.81","35.82","2241471000","9999.95","0.01"
"1151002","00741B","富邦全球非投等債","36.62","-0.09","36.62","36.65","36.62","114000","4175750","9","36.59","36.63","13128000","9999.95","0.01"
"1151002","00746B","富邦A級公司債","33.22","-0.01","33.21","33.23","33.16","1031000","34227540","24","33.20","33.22","2551964000","9999.95","0.01"
"1151002","00749B","凱基新興債10+","29.37","-0.29","29.34","29.37","29.34","101000","2966340","3","29.35","29.38","1110500000","9999.95","0.01"
"1151002","00750B","凱基科技債10+","30.58","-0.10","30.57","30.61","30.56","114000","3486060","8","30.55","30.58","148000000","9999.95","0.01"
"1151002","00751B","元大AAA至A公司債","28.76","-0.06","28.80","28.80","28.73","6069000","174472580","1326","28.75","28.76","5241603000","9999.95","0.01"
"1151002","00754B","群益AAA-AA公司債","30.21","-0.05","30.18","30.25","30.18","293000","8849590","21","30.18","30.21","1303900000","9999.95","0.01"
"1151002","00755B","群益投資級公用債","30.25","-0.11","30.25","30.26","30.24","454000","13734690","23","30.25","30.26","296230000","9999.95","0.01"
"1151002","00756B","群益投等新興公債","28.71","-0.18","28.72","28.73","28.68","413000","11854130","91","28.70","28.71","1334800000","9999.95","0.01"
"1151002","00758B","復華能源債","48.23","+0.05","48.23","48.23","48.23","100000","4823000","2","48.01","48.25","5525000","9999.95","0.01"
"1151002","00759B","復華製藥債","50.65","0.00","50.65","50.65","50.65","100000","5065000","2","50.50","50.60","47525000","9999.95","0.01"
"1151002","00760B","復華新興企業債","50.00","-0.35","49.91","50.00","49.87","108000","5389270","8","49.80","50.00","435020000","9999.95","0.01"
"1151002","00761B","國泰A級公司債","31.81","-0.03","31.82","31.82","31.78","493000","15682920","37","31.80","31.81","2735089000","9999.95","0.01"
"1151002","00764B","群益25年美債","25.50","-0.03","25.49","25.53","25.47","3494000","89093170","108","25.49","25.51","1550500000","9999.95","0.01"
"1151002","00768B","復華20年美債","45.77","-0.09","45.73","45.80","45.68","447000","20450380","58","45.76","45.77","791100000","9999.95","0.01"
"1151002","00772B","中信高評級公司債","31.06","-0.05","31.01","31.07","31.01","2615000","81178490","397","31.05","31.06","3368290000","9999.95","0.01"
"1151002","00773B","中信優先金融債","33.26","-0.03","33.23","33.28","33.21","1495000","49701520","91","33.25","33.26","2596790000","9999.95","0.01"
"1151002","00777B","凱基AAA至A公司債","29.98","-0.07","29.94","29.98","29.85","120000","3596640","11","29.95","29.98","2140150000","9999.95","0.01"
"1151002","00778B","凱基金融債20+","31.62","-0.12","31.62","31.62","31.62","100000","3162000","2","31.61","31.65","1522150000","9999.95","0.01"
"1151002","00779B","凱基美債25+","25.71","-0.04","25.69","25.71","25.68","345000","8868810","10","25.70","25.72","1298650000","9999.95","0.01"
"1151002","00780B","國泰A級金融債","35.40","+0.03","35.90","35.90","35.40","114000","4042110","6","35.39","35.40","249102000","9999.95","0.01"
"1151002","00781B","國泰A級科技債","25.69","+0.01","25.66","25.69","25.63","135000","3463720","19","25.66","25.67","9336000","9999.95","0.01"
"1151002","00782B","國泰A級公用債","28.27","0.00","28.25","28.28","28.21","199000","5620850","22","28.26","28.27","21467000","9999.95","0.01"
"1151002","00785B","富邦金融投等債","32.77","+0.06","32.40","32.78","32.40","130000","4257510","8","32.74","32.79","1063466000","9999.95","0.01"
"1151002","00786B","元大10年IG銀行債","30.53","-0.01","30.49","30.54","30.47","212000","6464870","24","30.51","30.54","19566000","9999.95","0.01"
"1151002","00787B","元大10年IG醫療債","30.19","-0.02","30.18","30.19","30.18","5000","150940","3","30.19","30.21","11306000","9999.95","0.01"
"1151002","00788B","元大10年IG電能債","27.99","+0.01","28.05","28.05","27.98","22000","616110","8","27.97","28.03","24706000","9999.95","0.01"
"1151002","00789B","復華公司債A3","44.30","-0.06","44.27","44.30","44.17","181000","8013520","17","44.25","44.32","455600000","9999.95","0.01"
"1151002","00791B","復華信用債1-5","56.45","+0.05","56.45","56.45","56.45","100000","5645000","2","56.40","56.45","281100000","9999.95","0.01"
"1151002","00792B","群益A級公司債","28.97","-0.09","28.97","29.02","28.96","149000","4318580","16","28.97","29.01","2317615000","9999.95","0.01"
"1151002","00795B","中信美國公債20年","24.72","-0.02","24.70","24.74","24.68","12194000","301354940","496","24.71","24.72","1533598000","9999.95","0.01"
"1151002","00799B","國泰A級醫療債","27.42","-0.03","27.41","27.42","27.34","199000","5452280","26","27.40","27.42","26036000","9999.95","0.01"
"1151002","00834B","第一金金融債10+","31.94","-0.04","31.89","31.94","31.89","150000","4789200","7","31.94","31.96","23198000","9999.95","0.01"
"1151002","00836B","永豐10年A公司債","26.39","+0.06","26.32","26.39","26.32","4000","105350","4","26.33","26.38","665541000","9999.95","0.01"
"1151002","00840B","凱基IG精選15+","27.54","-0.07","27.54","27.54","27.54","100000","2754000","2","27.49","27.51","59431000","9999.95","0.01"
"1151002","00841B","凱基AAA-AA公司債","26.26","-0.14","26.26","26.27","26.24","136000","3572440","13","26.24","26.34","70440000","9999.95","0.01"
"1151002","00842B","台新美元銀行債","28.14","-0.04","28.13","28.15","28.12","348000","9792870","54","28.14","28.15","22767000","9999.95","0.01"
"1151002","00844B","台新15年IG金融債","29.12","-0.13","29.15","29.16","29.12","172000","5011950","10","29.08","29.13","213175000","9999.95","0.01"
"1151002","00845B","富邦新興投等債","31.35","-0.12","31.36","31.36","31.35","125000","3919000","3","31.33","31.35","237051000","9999.95","0.01"
"1151002","00846B","富邦歐洲銀行債","34.10","-0.01","33.92","34.10","33.92","106000","3613320","8","34.08","34.13","74350000","9999.95","0.01"
"1151002","00847B","中信美國市政債","23.30","+0.04","23.30","23.33","23.25","259000","6034570","34","23.27","23.30","3805000","9999.95","0.01"
"1151002","00848B","中信新興亞洲債","32.23","-0.17","32.27","32.30","32.19","218000","7028450","9","32.23","32.26","136066000","9999.95","0.01"
"1151002","00849B","中信EM主權債0-5","37.34","+0.07","37.34","37.37","37.26","210000","7840490","9","37.28","37.36","485606000","9999.95","0.01"
"1151002","00853B","統一美債10年Aa-A","25.42","-0.03","25.43","25.43","25.39","1053000","26761560","42","25.39","25.42","178134000","9999.95","0.01"
"1151002","00856B","永豐1-3年美公債","37.26","+0.07","37.21","37.31","37.21","277000","10327760","20","37.20","37.26","6792000","9999.95","0.01"
"1151002","00857B","永豐20年美公債","21.26","-0.02","21.26","21.26","21.21","2143000","45493270","115","21.25","21.26","600768000","9999.95","0.01"
"1151002","00858","永豐美國500大","36.25","-0.03","36.25","36.32","36.12","233000","8431100","78","36.24","36.25","117874000","9999.95","0.01"
"1151002","00859B","群益0-1年美債","40.80","0.00","40.73","40.82","40.73","3026000","123453600","138","40.79","40.80","36011000","9999.95","0.01"
"1151002","00860B","群益1-5Y投資級債","37.83","-0.01","37.76","37.84","37.76","160000","6050090","11","37.81","37.83","2671000","9999.95","0.01"
"1151002","00862B","中信投資級公司債","29.09","-0.06","29.06","29.10","29.04","407000","11834890","22","29.08","29.09","888881000","9999.95","0.01"
"1151002","00863B","中信全球電信債","29.34","+0.02","29.29","29.34","29.29","256000","7509790","8","29.28","29.32","514464000","9999.95","0.01"
"1151002","00864B","中信美國公債0-1","46.35","+0.04","46.31","46.38","46.28","857000","39716960","180","46.35","46.36","113722000","9999.95","0.01"
"1151002","00867B","台新A-BBB電信債","28.40","-0.03","28.40","28.42","28.40","120000","3409200","6","28.44","28.48","565150000","9999.95","0.01"
"1151002","00870B","元大15年EM主權債","25.98","-0.03","25.83","25.98","25.83","191000","4950600","12","25.98","26.00","564151000","9999.95","0.01"
"1151002","00877","復華中國5G","34.84","-0.31","35.15","35.15","34.82","1538000","53685880","773","34.84","34.85","171288000","9999.95","0.01"
"1151002","00884B","中信低碳新興債","27.14","-0.22","27.17","27.17","27.14","214000","5809350","9","27.10","27.15","75440000","9999.95","0.01"
"1151002","00886","永豐美國科技","49.67","-0.03","49.78","49.78","49.67","21000","1043180","3","49.48","49.70","4451000","9999.95","0.01"
"1151002","00887","永豐中國科技50大","15.00","-0.20","15.19","15.19","15.00","3533000","53120500","1219","15.00","15.02","460351000","9999.95","0.01"
"1151002","00888","永豐台灣ESG","36.67","+0.08","36.53","36.70","36.42","11220000","410117790","2292","36.67","36.68","624478000","40.33","33.01"
"1151002","00890B","凱基ESG BBB債15+","29.91","-0.04","29.89","29.91","29.89","104000","3110560","5","29.94","30.01","18264000","9999.95","0.01"
"1151002","00928","中信上櫃ESG 30","34.51","+0.94","33.73","34.51","33.73","1138000","39014130","386","34.51","34.54","44356000","37.96","31.06"
"1151002","00931B","統一美債20年","12.42","-0.04","12.43","12.45","12.42","3008000","37383070","288","12.42","12.44","2247398000","9999.95","0.01"
"1151002","00933B","國泰10Y+金融債","14.92","-0.03","14.94","14.94","14.90","10009000","149290790","1610","14.91","14.92","6846958000","9999.95","0.01"
"1151002","00937B","群益ESG投等債20+","13.69","-0.05","13.69","13.70","13.66","54167000","740725260","8905","13.68","13.69","17281805000","9999.95","0.01"
"1151002","00942B","台新美A公司債20+","13.13","-0.01","13.12","13.13","13.11","2647000","34723500","108","13.12","13.13","2073959000","9999.95","0.01"
"1151002","00948B","中信優息投資級債","8.77","-0.01","8.76","8.77","8.74","4443000","38886480","396","8.76","8.77","4275427000","9999.95","0.01"
"1151002","00950B","凱基A級公司債","13.12","-0.01","13.11","13.13","13.10","3637000","47685230","238","13.11","13.12","4110809000","9999.95","0.01"
"1151002","00955","中信日本商社","15.86","-0.11","15.95","15.96","15.81","1670000","26481330","505","15.86","15.87","482431000","9999.95","0.01"
"1151002","00957B","兆豐US優選投等債","12.42","-0.01","12.40","12.42","12.39","219000","2717240","25","12.41","12.42","188263000","9999.95","0.01"
"1151002","00958B","永豐ESG銀行債15+","8.60","-0.02","8.60","8.60","8.59","1601000","13761130","53","8.59","8.60","118771000","9999.95","0.01"
"1151002","00959B","大華投等美債15Y+","8.72","-0.03","8.72","8.73","8.70","2192000","19097590","392","8.71","8.72","510836000","9999.95","0.01"
"1151002","00966B","統一ESG投等債15+","12.96","-0.01","12.96","12.97","12.94","828000","10723920","47","12.95","12.96","116232000","9999.95","0.01"
"1151002","00967B","元大優息美債","8.51","0.00","8.66","8.66","8.48","789000","6700500","40","8.50","8.51","181407000","9999.95","0.01"
"1151002","00968B","元大優息投等債","8.60","-0.03","8.63","8.63","8.60","1496000","12877690","191","8.60","8.61","796511000","9999.95","0.01"
"1151002","00969B","元大零息超長美債","7.38","-0.02","7.40","7.40","7.35","661000","4864650","69","7.37","7.38","145133000","9999.95","0.01"
"1151002","00970B","台新BBB投等債20+","8.67","-0.02","8.67","8.68","8.65","1901000","16465960","174","8.66","8.67","391229000","9999.95","0.01"
"1151002","00980B","台新特選IG債10+","8.79","-0.02","8.79","8.80","8.78","232000","2039270","12","8.78","8.80","54569000","9999.95","0.01"
"1151002","00980D","主動聯博投等入息","19.44","-0.03","19.47","19.47","19.43","219000","4257360","67","19.43","19.44","100457000","9999.95","0.01"
"1151002","00980T","平衡凱基美國TOP","12.11","-0.06","12.14","12.14","12.08","33000","399210","7","12.11","12.13","74918000","9999.95","0.01"
"1151002","00981B","第一金優選非投債","8.96","-0.01","8.96","8.97","8.95","8129000","72780940","1013","8.95","8.96","1590613000","9999.95","0.01"
"1151002","00981D","主動中信非投等債","10.11","0.00","10.10","10.11","10.09","2791000","28172580","266","10.10","10.11","520300000","9999.95","0.01"
"1151002","00982B","FT投資級債20+","9.02","-0.02","9.02","9.02","9.02","36000","324720","1","9.03","9.06","24900000","9999.95","0.01"
"1151002","00983B","大華優利美公債20","14.41","-0.01","14.40","14.41","14.38","273000","3927570","11","14.41","14.42","25153000","9999.95","0.01"
"1151002","00984B","大華優利美A債15","15.13","-0.02","15.15","15.15","15.10","1473000","22261190","80","15.12","15.13","118933000","9999.95","0.01"
"1151002","00985D","主動貝萊德優投等","9.44","-0.01","9.45","9.45","9.43","970000","9155850","136","9.44","9.45","111732000","9999.95","0.01"
"1151002","00986B","FT金融債10+","9.19","+0.04","9.21","9.22","9.19","88000","810430","6","9.17","9.21","20762000","9999.95","0.01"
"1151002","00986D","主動復華金融債息","13.88","0.00","13.87","13.89","13.86","621000","8615320","73","13.88","13.89","143177000","9999.95","0.01"
"1151002","00987B","野村10+澳洲公債","15.21","0.00","15.20","15.23","15.14","1203000","18251990","63","15.20","15.21","76327000","9999.95","0.01"
"1151002","00987D","主動統一美債量化","9.46","-0.02","9.46","9.46","9.45","881000","8326020","44","9.45","9.46","93023000","9999.95","0.01"
"1151002","00988B","玉山嚴選非投債","19.06","-0.05","19.08","19.08","19.04","1006000","19169510","261","19.05","19.06","161333000","9999.95","0.01"
"1151002","00989B","台新美國非投等債","9.82","-0.04","9.83","9.85","9.81","5275000","51805190","413","9.82","9.83","113952000","9999.95","0.01"
"1151002","00990B","國泰收益非投等債","9.83","+0.01","9.83","9.83","9.81","1739000","17081850","283","9.82","9.83","97350000","9999.95","0.01"
"1151002","00998A","主動復華金融股息","16.24","-0.34","16.33","16.33","16.24","15978000","260019140","5073","16.24","16.26","333609000","9999.95","0.01"
"1151002","1240","茂生農經","54.00","-0.10","54.10","54.10","54.00","10000","540300","7","53.90","54.10","46443992","59.40","48.60"
"1151002","1259","安心","68.00","0.00","68.00","68.40","68.00","3000","204400","3","66.40","68.00","32389500","74.80","61.20"
"1151002","1264","德麥","245.00","0.00","244.50","246.00","244.00","13000","3189000","13","245.00","246.00","37052367","269.50","220.50"
"1151002","1268","漢來美食","177.50","0.00","178.50","178.50","177.00","16000","2839000","15","177.00","177.50","42223730","195.00","160.00"
"1151002","1294","漢田生技","49.75","-0.45","49.30","49.75","49.30","15000","744700","12","49.90","50.00","36625875","54.70","44.80"
"1151002","1295","生合","48.70","+0.90","48.20","49.15","48.20","70000","3412500","59","48.70","48.75","37599800","53.50","43.85"
"1151002","1336","台翰","18.05","-0.25","18.15","18.50","18.05","326000","5935250","194","18.05","18.10","77614419","19.85","16.25"
"1151002","1565","精華","97.20","+0.50","96.70","97.90","96.70","136000","13221500","105","97.20","97.40","50416516","106.50","87.50"
"1151002","1569","濱川","66.50","+2.70","64.00","68.60","63.10","7021000","464097700","3768","66.50","66.70","144247441","73.10","59.90"
"1151002","1570","力肯","32.90","+0.65","32.05","32.90","32.05","65000","2096200","37","32.65","32.90","51500839","36.15","29.65"
"1151002","1580","新麥","97.20","-0.20","97.10","97.30","97.10","17000","1652200","17","97.20","97.40","49339242","106.50","87.50"
"1151002","1584","精剛","18.60","0.00","18.65","18.70","18.45","255000","4733800","159","18.60","18.65","232470533","20.45","16.75"
"1151002","1586","和勤","17.90","0.00","17.90","17.95","17.75","237000","4235350","131","17.80","17.90","129500467","19.65","16.15"
"1151002","1591","駿吉-KY","41.25","-0.15","41.40","42.00","41.05","120000","4967200","94","41.25","41.30","38048047","45.35","37.15"
"1151002","1593","祺驊","31.70","0.00","31.70","31.80","31.65","16000","507200","13","31.60","31.75","39784772","34.85","28.55"
"1151002","1595","川寶","79.30","-4.00","83.10","83.20","79.00","2199000","176598000","1611","79.30","79.40","57724656","87.20","71.40"
"1151002","1599","宏佳騰","23.20","+0.10","23.20","23.20","22.95","24000","553600","19","23.05","23.20","73028764","25.50","20.90"
"1151002","1742","台蠟","17.50","-0.30","17.75","17.75","17.40","73000","1277500","20","17.45","17.50","92671300","19.25","15.75"
"1151002","1777","生泰","74.40","+0.10","74.30","74.70","73.80","46000","3407800","34","74.40","74.50","44591713","81.80","67.00"
"1151002","1780","立弘","25.35","+0.10","25.05","25.35","24.65","137000","3435850","69","24.80","25.35","109075173","27.85","22.85"
"1151002","1781","合世","9.99","0.00","9.99","9.99","9.90","24000","238720","14","9.95","9.99","47407605","10.95","9.00"
"1151002","1784","訊聯","60.50","+0.10","60.40","60.50","60.20","18000","1086200","15","60.20","60.70","53121191","66.50","54.50"
"1151002","1785","光洋科","102.50","+1.50","101.00","103.50","100.00","7378000","754812000","4533","102.50","103.00","595980243","112.50","92.30"
"1151002","1788","杏昌","128.00","+0.50","128.00","128.00","127.50","12000","1535500","11","127.50","128.00","44520971","140.50","115.50"
"1151002","1796","金穎生技","29.90","-0.40","30.75","30.75","29.70","9000","271500","8","29.65","30.00","41459793","32.85","26.95"
"1151002","1799","易威","29.00","+0.05","29.00","29.30","28.80","79000","2294000","62","28.95","29.00","248775894","31.90","26.10"
"1151002","1813","寶利徠","11.25","-0.05","11.25","11.30","11.25","6000","67700","5","11.25","11.30","46635510","12.35","10.15"
"1151002","1815","富喬","121.00","+5.00","116.50","122.00","116.00","42669000","5121216000","22710","121.00","121.50","614703462","133.00","109.00"
"1151002","2035","唐榮","26.70","-0.20","26.70","26.70","26.70","3000","80100","2","26.60","26.95","350000000","29.35","24.05"
"1151002","2061","風青","67.80","+6.10","60.80","67.80","60.00","5226000","344389800","2816","67.80","0.00","57378052","74.50","61.10"
"1151002","2063","世鎧","23.65","+0.05","23.65","23.80","23.30","72000","1689650","51","23.65","23.80","48101453","26.00","21.30"
"1151002","2064","晉椿","12.00","0.00","12.00","12.00","12.00","2000","24000","1","11.90","12.00","69330000","13.20","10.80"
"1151002","2065","世豐","35.65","0.00","35.70","35.75","35.50","53000","1887950","36","35.60","35.70","63516707","39.20","32.10"
"1151002","2066","世德","52.50","+0.80","52.50","52.50","52.10","7000","366600","7","52.20","52.80","44449527","57.70","47.25"
"1151002","2067","嘉鋼","4.89","-0.02","4.88","5.00","4.87","109000","533400","33","4.87","4.89","45138177","5.37","4.41"
"1151002","2070","精湛","63.10","+0.10","63.10","63.80","63.10","50000","3170200","48","63.10","63.40","41782800","69.40","56.80"
"1151002","2073","雄順","25.60","-0.20","25.60","25.60","25.60","2000","51200","2","25.60","25.80","27500000","28.15","23.05"
"1151002","2221","大甲","188.00","+9.00","182.00","188.00","177.50","985000","179910000","818","186.00","188.00","42325000","206.50","169.50"
"1151002","2230","泰茂","22.20","+0.70","22.00","22.85","21.95","184000","4112050","128","22.20","22.35","68029605","24.40","20.00"
"1151002","2235","謚源","28.10","+0.45","28.05","28.10","28.05","5000","140450","2","27.60","27.90","35878000","30.90","25.30"
"1151002","2596","綠意","34.80","-0.10","35.55","35.80","34.60","32000","1119750","26","34.65","34.85","100000000","38.25","31.35"
"1151002","2640","大車隊","156.50","-0.50","156.00","156.50","155.50","8000","1247000","8","156.00","157.00","59264956","172.00","141.00"
"1151002","2641","正德","17.45","+0.10","17.40","17.50","17.35","802000","13961750","327","17.40","17.45","330333744","19.15","15.75"
"1151002","2643","捷迅","62.00","-0.30","61.80","62.00","61.80","9000","557000","7","62.00","62.50","35000000","68.20","55.80"
"1151002","2718","全心投控","40.30","+0.30","40.10","40.30","40.10","5000","200750","5","40.30","40.50","87576000","44.30","36.30"
"1151002","2719","燦星旅","19.70","+0.20","19.90","19.90","19.70","4000","79200","4","19.80","19.90","69182500","21.65","17.75"
"1151002","2724","藝舍-KY","12.70","+0.90","12.70","12.70","12.65","3000","38050","3","11.80","12.55","59656345","13.95","11.45"
"1151002","2726","雅茗-KY","8.02","+0.02","8.05","8.06","7.96","54000","432570","29","8.01","8.02","37922454","8.82","7.22"
"1151002","2729","瓦城","155.50","-1.50","156.00","156.00","154.50","6000","931500","6","155.00","155.50","43040783","171.00","140.00"
"1151002","2732","六角","63.40","+0.60","63.50","63.70","62.70","28000","1762000","20","63.20","63.50","46518570","69.70","57.10"
"1151002","2734","易飛網","14.40","+0.05","14.30","14.40","14.30","30000","429750","15","14.30","14.40","57259760","15.80","13.00"
"1151002","2736","富野","11.20","-0.10","11.25","11.25","11.20","78000","876400","35","11.20","11.25","79972230","12.30","10.10"
"1151002","2740","華軒","30.50","+1.50","29.10","30.80","27.65","7000","206150","7","27.85","30.40","16762016","33.55","27.45"
"1151002","2743","山富","52.70","+0.40","52.90","52.90","52.20","31000","1627600","22","52.50","52.80","46815210","57.90","47.45"
"1151002","2745","五福","84.90","+0.30","84.60","84.90","84.60","18000","1526000","17","84.80","84.90","33808526","93.30","76.50"
"1151002","2751","王座","----","---","----","----","----","0","0","0","52.00","52.70","19844500","57.90","47.45"
"1151002","2752","豆府","177.00","+0.50","178.00","178.00","177.00","2000","355000","2","176.50","178.00","26693861","194.50","159.50"
"1151002","2754","亞洲藏壽司","68.10","+0.10","67.90","68.10","67.10","49000","3305500","39","67.20","67.60","46907000","74.90","61.30"
"1151002","2755","揚秦","98.70","-0.30","99.00","99.80","98.60","29000","2877000","27","98.70","99.70","46799854","108.50","88.90"
"1151002","2756","聯發國際","61.90","-0.90","61.10","62.40","61.10","16000","986500","14","61.50","62.00","24597584","68.00","55.80"
"1151002","2916","滿心","40.65","+0.15","40.60","40.65","40.55","17000","690050","16","40.60","40.70","64626878","44.70","36.60"
"1151002","2924","宏太-KY","18.70","-0.15","18.95","18.95","17.15","9000","159350","7","17.15","18.70","52035934","20.55","16.85"
"1151002","2926","誠品生活","29.95","-0.35","29.70","30.00","29.65","9000","269050","8","29.50","30.00","47389650","32.90","27.00"
"1151002","2937","集雅社","44.95","+0.25","44.70","44.95","44.70","5000","224500","5","44.95","45.00","47896173","49.40","40.50"
"1151002","2938","床的世界","18.50","0.00","18.50","18.50","18.35","72000","1327050","44","18.45","18.55","22840000","20.35","16.65"
"1151002","2941","米斯特","30.15","-0.85","31.45","31.45","30.15","2000","61600","2","30.15","31.20","15390000","33.15","27.15"
"1151002","2947","振宇五金","60.80","+0.30","60.50","62.40","60.50","15000","927100","8","60.60","61.90","23642366","66.80","54.80"
"1151002","2948","寶陞","36.50","0.00","36.95","37.35","36.35","4000","147150","4","36.35","36.85","32000000","40.15","32.85"
"1151002","2949","欣新網","65.20","-3.20","65.20","65.20","65.20","1000","65200","1","63.90","68.20","30641100","71.70","58.70"
"1151002","3064","泰偉","15.80","+0.05","15.75","15.80","15.75","3000","47300","3","15.75","17.25","13011451","17.35","14.25"
"1151002","3066","李洲","29.00","+0.10","28.95","29.40","28.55","978000","28320500","615","28.95","29.00","83070612","31.90","26.10"
"1151002","3067","全域","----","---","----","----","----","0","0","0","16.65","17.60","20000000","18.55","15.25"
"1151002","3071","協禧","22.95","-0.10","23.05","23.10","22.85","178000","4078900","102","22.95","23.00","110000000","25.20","20.70"
"1151002","3073","天方能源","20.60","+0.10","20.60","20.85","20.60","18000","371050","16","20.55","20.65","39511028","22.65","18.55"
"1151002","3078","僑威","45.95","+0.20","45.60","46.20","45.35","388000","17798300","295","45.90","46.00","227391064","50.50","41.40"
"1151002","3081","聯亞","2925.00","+265.00","2780.00","2925.00","2735.00","4284000","12201620000","3477","2925.00","0.00","101769004","3215.00","2635.00"
"1151002","3083","網龍","23.75","-0.20","24.00","24.00","23.65","77000","1837350","52","23.70","23.90","86486858","26.10","21.40"
"1151002","3086","華義*","28.40","+1.05","27.40","28.40","27.40","109000","3037200","63","28.40","28.50","272710510","31.20","25.60"
"1151002","3088","艾訊","132.00","-0.50","132.50","133.50","132.00","431000","57060000","358","131.50","132.50","111071218","145.00","119.00"
"1151002","3093","港建*","46.20","+0.35","46.05","46.55","45.65","268000","12357300","213","46.20","46.50","145155576","50.80","41.60"
"1151002","3095","及成","33.10","-0.10","33.20","33.20","33.10","2000","66300","2","33.30","33.50","10000000","36.40","29.80"
"1151002","3105","穩懋","591.00","+53.00","574.00","591.00","572.00","27304000","15978609000","15108","591.00","0.00","423940384","650.00","532.00"
"1151002","3114","好德","39.65","+3.60","36.75","39.65","35.35","3572000","138875600","1743","39.65","0.00","67722584","43.60","35.70"
"1151002","3115","富榮綱","8.39","+0.19","8.48","8.48","8.00","29000","238930","11","8.15","8.39","72197615","9.22","7.56"
"1151002","3118","進階","31.50","-0.05","31.55","31.65","31.30","9000","284000","6","31.35","31.45","32452860","34.65","28.35"
"1151002","3122","笙泉","24.20","-0.30","24.40","24.40","24.00","34000","822000","26","24.15","24.25","40771918","26.60","21.80"
"1151002","3128","昇銳","20.35","+0.30","20.20","20.45","20.10","46000","928400","31","20.25","20.45","50156538","22.35","18.35"
"1151002","3131","弘塑","2430.00","+50.00","2390.00","2465.00","2390.00","324000","787880000","294","2415.00","2435.00","29903550","2670.00","2190.00"
"1151002","3141","晶宏","87.10","+2.60","84.20","88.20","83.50","2432000","209186800","1704","87.10","87.30","75460728","95.80","78.40"
"1151002","3147","大綜","264.50","-3.00","266.00","273.00","255.00","2133000","562358000","1692","264.00","264.50","43686831","290.50","238.50"
"1151002","3152","璟德","235.50","+3.00","234.50","235.50","233.00","53000","12430500","52","234.50","236.00","39016200","259.00","212.00"
"1151002","3158","嘉實","86.00","+1.50","84.50","86.00","84.50","24000","2038700","18","85.90","86.30","30665925","94.60","77.40"
"1151002","3162","精確","89.60","+2.10","87.50","91.00","85.50","4259000","379599900","2798","89.50","89.60","154341112","98.50","80.70"
"1151002","3163","波若威","713.00","+62.00","667.00","716.00","667.00","7641000","5319352000","5676","712.00","713.00","94635370","784.00","642.00"
"1151002","3169","亞信","115.00","-2.00","117.00","117.00","113.00","291000","33411000","228","114.50","115.00","63306981","126.50","103.50"
"1151002","3171","炎洲流通","56.70","-0.60","57.30","57.30","56.50","40000","2266800","28","57.30","57.50","33118158","62.30","51.10"
"1151002","3176","基亞","37.55","+0.05","37.50","37.55","37.05","223000","8322300","167","37.50","37.55","139306755","41.30","33.80"
"1151002","3178","公準","71.40","+2.00","70.00","73.30","69.40","518000","37243600","375","71.00","71.40","45050000","78.50","64.30"
"1151002","3188","鑫龍騰","23.10","-0.10","23.30","23.35","23.05","159000","3680400","91","23.05","23.20","189087767","25.40","20.80"
"1151002","3191","雲嘉南","17.45","+0.60","16.85","17.75","16.80","59000","1000300","29","16.85","17.35","43597381","19.15","15.75"
"1151002","3205","佰研","47.20","+0.50","46.70","47.30","46.50","27000","1267600","21","47.20","47.25","67545631","51.90","42.50"
"1151002","3206","志豐","34.00","-0.60","34.05","34.60","33.80","53000","1809000","43","34.00","34.40","58916621","37.40","30.60"
"1151002","3207","耀勝","39.75","-0.95","41.80","41.80","39.70","245000","9907800","180","39.75","39.80","66422124","43.70","35.80"
"1151002","3211","順達","397.00","+3.00","396.00","402.00","391.00","2846000","1128929500","2285","396.50","397.00","154394021","436.50","357.50"
"1151002","3213","茂訊","123.00","-1.00","124.00","124.50","121.50","371000","45553000","273","122.50","123.00","58685547","135.00","111.00"
"1151002","3217","優群","129.00","-0.50","129.50","130.50","129.00","238000","30842500","188","129.00","129.50","90104203","141.50","116.50"
"1151002","3218","大學光","133.50","-0.50","134.00","134.50","133.50","105000","14048000","86","133.50","134.00","84724899","146.50","120.50"
"1151002","3219","倚強科","128.50","-3.00","132.50","132.50","126.50","870000","111828000","692","128.00","128.50","71780880","141.00","116.00"
"1151002","3221","台嘉碩","56.00","+2.30","56.10","57.80","55.30","12825000","722328600","8015","56.00","56.10","104989210","61.60","50.40"
"1151002","3224","三顧","31.25","+0.35","31.20","31.30","30.90","27000","839150","21","31.20","31.25","78172648","34.35","28.15"
"1151002","3226","龍鋒","63.10","-1.90","64.80","64.80","62.30","37000","2326500","30","62.40","63.10","64430573","69.40","56.80"
"1151002","3227","原相","187.50","+2.00","185.00","187.50","184.00","811000","150763000","687","187.50","188.00","151912842","206.00","169.00"
"1151002","3228","金麗科","175.50","-4.00","183.00","183.00","174.00","426000","74875500","307","175.50","176.00","71937495","193.00","158.00"
"1151002","3230","錦明","41.95","-0.30","42.95","42.95","41.75","301000","12655850","223","41.90","42.00","86010900","46.10","37.80"
"1151002","3232","昱捷","20.55","-0.15","20.70","20.70","20.40","36000","739350","32","20.50","20.60","46567865","22.60","18.50"
"1151002","3234","光環","181.50","+9.50","174.50","184.00","174.50","4245000","762008500","3176","181.00","181.50","126474692","199.50","163.50"
"1151002","3236","千如","53.40","+4.85","51.40","53.40","51.40","9935000","522955200","4091","53.40","0.00","105000613","58.70","48.10"
"1151002","3252","海灣","15.30","-0.05","15.20","15.30","15.15","14000","212750","10","15.10","15.30","50195754","16.80","13.80"
"1151002","3259","鑫創","12.85","+1.15","12.85","12.85","12.85","80000","1028000","47","12.85","0.00","72965934","14.10","11.60"
"1151002","3260","威剛","382.00","+2.00","384.00","385.50","379.50","3794000","1446283500","2845","381.50","382.00","356463418","420.00","344.00"
"1151002","3264","欣銓","245.00","-0.50","245.00","247.50","241.50","11557000","2826201000","8183","245.00","245.50","490170076","269.50","220.50"
"1151002","3265","台星科","188.00","+3.00","185.00","193.00","183.00","1598000","300537000","1139","187.50","188.00","136261659","206.50","169.50"
"1151002","3268","海德威","21.65","+0.05","21.60","21.65","21.45","81000","1745650","48","21.60","21.65","34720796","23.80","19.50"
"1151002","3272","東碩","14.10","+0.20","13.90","14.10","13.85","39000","542350","20","13.95","14.20","61176789","15.50","12.70"
"1151002","3276","宇環","14.50","+0.60","14.00","14.55","14.00","185000","2661250","81","14.45","14.50","69712666","15.95","13.05"
"1151002","3284","太普高","20.10","+0.45","19.85","20.10","19.50","140000","2790450","87","20.05","20.10","108627709","22.10","18.10"
"1151002","3285","微端","41.90","+0.40","41.60","42.90","41.60","16000","675400","15","41.80","41.90","42735324","46.05","37.75"
"1151002","3287","廣寰科","42.05","+0.40","41.70","42.90","40.50","787000","32611100","554","42.05","42.10","43970483","46.25","37.85"
"1151002","3288","點晶","21.05","-0.20","21.40","21.50","20.95","20000","425900","15","21.00","21.30","16380000","23.15","18.95"
"1151002","3289","宜特","143.00","+1.50","141.00","143.00","140.50","554000","78551500","338","142.50","143.00","86746371","157.00","129.00"
"1151002","3290","東浦","50.30","+0.30","50.10","50.80","49.70","451000","22686600","311","50.20","50.30","90215034","55.30","45.30"
"1151002","3293","鈊象","791.00","-23.00","819.00","819.00","778.00","2872000","2268788000","2496","791.00","792.00","281801560","870.00","712.00"
"1151002","3294","英濟","32.80","-0.25","33.05","33.05","32.50","528000","17282550","378","32.75","32.85","132015919","36.05","29.55"
"1151002","3297","杭特","32.50","+1.00","31.90","33.20","31.90","186000","6055600","160","32.40","32.50","36049445","35.75","29.25"
"1151002","3303","岱稜","48.80","+0.10","49.30","49.30","48.50","135000","6574900","101","48.75","48.85","94090607","53.60","43.95"
"1151002","3306","鼎天","47.05","-0.45","48.20","48.20","47.05","38000","1801350","33","47.05","47.10","50607702","51.70","42.35"
"1151002","3310","佳穎","67.60","-0.40","69.10","69.10","67.60","9000","611600","8","67.60","68.00","74948402","74.30","60.90"
"1151002","3313","斐成","10.50","-0.05","10.60","10.70","10.50","69000","729950","38","10.45","10.50","221133831","11.55","9.45"
"1151002","3317","尼克森","65.30","+0.10","65.30","66.60","64.70","1816000","119283600","1332","65.30","65.50","90000000","71.80","58.80"
"1151002","3322","建舜電","11.35","-0.25","11.70","11.70","11.30","171000","1955750","116","11.35","11.45","137582157","12.45","10.25"
"1151002","3323","加百裕","30.35","+1.05","29.40","30.45","29.40","673000","20319400","436","30.35","30.40","99593385","33.35","27.35"
"1151002","3324","雙鴻","1505.00","-20.00","1540.00","1560.00","1490.00","3373000","5099655000","2812","1500.00","1505.00","93076837","1655.00","1355.00"
"1151002","3325","旭品","11.80","+0.10","11.75","11.90","11.70","62000","731350","39","11.75","11.80","110168610","12.95","10.65"
"1151002","3332","幸康","64.30","-0.60","64.60","65.00","64.00","18000","1156700","16","64.20","64.60","48104246","70.70","57.90"
"1151002","3339","泰谷","47.00","+1.95","45.60","47.30","44.90","2424000","112631300","1517","46.95","47.00","66568300","51.70","42.30"
"1151002","3349","寶德","19.00","-0.40","19.40","19.55","19.00","149000","2868700","80","18.90","19.00","47821648","20.90","17.10"
"1151002","3354","律勝","30.10","+0.30","29.25","30.55","29.20","1624000","48883150","1032","30.10","30.20","70112426","33.10","27.10"
"1151002","3357","臺慶科","215.50","+3.00","213.00","219.00","211.50","1817000","392884000","1386","215.00","216.00","117930191","237.00","194.00"
"1151002","3360","尚立","15.55","+0.30","15.25","15.60","15.15","394000","6099150","238","15.50","15.55","76402244","17.10","14.00"
"1151002","3362","先進光","175.50","0.00","175.50","178.00","174.50","1636000","287596500","1303","175.50","176.00","147445475","193.00","158.00"
"1151002","3363","上詮","671.00","+30.00","656.00","680.00","652.00","3651000","2433308000","3151","671.00","672.00","113640567","738.00","604.00"
"1151002","3372","典範","16.90","+0.45","16.50","17.05","16.45","1026000","17255300","569","16.90","16.95","235324000","18.55","15.25"
"1151002","3373","熱映","15.90","-0.10","16.00","16.00","15.85","62000","985100","31","15.90","15.95","47618782","17.45","14.35"
"1151002","3374","精材","467.50","+11.50","457.00","467.50","454.00","1232000","569301000","1023","467.50","468.00","271364316","514.00","421.00"
"1151002","3379","彬台","27.80","+0.20","27.70","27.85","27.35","28000","775400","23","27.55","27.80","38041748","30.55","25.05"
"1151002","3388","崇越電","84.50","+0.10","84.30","85.30","84.30","346000","29304600","268","84.40","84.70","81124504","92.90","76.10"
"1151002","3390","旭軟","22.40","+0.05","22.50","22.60","22.20","123000","2756600","69","22.30","22.45","79329659","24.60","20.20"
"1151002","3402","漢科","139.50","+2.50","137.50","140.00","137.00","505000","69935000","387","139.00","139.50","73047692","153.00","126.00"
"1151002","3430","奇鈦科","113.50","+2.00","112.50","119.00","112.50","818000","94701000","607","113.50","114.50","33716085","124.50","102.50"
"1151002","3434","哲固","31.20","-0.20","31.45","31.50","31.10","55000","1715950","44","31.15","31.20","35754740","34.30","28.10"
"1151002","3438","類比科","62.00","+0.50","61.60","62.90","61.10","116000","7156500","99","61.80","62.00","47165815","68.20","55.80"
"1151002","3441","聯一光","211.00","+8.50","210.00","222.50","207.00","27832000","5994974500","18130","210.50","211.00","40039920","232.00","190.00"
"1151002","3444","利機","80.80","+0.10","80.70","80.80","79.80","203000","16279000","148","80.80","81.00","44996877","88.80","72.80"
"1151002","3455","由田","280.00","-7.00","287.00","295.00","277.00","6416000","1834171500","5102","280.00","280.50","59850750","308.00","252.00"
"1151002","3465","進泰電子","30.05","+0.05","30.00","30.05","29.20","36000","1071650","26","29.70","30.05","42329862","33.05","27.05"
"1151002","3466","德晉","24.20","+0.45","23.90","24.30","23.85","129000","3098600","66","24.15","24.20","77892073","26.60","21.80"
"1151002","3467","台灣精材","73.20","+0.60","72.50","74.30","70.80","433000","31471300","387","73.20","73.30","31106569","80.50","65.90"
"1151002","3479","安勤","136.00","-0.50","137.00","138.50","136.00","395000","53960500","345","136.00","136.50","73026088","149.50","122.50"
"1151002","3483","力致","80.90","+2.40","78.40","81.60","77.90","564000","45289400","414","80.90","81.00","99049257","88.90","72.90"
"1151002","3484","崧騰","48.90","+1.60","46.95","49.05","46.95","300000","14444250","237","48.85","48.90","78828189","53.70","44.05"
"1151002","3485","敘豐","216.00","+3.50","213.00","216.00","210.50","98000","20918500","88","215.00","216.00","38500850","237.50","194.50"
"1151002","3489","森寶","23.20","-0.60","23.90","23.90","23.05","151000","3521400","81","23.15","23.20","90452155","25.50","20.90"
"1151002","3490","單井","50.70","+1.95","50.80","51.40","46.80","18557000","912424000","9682","50.60","50.70","55006435","55.70","45.65"
"1151002","3491","昇達科","1485.00","-5.00","1480.00","1510.00","1475.00","561000","836255000","493","1485.00","1490.00","68805125","1630.00","1340.00"
"1151002","3492","長盛","19.45","+0.30","19.10","19.45","19.10","19000","365800","15","19.30","19.45","35531600","21.35","17.55"
"1151002","3498","陽程","215.00","-4.50","221.00","226.00","212.00","2969000","643186000","2382","215.00","215.50","61273008","236.50","193.50"
"1151002","3499","環天科","13.80","+0.05","13.30","13.80","13.05","77000","1031850","52","13.75","13.80","54970596","15.15","12.45"
"1151002","3508","位速","25.75","-0.25","26.60","26.60","25.75","246000","6433650","174","25.75","25.90","108866737","28.30","23.20"
"1151002","3511","矽瑪","19.75","+0.15","19.60","19.85","19.60","90000","1778750","53","19.75","19.85","79972945","21.70","17.80"
"1151002","3512","皇龍","19.10","-0.10","19.05","19.15","19.05","19000","362450","15","19.05","19.10","113072372","21.00","17.20"
"1151002","3516","亞帝歐","25.35","0.00","25.50","25.70","25.00","48000","1211900","20","25.20","25.45","59560874","27.85","22.85"
"1151002","3520","華盈","17.20","+0.20","17.00","17.25","17.00","150000","2575900","75","17.15","17.20","68846778","18.90","15.50"
"1151002","3521","台鋼建設","11.80","-0.20","11.85","11.95","11.60","21000","247350","16","11.80","11.85","185765552","12.95","10.65"
"1151002","3522","御嵿","12.45","-0.05","12.45","12.50","12.20","151000","1859000","67","12.25","12.45","104096209","13.65","11.25"
"1151002","3523","迎輝","14.30","+0.80","13.70","14.60","13.70","28000","396200","28","14.30","14.50","64257868","15.70","12.90"
"1151002","3526","凡甲","274.50","+2.50","272.00","274.50","270.50","128000","34882000","105","274.00","274.50","67302693","301.50","247.50"
"1151002","3527","聚積","51.40","0.00","51.40","51.90","51.40","36000","1853600","35","51.40","51.80","44445125","56.50","46.30"
"1151002","3529","力旺","3170.00","-75.00","3245.00","3290.00","3160.00","869000","2788905000","831","3170.00","3175.00","74686492","3485.00","2855.00"
"1151002","3531","先益","21.15","0.00","21.15","21.15","21.15","5000","105750","2","20.80","21.25","61175011","23.25","19.05"
"1151002","3537","堡達","56.80","-1.80","58.60","59.40","56.60","2230000","129178900","1597","56.80","56.90","56242979","62.40","51.20"
"1151002","3540","曜越","23.40","+0.30","23.10","23.45","22.85","121000","2796000","96","23.40","23.45","84458548","25.70","21.10"
"1151002","3541","西柏","24.55","+0.15","24.00","24.65","24.00","52000","1266200","40","24.45","24.55","56349142","27.00","22.10"
"1151002","3546","宇峻","73.00","-0.20","73.10","73.20","72.70","84000","6130800","63","73.00","73.20","61348690","80.30","65.70"
"1151002","3548","兆利","77.20","+0.70","76.50","77.30","76.30","142000","10924400","105","77.20","77.40","67744175","84.90","69.50"
"1151002","3551","世禾","199.50","+6.50","197.00","203.00","195.50","2953000","586777000","2207","199.00","199.50","62274890","219.00","180.00"
"1151002","3552","同致","45.80","+1.50","45.55","47.00","45.10","838000","38461250","642","45.75","45.80","97918334","50.30","41.25"
"1151002","3555","博士旺","167.00","0.00","167.00","169.50","166.00","37000","6194000","35","167.00","169.50","39998797","183.50","150.50"
"1151002","3556","禾瑞亞","59.10","0.00","59.10","59.40","58.80","123000","7270100","101","59.00","59.20","63702844","65.00","53.20"
"1151002","3558","神準","131.00","+2.00","128.50","133.00","128.50","296000","38905000","239","131.00","131.50","59060881","144.00","118.00"
"1151002","3564","其陽","56.10","+5.10","51.80","56.10","50.80","1958000","108504700","967","56.10","0.00","59123100","61.70","50.50"
"1151002","3567","逸昌","26.20","+0.05","26.50","26.50","26.20","46000","1210000","33","26.15","26.20","33954000","28.80","23.60"
"1151002","3570","大塚","170.00","-0.50","170.50","170.50","169.50","18000","3064500","17","169.50","170.50","17097000","187.00","153.00"
"1151002","3577","泓格","114.50","-1.00","115.00","115.50","114.00","184000","21086000","164","114.50","115.00","63965653","125.50","103.50"
"1151002","3580","友威科","108.50","-0.50","108.00","110.00","107.50","731000","79586500","587","108.50","109.00","39470657","119.00","97.70"
"1151002","3581","博磊","118.50","+1.50","115.50","122.00","115.50","608000","72305000","557","118.50","119.00","51006000","130.00","107.00"
"1151002","3587","閎康","245.00","+4.00","242.50","246.00","242.00","486000","118779500","412","244.50","245.00","71684696","269.50","220.50"
"1151002","3594","磐儀","47.15","-0.55","47.95","48.15","47.10","282000","13341300","219","47.15","47.25","95948358","51.80","42.45"
"1151002","3597","映興","27.70","-0.40","27.85","27.95","27.65","24000","665300","19","27.70","27.75","39236440","30.45","24.95"
"1151002","3609","三一東林","22.90","-0.10","23.00","23.00","22.30","49000","1110850","40","22.50","23.00","38419387","25.15","20.65"
"1151002","3611","鼎翰","184.50","0.00","184.00","184.50","183.50","21000","3860000","18","183.50","184.50","47554634","202.50","166.50"
"1151002","3615","安可","45.00","+1.75","43.25","46.80","43.05","4816000","216368350","3351","45.00","45.05","68466976","49.50","40.50"
"1151002","3623","富晶通","30.55","0.00","30.60","30.85","29.15","395000","11915500","226","30.55","30.60","29185946","33.60","27.50"
"1151002","3624","光頡","148.50","-2.50","151.00","157.50","147.00","40211000","6113771500","26116","148.50","149.00","117340842","163.00","134.00"
"1151002","3625","西勝","11.15","-0.05","11.25","11.25","10.90","297000","3279350","95","11.00","11.20","114246765","12.25","10.05"
"1151002","3628","盈正","71.80","-1.00","72.00","73.10","71.80","81000","5848600","69","71.80","72.10","45000000","78.90","64.70"
"1151002","3629","地心引力","14.60","-1.60","14.95","15.00","14.60","8000","117900","8","14.60","15.00","32954782","16.05","13.15"
"1151002","3630","新鉅科","26.80","-0.10","26.90","27.15","25.95","517000","13829800","334","26.75","26.80","204191848","29.45","24.15"
"1151002","3631","晟楠","41.15","+0.70","40.70","41.25","40.20","208000","8467900","143","41.10","41.20","81820909","45.25","37.05"
"1151002","3632","研勤","7.08","0.00","7.08","7.09","7.08","26000","184120","17","7.08","7.10","40889738","7.78","6.38"
"1151002","3646","艾恩特","24.90","+0.05","24.85","25.00","24.85","12000","299200","10","24.85","24.90","39297371","27.35","22.45"
"1151002","3663","鑫科","64.80","-0.30","65.00","65.40","64.50","431000","27935000","349","64.80","64.90","108494074","71.20","58.40"
"1151002","3664","安瑞-KY","8.31","-0.54","8.85","8.85","8.31","13000","109450","5","8.31","8.85","75945377","9.14","7.48"
"1151002","3666","光耀","25.30","0.00","25.30","25.30","24.95","114000","2869400","69","25.15","25.30","138949850","27.80","22.80"
"1151002","3672","康聯訊","12.25","+0.15","12.10","12.25","12.10","5000","61100","5","12.15","12.25","40790375","13.45","11.05"
"1151002","3675","德微","360.00","+1.00","359.00","378.50","352.50","2875000","1051654000","2456","360.00","361.00","53057923","396.00","324.00"
"1151002","3680","家登","552.00","+1.00","558.00","558.00","547.00","739000","407203000","673","552.00","553.00","96211690","607.00","497.00"
"1151002","3684","榮昌","----","---","----","----","----","0","0","0","53.80","54.20","30309737","59.60","48.80"
"1151002","3685","元創精密","36.00","+1.35","34.65","36.40","33.90","1512000","53772750","421","35.95","36.00","79574000","39.60","32.40"
"1151002","3687","歐買尬","61.10","-0.50","61.80","61.80","61.10","31000","1897200","26","61.00","61.20","30124059","67.20","55.00"
"1151002","3689","湧德","113.00","+2.50","111.00","113.50","110.50","589000","66057500","443","113.00","113.50","89508815","124.00","102.00"
"1151002","3691","碩禾","113.00","+0.50","112.50","114.00","109.50","1040000","115928000","710","113.00","113.50","91883420","124.00","102.00"
"1151002","3693","營邦","663.00","-1.00","660.00","676.00","656.00","816000","541100000","763","662.00","663.00","42990694","729.00","597.00"
"1151002","3707","漢磊","85.20","+7.70","77.50","85.20","76.30","35462000","2951810100","15825","85.20","0.00","400746192","93.70","76.70"
"1151002","3709","鑫聯大投控","65.50","-0.40","66.00","66.00","65.20","191000","12507800","142","65.40","65.50","145569450","72.00","59.00"
"1151002","3710","連展投控","8.12","+0.04","8.08","8.15","7.86","193000","1536850","114","7.99","8.14","177086787","8.93","7.31"
"1151002","3713","新晶投控","13.80","0.00","13.60","13.80","13.55","18000","245100","11","13.60","13.80","88099380","15.15","12.45"
"1151002","3718","中光電投控","65.10","+0.80","64.80","65.30","64.30","1232000","79902600","776","65.10","65.20","390981110","71.60","58.60"
"1151002","4102","永日","18.45","0.00","18.50","18.50","18.25","31000","569100","24","18.45","18.50","42373443","20.25","16.65"
"1151002","4105","東洋","78.90","+0.40","78.80","78.90","78.50","311000","24461800","226","78.80","78.90","248649959","86.70","71.10"
"1151002","4107","邦特","110.00","-0.50","110.00","110.50","110.00","17000","1871000","15","110.00","110.50","69298336","121.00","99.00"
"1151002","4109","加捷生醫","11.00","+0.10","10.95","11.00","10.90","66000","722200","47","10.95","11.00","118736681","12.10","9.90"
"1151002","4111","濟生","29.00","+0.15","28.85","29.00","28.55","64000","1846550","37","28.85","28.95","59832135","31.90","26.10"
"1151002","4113","聯上","15.20","+0.10","15.15","15.20","15.10","74000","1121700","35","15.15","15.20","231138137","16.70","13.70"
"1151002","4114","健喬","29.35","-0.15","29.50","29.50","29.30","616000","18091850","386","29.35","29.40","550429688","32.25","26.45"
"1151002","4116","明基醫","40.15","+0.35","40.00","40.15","39.75","56000","2236300","33","40.00","40.45","44566000","44.15","36.15"
"1151002","4120","友華","46.10","+0.10","46.00","46.20","46.00","58000","2671700","32","45.80","46.10","86747119","50.70","41.50"
"1151002","4121","優盛","12.90","+0.15","12.80","13.00","12.80","57000","734500","38","12.85","12.90","83111045","14.15","11.65"
"1151002","4123","晟德","31.20","-0.10","31.00","31.20","30.80","1045000","32377150","557","31.20","31.25","807456341","34.30","28.10"
"1151002","4126","太醫","78.00","0.00","77.90","78.00","77.90","12000","935400","8","77.90","78.00","72600000","85.80","70.20"
"1151002","4127","天良","45.60","-1.10","47.00","47.55","45.10","534000","24552950","352","45.55","45.60","45760000","50.10","41.05"
"1151002","4128","中天","15.30","+0.15","15.20","15.35","15.00","783000","11910550","410","15.30","15.35","588170597","16.80","13.80"
"1151002","4129","聯合","82.30","-0.30","82.50","82.50","82.10","61000","5016700","46","82.30","82.40","96437650","90.50","74.10"
"1151002","4131","浩泰","30.80","-0.05","30.85","30.85","29.90","35000","1060450","28","30.70","30.75","39879000","33.85","27.75"
"1151002","4138","曜亞","53.50","-0.80","54.00","54.10","53.50","64000","3441300","35","53.50","54.10","39930000","58.80","48.15"
"1151002","4139","馬光-KY","41.95","0.00","41.90","42.00","41.50","22000","918150","13","41.55","41.95","45009911","46.10","37.80"
"1151002","4147","中裕","61.40","-0.60","62.00","62.00","61.00","560000","34355900","412","61.30","61.50","273202425","67.50","55.30"
"1151002","4153","鈺緯","31.55","+0.30","31.25","31.65","31.25","18000","564200","16","31.15","31.55","58668197","34.70","28.40"
"1151002","4154","樂威科-KY","11.25","-1.25","11.25","11.25","11.25","8000","90000","4","11.25","12.50","38390000","12.35","10.15"
"1151002","4157","太景*-KY","8.65","-0.08","8.70","8.73","8.64","664000","5757610","315","8.65","8.66","711833575","9.51","7.79"
"1151002","4160","訊聯基因","38.80","-0.10","38.80","38.90","38.70","11000","426800","11","38.75","38.90","28013734","42.65","34.95"
"1151002","4161","聿新科","21.65","-0.10","21.90","21.95","21.60","29000","631850","19","21.60","21.70","59808204","23.80","19.50"
"1151002","4162","智擎","55.40","+0.10","55.50","55.60","55.10","104000","5757200","78","55.40","55.50","143677640","60.90","49.90"
"1151002","4163","鐿鈦","137.00","+0.50","135.50","137.00","135.50","17000","2317500","16","137.00","138.00","50679643","150.50","123.50"
"1151002","4166","友霖","24.40","-0.35","24.60","24.60","24.25","36000","880800","17","24.30","24.40","243035089","26.80","22.00"
"1151002","4167","松瑞藥","19.55","-0.05","19.60","19.60","19.40","574000","11206950","252","19.55","19.60","331554307","21.50","17.60"
"1151002","4168","醣聯","22.40","+0.25","22.55","23.00","22.25","197000","4441700","121","22.40","22.75","112521318","24.60","20.20"
"1151002","4171","瑞基","16.35","0.00","16.35","16.45","16.30","31000","507050","16","16.30","16.40","58057469","17.95","14.75"
"1151002","4173","久裕","17.40","+0.15","17.30","17.40","17.25","14000","242650","11","17.30","17.40","74574355","19.10","15.70"
"1151002","4174","浩鼎","42.00","-1.10","45.60","45.60","40.10","5893000","249989950","3303","41.95","42.00","131579687","46.20","37.80"
"1151002","4175","杏一","----","---","----","----","----","0","0","0","50.90","51.50","42323307","55.90","45.85"
"1151002","4183","福永生技","14.35","-0.10","14.35","14.35","14.35","3000","43050","1","13.95","14.65","23800000","15.75","12.95"
"1151002","4188","安克","14.10","-0.20","14.30","14.45","14.10","152000","2156550","79","14.10","14.30","63332900","15.50","12.70"
"1151002","4192","杏國","----","---","----","----","----","0","0","0","18.10","18.60","35164500","20.45","16.75"
"1151002","4198","欣大健康","49.00","-0.25","49.00","49.00","49.00","1000","49000","1","47.75","49.10","24108000","53.90","44.10"
"1151002","4205","中華食","68.40","-0.40","68.40","68.40","68.30","20000","1367100","19","68.30","68.40","97649228","75.20","61.60"
"1151002","4207","環泰","19.40","0.00","19.35","19.40","19.30","52000","1006400","25","19.35","19.45","198538008","21.30","17.50"
"1151002","4303","信立","33.35","0.00","33.40","33.45","33.05","428000","14227200","326","33.35","33.40","132447444","36.65","30.05"
"1151002","4304","勝昱","17.30","0.00","17.30","17.75","17.30","29000","505100","20","17.10","17.55","61038065","19.00","15.60"
"1151002","4305","世坤","----","---","----","----","----","0","0","0","41.55","41.75","55014000","45.70","37.40"
"1151002","4401","東隆興","13.95","+0.05","14.00","14.00","13.90","12000","167350","6","13.90","13.95","122692012","15.30","12.60"
"1151002","4402","郡都開發","14.15","0.00","14.30","14.70","13.65","15000","210750","11","13.90","14.15","67991830","15.55","12.75"
"1151002","4406","新昕纖","10.25","+0.05","10.15","10.30","10.15","23000","235850","15","10.20","10.25","51912000","11.25","9.23"
"1151002","4413","飛寶企業","20.30","-0.05","20.00","20.30","20.00","27000","543700","21","20.00","20.15","31314689","22.30","18.30"
"1151002","4416","三圓","12.80","-0.30","13.10","13.30","12.75","729000","9418550","391","12.80","12.85","73586213","14.05","11.55"
"1151002","4417","金洲","49.35","-0.25","49.60","49.60","49.30","37000","1828400","28","49.40","49.45","83971399","54.20","44.45"
"1151002","4419","皇家美食","49.95","0.00","49.95","49.95","49.95","1000","49950","1","46.15","49.95","169163133","54.90","45.00"
"1151002","4420","光明","35.50","-0.15","35.60","35.65","35.00","28000","989800","13","35.50","35.65","40455000","39.05","31.95"
"1151002","4430","耀億","17.70","-0.10","18.05","18.10","17.55","29000","515300","27","17.55","17.80","56273609","19.45","15.95"
"1151002","4432","銘旺實","15.55","+0.20","15.45","15.60","15.25","21000","322700","17","15.35","15.55","50589000","17.10","14.00"
"1151002","4433","興采","18.00","-0.05","18.05","18.05","17.90","21000","376600","21","17.95","18.00","61299774","19.80","16.20"
"1151002","4442","竣邦-KY","53.60","-0.40","53.60","53.90","53.30","8000","428100","8","53.30","54.00","32739154","58.90","48.25"
"1151002","4502","健信","15.85","+0.05","15.65","15.85","15.65","4000","63100","4","15.85","15.90","57469686","17.40","14.30"
"1151002","4503","金雨","24.10","-0.05","24.15","24.25","24.00","58000","1399900","39","24.10","24.25","78313326","26.50","21.70"
"1151002","4506","崇友","117.50","-0.50","118.00","118.00","117.00","71000","8329500","59","117.00","117.50","177012000","129.00","106.00"
"1151002","4510","高鋒","43.60","+0.15","43.55","43.65","43.00","612000","26520850","449","43.55","43.60","108977724","47.95","39.25"
"1151002","4513","福裕","16.30","-0.10","16.40","16.50","16.15","110000","1785400","75","16.30","16.35","143761921","17.90","14.70"
"1151002","4523","永彰","23.90","-0.10","24.15","24.15","23.85","56000","1340000","44","23.90","24.00","64949000","26.25","21.55"
"1151002","4528","江興鍛","14.80","-0.05","15.05","15.05","14.80","16000","238200","12","14.80","14.90","84165695","16.25","13.35"
"1151002","4529","淳紳","3.34","+0.01","3.33","3.34","3.33","4000","13330","3","3.35","3.48","84549096","3.67","3.01"
"1151002","4530","天意能創","24.00","-0.10","24.90","24.90","23.75","14000","334900","10","23.75","24.25","35794959","26.40","21.60"
"1151002","4533","協易機","25.60","+0.05","25.55","25.65","25.20","962000","24404850","405","25.50","25.65","178434110","28.15","23.05"
"1151002","4534","慶騰","30.00","-0.70","30.70","30.70","29.80","877000","26369950","426","29.95","30.00","86788948","33.00","27.00"
"1151002","4535","至興","26.75","-0.25","26.90","27.05","26.70","43000","1153250","25","26.75","26.90","75661740","29.40","24.10"
"1151002","4538","大詠城","17.30","-0.15","17.30","17.30","17.20","10000","172400","10","17.25","17.45","59469604","19.00","15.60"
"1151002","4541","晟田","61.10","+1.00","60.00","61.20","59.60","839000","50697900","658","61.00","61.10","72647068","67.20","55.00"
"1151002","4542","科嶠","336.50","+8.50","334.00","336.50","325.00","334000","110814500","300","336.00","336.50","35317412","370.00","303.00"
"1151002","4543","萬在","30.25","+0.10","30.15","30.40","30.10","65000","1965050","51","30.20","30.25","62760915","33.25","27.25"
"1151002","4549","桓達","97.30","+0.40","96.20","97.60","96.20","30000","2908800","30","97.10","97.30","58142493","107.00","87.60"
"1151002","4550","長佳","24.15","-0.30","24.05","24.80","24.00","7000","169550","6","24.05","24.40","37838783","26.55","21.75"
"1151002","4554","橙的","28.10","-0.05","28.45","28.45","28.05","16000","451000","13","28.10","28.15","30276584","30.90","25.30"
"1151002","4556","旭然","114.50","+3.00","111.50","122.50","109.50","5276000","625210500","3160","114.00","114.50","42302840","125.50","103.50"
"1151002","4558","寶緯","16.80","-0.05","16.95","16.95","16.70","27000","453400","16","16.75","16.85","50000000","18.45","15.15"
"1151002","4561","健椿","43.60","+1.10","42.35","43.70","42.35","145000","6253550","114","43.55","43.60","58521619","47.95","39.25"
"1151002","4563","百德","53.20","-0.30","54.00","54.00","52.10","350000","18543500","203","53.10","53.20","54950000","58.50","47.90"
"1151002","4568","科際精密","39.00","-0.05","38.90","39.00","38.85","3000","116750","3","38.85","38.95","32045125","42.90","35.10"
"1151002","4577","達航科技","92.00","+1.60","91.30","92.90","90.30","547000","50175900","477","92.00","92.20","49137998","101.00","82.80"
"1151002","4580","捷流閥業","82.20","0.00","82.10","82.20","81.50","43000","3521700","27","82.20","82.40","46803109","90.40","74.00"
"1151002","4584","君帆","38.00","+0.50","37.50","38.00","37.50","6000","227500","6","38.00","40.00","30002400","41.80","34.20"
"1151002","4609","唐鋒","4.76","+0.27","4.86","4.86","4.76","2000","9620","2","4.26","4.76","47946820","5.23","4.29"
"1151002","4702","中美實","9.29","+0.01","9.28","9.34","9.26","52000","482930","30","9.29","9.31","72333200","10.20","8.37"
"1151002","4706","大恭","34.70","+0.05","34.75","34.75","34.05","9000","308900","9","33.90","34.30","79030093","38.15","31.25"
"1151002","4707","磐亞","30.15","+1.45","28.80","30.80","28.70","3027000","90990550","1754","30.15","30.20","413808151","33.15","27.15"
"1151002","4711","永純","16.40","+0.25","16.20","16.45","16.15","85000","1386650","55","16.20","16.45","61056000","18.00","14.80"
"1151002","4714","永捷","12.35","+0.50","11.90","12.45","11.90","1969000","24239100","827","12.35","12.40","221838188","13.55","11.15"
"1151002","4716","大立","18.95","+1.70","17.25","18.95","17.15","3784000","69808750","1696","18.95","0.00","94427191","20.80","17.10"
"1151002","4721","美琪瑪","81.20","+0.60","80.20","81.80","80.20","375000","30416600","285","81.10","81.20","74986304","89.30","73.10"
"1151002","4726","永昕","23.20","-0.20","23.20","23.40","23.00","144000","3341650","89","23.20","23.40","207041800","25.50","20.90"
"1151002","4728","雙美","394.50","0.00","394.50","394.50","394.50","3000","1183500","3","394.00","394.50","54463000","433.50","355.50"
"1151002","4729","熒茂","19.70","-0.70","20.40","20.45","19.70","371000","7396250","230","19.70","19.95","79226741","21.65","17.75"
"1151002","4735","豪展","36.00","-0.05","36.20","36.25","35.80","16000","577050","15","35.80","36.10","41568758","39.60","32.40"
"1151002","4741","泓瀚","41.65","+1.35","41.15","42.80","41.10","178000","7503450","143","41.55","41.65","34812079","45.80","37.50"
"1151002","4743","合一","47.15","+1.30","45.85","47.15","45.70","1024000","47636400","764","47.10","47.15","480533486","51.80","42.45"
"1151002","4744","皇將","28.30","-0.40","28.70","28.70","28.25","49000","1396800","39","28.30","28.45","56948450","31.10","25.50"
"1151002","4745","合富-KY","12.20","+0.05","12.20","12.20","12.10","9000","109400","8","12.15","12.20","69705547","13.40","11.00"
"1151002","4747","強生*","22.95","-0.15","23.10","23.10","22.70","63000","1439900","43","22.70","23.00","90922064","25.20","20.70"
"1151002","4749","新應材","785.00","+28.00","757.00","795.00","753.00","1676000","1307349000","1502","785.00","787.00","94732865","863.00","707.00"
"1151002","4754","國碳科","38.15","+0.30","38.00","38.20","37.80","27000","1026100","22","38.05","38.20","30283215","41.95","34.35"
"1151002","4760","勤凱","317.00","+28.50","302.00","317.00","302.00","792000","247013500","536","317.00","0.00","32778289","348.50","285.50"
"1151002","4767","誠泰科技","28.70","+0.60","28.20","29.45","28.20","44000","1265950","31","28.60","28.70","31415000","31.55","25.85"
"1151002","4768","晶呈科技","374.50","+7.50","374.00","389.00","372.50","1040000","394594500","943","374.50","375.00","48200288","411.50","337.50"
"1151002","4772","台特化","281.50","+17.00","272.00","290.50","271.50","5669000","1627147000","3428","281.00","281.50","147681552","309.50","253.50"
"1151002","4806","桂田文創","13.40","-1.45","13.70","13.70","13.40","87000","1168000","36","0.00","13.40","69924107","14.70","12.10"
"1151002","4903","聯光通","45.30","+0.95","45.05","46.45","45.00","10462000","476815550","6661","45.30","45.35","105343714","49.80","40.80"
"1151002","4905","台聯電","92.50","+8.40","85.60","92.50","84.00","239000","21259900","180","92.50","0.00","29260044","101.50","83.30"
"1151002","4907","富宇","44.50","-0.55","44.50","45.15","44.15","98000","4367950","68","44.30","44.65","118145778","48.95","40.05"
"1151002","4908","前鼎","224.50","+20.00","210.00","224.50","210.00","2693000","591090500","1940","224.50","0.00","78216907","246.50","202.50"
"1151002","4909","新復興","36.85","+0.70","36.35","37.00","36.15","369000","13545400","282","36.85","36.95","93356864","40.50","33.20"
"1151002","4911","德英","28.40","+0.20","28.20","28.40","28.05","17000","478400","14","28.10","28.40","68817133","31.20","25.60"
"1151002","4923","力士","66.60","+1.40","69.20","70.00","66.00","6519000","439379300","4465","66.60","66.70","37373129","73.20","60.00"
"1151002","4924","欣厚-KY","15.90","0.00","15.75","16.60","15.75","304000","4887650","206","15.90","16.00","37164409","17.45","14.35"
"1151002","4931","新盛力","252.00","+3.50","250.00","255.00","245.50","3775000","947059500","3094","251.50","252.00","65565761","277.00","227.00"
"1151002","4933","友輝","53.90","-0.30","54.20","54.60","53.80","26000","1405300","24","53.90","54.00","82662675","59.20","48.55"
"1151002","4939","亞電","79.20","+0.30","79.20","81.00","78.10","4982000","395454300","3649","79.20","79.30","98200868","87.10","71.30"
"1151002","4946","辣椒","101.00","+0.50","98.50","101.50","98.50","12000","1210500","12","100.50","101.50","8852816","111.00","90.90"
"1151002","4950","金耘國際","16.10","-0.10","16.05","16.10","16.00","13000","208500","11","16.10","16.15","57729107","17.70","14.50"
"1151002","4951","精拓科","90.90","+0.60","90.70","91.60","89.40","184000","16678000","166","90.90","91.00","34148713","99.90","81.90"
"1151002","4953","緯致","117.50","0.00","118.50","119.00","117.50","188000","22176500","146","117.50","118.00","73147014","129.00","106.00"
"1151002","4966","譜瑞-KY","574.00","+2.00","570.00","576.00","570.00","194000","110927000","169","573.00","574.00","78957788","631.00","517.00"
"1151002","4971","IET-KY","587.00","+53.00","557.00","587.00","554.00","1766000","1013501000","1390","587.00","0.00","47185743","645.00","529.00"
"1151002","4972","湯石照明","16.20","-0.10","16.15","16.20","16.15","9000","145750","8","16.20","16.30","56888587","17.80","14.60"
"1151002","4973","廣穎","138.50","+1.50","137.00","139.00","137.00","358000","49459000","301","138.50","139.00","65292843","152.00","125.00"
"1151002","4974","亞泰","71.20","-0.10","71.20","71.50","70.90","71000","5050000","53","71.00","71.20","72500104","78.30","64.10"
"1151002","4979","華星光","585.00","+28.00","564.00","585.00","564.00","1240000","715347000","1027","584.00","585.00","142820039","643.00","527.00"
"1151002","4991","環宇-KY","534.00","+48.50","509.00","534.00","498.50","8135000","4212550500","6390","534.00","0.00","121343559","587.00","481.00"
"1151002","4995","晶達","48.80","-1.20","50.00","50.00","48.80","57000","2810250","37","48.80","49.05","42592036","53.60","43.95"
"1151002","5009","榮剛","33.10","+0.30","33.05","33.25","32.75","1052000","34793350","646","33.05","33.10","602471197","36.40","29.80"
"1151002","5011","久陽","20.45","+1.85","18.55","20.45","18.50","1102000","22152000","523","20.45","0.00","100673922","22.45","18.45"
"1151002","5013","強新","46.85","+4.25","46.85","46.85","46.85","596000","27922600","226","46.85","0.00","133416000","51.50","42.20"
"1151002","5014","建錩","10.10","-0.20","10.25","10.30","10.10","170000","1724900","82","10.10","10.15","183265054","11.10","9.09"
"1151002","5015","華祺","23.95","+2.15","22.10","23.95","22.10","256000","5952050","122","23.95","0.00","60639189","26.30","21.60"
"1151002","5016","松和","28.60","+0.50","28.45","29.40","28.10","1300000","37336950","917","28.60","28.65","49622076","31.45","25.75"
"1151002","5201","凱衛","28.00","-1.20","29.35","29.45","27.50","85000","2427050","63","28.00","28.40","38674600","30.80","25.20"
"1151002","5202","力新","14.10","-0.05","14.35","14.40","14.05","307000","4356200","157","14.10","14.15","89094000","15.50","12.70"
"1151002","5205","中茂","22.80","+2.05","22.40","22.80","22.30","49000","1111900","30","22.80","0.00","13500000","25.05","20.55"
"1151002","5206","坤悅","22.85","+0.05","22.80","23.00","22.70","43000","982950","36","22.85","22.90","201093375","25.10","20.60"
"1151002","5209","新鼎","176.00","+4.50","173.00","177.50","171.00","136000","23831000","119","176.00","176.50","28663072","193.50","158.50"
"1151002","5210","寶碩","30.30","+0.15","30.05","30.40","30.00","154000","4637650","91","30.15","30.30","82177779","33.30","27.30"
"1151002","5211","蒙恬","21.35","+0.25","21.10","21.45","20.95","24000","508500","23","21.35","21.40","32024727","23.45","19.25"
"1151002","5212","凌網","49.30","+0.45","49.50","49.50","48.70","9000","441350","8","49.05","49.40","34633000","54.20","44.40"
"1151002","5213","亞昕","20.55","-0.10","20.75","20.75","20.50","97000","1995150","65","20.55","20.60","762148960","22.60","18.50"
"1151002","5220","萬達光電","23.10","-0.10","23.00","23.70","23.00","199000","4630450","148","23.05","23.10","39667000","25.40","20.80"
"1151002","5223","安力-KY","22.95","-0.45","23.40","23.60","22.80","8000","185000","8","22.80","23.10","44549781","25.20","20.70"
"1151002","5227","立凱-KY","30.55","-0.40","30.80","31.10","30.10","575000","17511450","215","30.55","30.70","96000000","33.60","27.50"
"1151002","5228","鈺鎧","48.05","+4.35","46.35","48.05","45.20","2047000","95852350","1079","48.05","0.00","38056253","52.80","43.25"
"1151002","5230","雷笛克光學","22.25","-0.40","22.65","22.70","21.85","838000","18651100","564","22.25","22.35","56303831","24.45","20.05"
"1151002","5245","智晶","20.75","-0.05","21.25","21.25","20.70","108000","2240450","63","20.70","20.80","45127141","22.80","18.70"
"1151002","5251","天鉞電","29.95","+0.25","30.00","30.50","29.85","65000","1954800","54","29.95","30.10","33733377","32.90","27.00"
"1151002","5263","智崴","90.50","-0.20","90.70","91.00","89.60","91000","8205100","70","90.10","90.50","78936891","99.50","81.50"
"1151002","5272","笙科","17.85","-0.15","18.15","18.15","17.75","62000","1108700","45","17.85","17.90","55276118","19.60","16.10"
"1151002","5274","信驊","18840.00","-200.00","18740.00","18905.00","18355.00","122000","2281460000","121","18840.00","18855.00","41582953","20720.00","16960.00"
"1151002","5276","達輝-KY","17.85","+0.55","17.30","17.85","17.30","2000","35150","2","17.30","17.55","39500000","19.60","16.10"
"1151002","5278","尚凡*","23.70","+0.20","23.50","23.80","23.45","100000","2364750","70","23.65","23.80","300000000","26.05","21.35"
"1151002","5287","數字","137.50","0.00","137.50","138.00","137.00","105000","14455000","77","137.50","138.00","65738500","151.00","124.00"
"1151002","5289","宜鼎","1295.00","+5.00","1305.00","1315.00","1290.00","762000","990890000","726","1295.00","1300.00","98335431","1420.00","1170.00"
"1151002","5291","邑昇","62.00","+0.90","61.60","62.30","61.30","266000","16461100","213","61.80","62.00","41890606","68.20","55.80"
"1151002","5299","杰力","104.50","+1.00","104.50","105.50","102.00","355000","37109000","285","104.00","104.50","51064781","114.50","94.10"
"1151002","5302","太欣","10.05","+0.19","9.78","10.15","9.75","409000","4064650","173","10.05","10.10","159888349","11.05","9.05"
"1151002","5309","系統電","65.70","+2.90","63.00","68.00","62.30","14789000","975020000","8592","65.70","65.80","231653594","72.20","59.20"
"1151002","5310","天剛","29.60","+2.40","27.20","29.90","26.15","131000","3837400","91","28.60","29.60","28943517","32.55","26.65"
"1151002","5312","寶島科","89.70","+0.20","89.10","89.70","89.10","14000","1249000","9","89.70","90.10","60059898","98.60","80.80"
"1151002","5314","世紀*","29.90","-0.70","30.40","30.60","29.65","31279000","935394800","13910","29.90","29.95","1205960000","32.85","26.95"
"1151002","5315","光聯","18.85","-0.05","18.95","18.95","18.75","114000","2144050","68","18.80","18.85","106351832","20.70","17.00"
"1151002","5321","美而快","68.60","-1.70","70.30","71.10","68.50","144000","9968000","115","68.60","68.90","59543149","75.40","61.80"
"1151002","5324","士開","12.45","0.00","12.45","12.50","12.40","113000","1407550","39","12.45","12.50","226379090","13.65","11.25"
"1151002","5328","華容","59.10","+0.70","57.50","60.80","56.50","27223000","1611911200","17446","59.10","59.20","172710724","65.00","53.20"
"1151002","5340","建榮","83.20","+2.80","81.00","83.70","80.60","1391000","114478400","982","83.10","83.20","194893964","91.50","74.90"
"1151002","5344","立衛","13.65","+0.20","13.75","13.75","13.40","73000","984500","31","13.40","13.65","79447460","15.00","12.30"
"1151002","5345","馥鴻","21.15","-0.15","21.60","21.60","21.15","11000","236750","4","21.25","22.30","37795000","23.25","19.05"
"1151002","5347","世界","187.00","+2.50","184.50","188.00","180.50","13690000","2525564000","9263","186.50","187.00","1878502192","205.50","168.50"
"1151002","5348","正能量智能","16.35","0.00","16.35","16.35","16.35","1000","16350","1","15.85","16.25","14775917","17.95","14.75"
"1151002","5351","鈺創","116.00","+6.50","110.50","116.50","110.00","16424000","1880078000","9738","116.00","116.50","328770781","127.50","104.50"
"1151002","5353","台林","28.65","+0.15","28.50","28.75","28.40","55000","1574150","43","28.65","28.70","75765000","31.50","25.80"
"1151002","5355","佳總","7.40","+0.30","7.00","7.45","6.96","190000","1370310","70","7.40","7.43","166122792","8.14","6.66"
"1151002","5356","協益","25.75","-0.15","25.75","25.90","25.75","36000","928150","13","25.75","25.80","103040000","28.30","23.20"
"1151002","5364","力麗店","8.31","-0.07","8.30","8.35","8.30","28000","232740","14","8.30","8.33","63849940","9.14","7.48"
"1151002","5381","光譜","23.35","+0.10","23.25","23.55","23.05","743000","17252700","321","23.35","23.40","207690562","25.65","21.05"
"1151002","5386","青雲","292.50","+4.00","292.50","297.50","291.00","637000","186920500","556","292.50","293.00","54121322","321.50","263.50"
"1151002","5392","能率","40.05","+0.15","39.90","40.20","39.70","483000","19309850","342","40.05","40.10","180093388","44.05","36.05"
"1151002","5398","慕康生醫","13.65","-0.15","13.70","14.10","13.65","100000","1378100","49","13.65","14.15","49465460","15.00","12.30"
"1151002","5403","中菲","92.70","-0.30","92.60","93.10","92.50","24000","2224600","17","92.80","92.90","78176123","101.50","83.50"
"1151002","5410","國眾","33.10","+0.20","32.90","33.10","32.70","188000","6170550","125","32.90","33.15","93368623","36.40","29.80"
"1151002","5425","台半","102.00","+4.50","98.30","104.00","96.50","21594000","2177196800","13977","101.50","102.00","263485486","112.00","91.80"
"1151002","5426","振發","29.65","+1.05","29.00","29.90","28.65","1066000","31195350","624","29.60","29.65","143800000","32.60","26.70"
"1151002","5432","新門","164.50","+6.00","159.00","166.50","159.00","323000","52958000","238","164.50","165.00","20687804","180.50","148.50"
"1151002","5438","東友","17.35","+0.10","17.30","17.35","17.20","19000","328600","17","17.25","17.35","112536565","19.05","15.65"
"1151002","5439","高技","253.00","+2.00","252.00","256.00","251.50","925000","234402000","722","253.00","253.50","92976751","278.00","228.00"
"1151002","5443","均豪","113.50","+1.50","111.50","114.50","111.00","1629000","184350000","1204","113.50","114.00","164746644","124.50","102.50"
"1151002","5450","南良","14.60","0.00","14.60","14.70","14.50","133000","1940700","72","14.55","14.70","122403239","16.05","13.15"
"1151002","5452","佶優","27.95","+0.50","27.45","28.05","27.45","602000","16800400","359","27.95","28.00","148763669","30.70","25.20"
"1151002","5455","昇益","----","---","----","----","----","0","0","0","30.05","30.70","65501813","33.75","27.65"
"1151002","5457","宣德","24.40","+0.50","24.00","24.60","23.80","473000","11453250","364","24.40","24.45","196428800","26.80","22.00"
"1151002","5460","同協","17.40","+0.15","17.40","17.40","17.20","167000","2896000","40","17.20","17.40","58778130","19.10","15.70"
"1151002","5464","霖宏","90.70","-1.80","94.00","94.00","89.50","524000","47801600","353","90.50","90.70","71071490","99.70","81.70"
"1151002","5465","富驊","33.10","-0.75","33.85","33.85","32.85","625000","20739150","403","33.05","33.10","147682629","36.40","29.80"
"1151002","5468","凱鈺","25.20","-0.25","25.85","25.85","25.10","125000","3158050","79","25.05","25.25","58922909","27.70","22.70"
"1151002","5474","聰泰","161.50","-3.50","163.50","164.00","161.00","125000","20300500","123","161.50","162.50","39756944","177.50","145.50"
"1151002","5475","德宏","180.50","+2.50","177.00","183.00","177.00","2710000","489965000","1986","180.50","181.00","127127017","198.50","162.50"
"1151002","5478","智冠","97.60","+0.10","97.60","97.70","97.30","48000","4681900","36","97.50","97.80","156074332","107.00","87.90"
"1151002","5481","新華","21.85","-0.25","22.10","22.10","21.70","217000","4742300","70","21.75","21.85","71402891","24.00","19.70"
"1151002","5483","中美晶","221.50","+10.00","210.50","229.50","209.50","47109000","10375989500","29060","221.00","221.50","641221651","243.50","199.50"
"1151002","5487","通泰","29.30","+0.60","28.70","29.30","28.55","31000","891600","19","28.80","28.95","24222516","32.20","26.40"
"1151002","5488","松普","12.30","+0.15","12.10","12.75","12.00","1131000","14012100","434","12.30","12.35","91586124","13.50","11.10"
"1151002","5489","彩富","42.30","-0.05","42.15","43.15","42.00","92000","3896950","54","42.25","42.50","102706441","46.50","38.10"
"1151002","5490","同亨","25.90","+0.30","25.70","25.90","25.55","163000","4200200","112","25.85","25.95","96152201","28.45","23.35"
"1151002","5493","三聯","91.30","+0.60","91.20","92.00","90.40","69000","6318100","60","91.30","91.50","43689255","100.00","82.20"
"1151002","5498","凱崴","55.60","+5.00","50.90","55.60","50.80","3927000","213150100","2470","55.60","0.00","193548545","61.10","50.10"
"1151002","5508","永信建","53.70","+0.30","54.70","55.40","53.60","336000","18236500","249","53.60","53.70","217428133","59.00","48.35"
"1151002","5511","德昌","69.00","-0.30","69.10","69.60","68.80","44000","3041100","35","69.00","69.20","136000000","75.90","62.10"
"1151002","5512","力麒","7.69","-0.01","7.71","7.71","7.67","553000","4252360","166","7.69","7.70","766312494","8.34","6.84"
"1151002","5514","三豐","15.15","+0.05","14.80","15.15","14.80","11000","165350","7","14.95","15.15","236118280","16.65","13.65"
"1151002","5516","雙喜","11.75","-0.25","11.75","11.75","11.75","1000","11750","1","11.75","11.95","51545223","12.90","10.60"
"1151002","5520","力泰","83.50","0.00","83.50","83.50","83.50","1000","83500","1","83.00","84.00","59975245","91.80","75.20"
"1151002","5523","豐謙","30.30","-0.05","30.20","30.30","30.20","5000","151400","4","30.25","30.30","155001464","33.30","27.30"
"1151002","5529","鉅陞","26.05","0.00","26.00","26.10","25.65","115000","2982150","48","25.90","26.10","105769350","28.65","23.45"
"1151002","5530","龍巖","48.70","-0.05","48.55","48.95","48.40","169000","8204950","113","48.60","48.70","420084199","53.50","43.85"
"1151002","5536","聖暉*","956.00","-3.00","964.00","975.00","938.00","1733000","1652185000","1564","955.00","956.00","124080930","1050.00","861.00"
"1151002","5543","桓鼎-KY","27.50","+0.50","27.50","27.50","27.50","1000","27500","1","26.60","27.15","46703593","30.25","24.75"
"1151002","5547","久舜","20.20","+0.05","20.25","20.25","20.20","10000","202100","10","20.15","20.25","51000000","22.20","18.20"
"1151002","5548","安倉","20.05","+0.05","20.00","20.10","20.00","15000","300500","11","20.00","20.05","63735065","22.05","18.05"
"1151002","5601","台聯櫃","30.55","+1.65","30.50","30.55","30.50","3000","91550","3","30.50","30.90","64800000","33.60","27.50"
"1151002","5603","陸海","13.55","+0.05","13.50","13.60","13.50","46000","622100","39","13.55","13.60","104876607","14.90","12.20"
"1151002","5604","中連","31.40","0.00","31.30","31.60","31.05","15000","471000","13","31.30","31.55","108782968","34.50","28.30"
"1151002","5609","中菲行","78.00","+0.10","78.00","78.30","77.90","69000","5383100","48","78.00","78.10","142884000","85.80","70.20"
"1151002","5701","劍湖山","4.07","0.00","4.07","4.07","4.01","55000","222280","20","4.02","4.07","143000000","4.47","3.67"
"1151002","5703","亞都","----","---","----","----","----","0","0","0","13.50","13.90","70239594","14.85","12.15"
"1151002","5704","老爺知","22.45","-0.15","22.65","22.65","22.45","10000","225650","9","22.45","22.50","58861658","24.65","20.25"
"1151002","5864","致和證","39.00","+0.75","38.35","39.10","37.85","2438000","94326150","1135","39.00","39.05","504490084","42.90","35.10"
"1151002","5878","台名","37.80","-0.05","37.80","37.80","37.80","5000","189000","5","37.80","37.90","25024303","41.55","34.05"
"1151002","5902","德記","34.20","-0.10","34.55","34.55","33.90","17000","580400","13","34.15","34.20","94500000","37.60","30.80"
"1151002","5903","全家","186.00","0.00","185.50","186.00","185.50","13000","2417000","12","186.00","186.50","223220000","204.50","167.50"
"1151002","5904","寶雅*","68.40","-0.70","69.10","69.10","68.20","3935000","269182700","2636","68.30","68.40","1064438260","75.20","61.60"
"1151002","5905","南仁湖","7.33","-0.07","7.40","7.40","7.31","193000","1419540","80","7.33","7.36","281623235","8.06","6.60"
"1151002","6015","宏遠證","17.80","+0.20","17.50","17.85","17.45","1572000","27832500","536","17.75","17.80","403665050","19.55","16.05"
"1151002","6016","康和證","23.90","+0.20","23.70","24.10","23.60","2839000","67825000","1050","23.90","23.95","772419946","26.25","21.55"
"1151002","6020","大展證","20.55","0.00","20.70","20.75","20.55","12000","247850","10","20.50","20.55","252353154","22.60","18.50"
"1151002","6021","美好證","41.80","+0.10","41.70","42.05","41.70","52000","2175700","29","41.75","42.00","312230974","45.95","37.65"
"1151002","6023","元大期","84.70","-0.10","84.80","85.00","84.10","355000","29979700","247","84.50","84.70","447972732","93.10","76.30"
"1151002","6026","福邦證","15.95","+0.10","15.95","16.05","15.85","755000","12043650","252","15.95","16.00","396161841","17.50","14.40"
"1151002","6028","公勝保經","99.80","+0.60","98.90","99.90","98.90","9000","894200","6","99.00","99.90","25000000","109.50","89.90"
"1151002","6101","寬魚國際","37.80","+0.05","37.60","37.80","37.40","85000","3199000","77","37.75","37.80","116601850","41.55","34.05"
"1151002","6103","合邦","36.95","+0.05","38.00","38.00","36.95","44000","1631900","33","36.90","36.95","13604891","40.60","33.30"
"1151002","6104","創惟","92.30","+0.60","92.40","92.50","91.60","233000","21459700","202","92.20","92.40","91129107","101.50","83.10"
"1151002","6109","亞元","10.35","-0.10","10.55","10.55","10.35","125000","1299200","58","10.30","10.35","87825414","11.35","9.32"
"1151002","6111","光聚晶電","38.40","+0.30","38.00","38.50","37.30","218000","8298350","150","38.40","38.45","108511051","42.20","34.60"
"1151002","6113","亞矽","24.45","-0.45","25.30","25.60","24.40","840000","20850850","531","24.45","24.65","52549455","26.85","22.05"
"1151002","6114","久威","23.40","-0.10","23.30","23.40","23.20","23000","536750","19","23.30","23.40","43911937","25.70","21.10"
"1151002","6118","建達","16.15","-0.15","16.35","16.35","16.15","207000","3355600","164","16.15","16.20","90889573","17.75","14.55"
"1151002","6121","新普","383.00","+3.50","379.50","385.00","379.00","348000","133160000","303","383.00","383.50","184970519","421.00","345.00"
"1151002","6122","擎邦","63.90","+1.60","62.50","63.90","60.80","2127000","133346100","1344","63.80","63.90","78091632","70.20","57.60"
"1151002","6123","上奇","43.05","+0.10","43.00","43.05","42.65","32000","1369100","24","43.05","43.10","62089430","47.35","38.75"
"1151002","6124","業強","27.10","-0.10","26.80","27.25","26.75","25000","673400","25","26.90","27.35","182479945","29.80","24.40"
"1151002","6125","廣運","50.90","+1.05","50.50","51.30","50.50","943000","48036500","646","50.90","51.00","259011150","55.90","45.85"
"1151002","6126","信音","31.25","+0.45","30.80","31.40","30.75","487000","15166200","315","31.20","31.25","130218658","34.35","28.15"
"1151002","6127","九豪","58.40","+1.60","57.00","59.60","55.80","29437000","1707672000","18587","58.40","58.50","108079751","64.20","52.60"
"1151002","6129","普誠","14.80","+0.10","14.90","15.15","14.75","500000","7463600","232","14.80","14.90","160574120","16.25","13.35"
"1151002","6130","上亞科技","23.60","+0.05","23.65","24.25","23.35","303000","7212250","87","23.60","23.75","46300000","25.95","21.25"
"1151002","6134","萬旭","28.90","-0.05","29.50","29.50","28.80","149000","4306300","100","28.80","28.90","81882117","31.75","26.05"
"1151002","6138","茂達","284.50","+1.00","285.00","291.00","283.50","719000","205783000","625","284.00","284.50","75633500","312.50","256.50"
"1151002","6140","訊達","20.10","+0.05","20.40","20.40","20.00","133000","2674450","102","20.10","20.15","54897760","22.10","18.10"
"1151002","6143","振曜","80.90","+0.30","80.70","81.00","80.40","173000","13968600","130","80.90","81.10","86058897","88.90","72.90"
"1151002","6144","得利影","14.05","+1.25","13.65","14.05","12.95","120000","1665750","88","14.05","0.00","38273701","15.45","12.65"
"1151002","6146","耕興","183.50","+2.00","181.50","183.50","181.00","224000","40903500","183","183.00","183.50","101867199","201.50","165.50"
"1151002","6147","頎邦","223.00","-2.50","224.50","227.00","221.00","28052000","6281052500","17951","222.50","223.00","744577539","245.00","201.00"
"1151002","6148","驊宏資","38.10","+0.05","38.45","38.90","37.45","1106000","42161700","751","38.10","38.20","46603757","41.90","34.30"
"1151002","6150","撼訊","68.50","-1.40","69.90","70.40","67.20","1738000","119107700","1122","68.20","68.50","48345985","75.30","61.70"
"1151002","6151","晉倫","35.20","+0.55","34.75","35.20","34.50","78000","2721250","64","35.10","35.20","55257300","38.70","31.70"
"1151002","6154","順發","14.20","0.00","14.30","14.30","14.20","20000","284500","15","14.20","14.25","80080000","15.60","12.80"
"1151002","6156","松上","22.35","+0.60","21.80","22.40","21.70","700000","15505150","445","22.35","22.40","107875010","24.55","20.15"
"1151002","6158","禾昌","17.40","+0.15","17.55","18.20","17.35","447000","7928850","248","17.35","17.40","55698288","19.10","15.70"
"1151002","6160","欣技","13.90","0.00","13.85","13.95","13.80","57000","791150","36","13.85","13.95","68489120","15.25","12.55"
"1151002","6161","捷波","49.65","-0.65","50.00","50.10","49.60","65000","3239850","51","49.65","49.95","56237477","54.60","44.70"
"1151002","6163","華電網","41.20","-0.20","41.50","41.95","41.05","495000","20430450","324","41.20","41.30","148838747","45.30","37.10"
"1151002","6167","久正","10.20","-0.05","10.25","10.30","10.20","237000","2429850","70","10.20","10.25","146000000","11.20","9.18"
"1151002","6169","昱泉","12.00","+0.15","11.70","12.10","11.60","12000","142050","12","11.75","12.00","23394960","13.20","10.80"
"1151002","6170","統振","49.25","+0.10","49.15","49.25","49.00","114000","5601850","68","49.15","49.25","97260038","54.10","44.35"
"1151002","6171","大城地產","24.50","除息","25.15","25.15","24.30","339000","8311650","160","24.40","24.55","100000000","26.95","22.05"
"1151002","6173","信昌電","303.00","+0.50","300.00","322.50","299.00","23916000","7468841500","17592","303.00","303.50","171200000","333.00","273.00"
"1151002","6174","安碁","55.00","+5.00","54.90","55.00","54.10","1557000","85569600","524","55.00","0.00","50000000","60.50","49.50"
"1151002","6175","立敦","76.70","+0.40","75.60","77.10","74.40","4673000","356734800","3171","76.70","76.80","150121812","84.30","69.10"
"1151002","6179","亞通","36.50","+0.55","36.00","36.70","35.85","3032000","109924100","1612","36.45","36.50","177324650","40.15","32.85"
"1151002","6180","橘子","41.20","-0.45","41.55","41.55","41.00","201000","8283900","146","41.15","41.25","175493573","45.30","37.10"
"1151002","6182","合晶","135.00","+5.00","131.00","140.00","128.50","140842000","19062253500","76074","134.50","135.00","635459979","148.50","121.50"
"1151002","6185","幃翔","12.45","-0.15","12.60","12.65","12.45","145000","1811050","64","12.45","12.50","149867531","13.65","11.25"
"1151002","6186","新潤","28.90","-0.20","29.05","29.05","28.85","378000","10944800","206","28.90","28.95","226907598","31.75","26.05"
"1151002","6187","萬潤","1355.00","+80.00","1290.00","1385.00","1290.00","2272000","3049710000","2043","1355.00","1360.00","98262739","1490.00","1220.00"
"1151002","6188","廣明","62.40","+0.30","62.20","62.60","61.90","473000","29477700","324","62.40","62.50","278358910","68.60","56.20"
"1151002","6190","萬泰科","70.80","-0.40","71.50","71.50","70.80","1189000","84430000","783","70.80","70.90","195820796","77.80","63.80"
"1151002","6194","育富","29.95","-0.15","30.00","30.00","29.90","29000","868450","14","29.90","30.00","48000000","32.90","27.00"
"1151002","6195","詩肯","28.10","-0.10","28.20","28.25","28.05","52000","1461750","11","28.05","28.20","50192942","30.90","25.30"
"1151002","6198","瑞築","19.95","0.00","19.95","19.95","19.95","1000","19950","1","19.45","19.90","171400350","21.90","18.00"
"1151002","6199","天品","132.00","+4.00","128.00","134.00","128.00","5822000","760824500","1886","131.50","132.00","61760018","145.00","119.00"
"1151002","006201","元大富櫃50","47.86","+1.27","46.80","47.86","46.80","188000","8925820","127","47.86","47.87","22946000","52.60","43.08"
"1151002","6203","海韻電","60.30","0.00","60.30","61.00","59.90","30000","1803200","16","60.30","60.40","82401370","66.30","54.30"
"1151002","6204","艾華","110.00","+5.50","105.50","114.00","105.00","816000","89990500","659","109.50","110.00","23102080","121.00","99.00"
"1151002","6207","雷科","148.00","+3.00","145.00","152.50","141.50","25640000","3774575500","18256","148.00","148.50","93066484","162.50","133.50"
"1151002","6208","日揚","80.40","+0.90","80.10","80.60","79.00","349000","27841600","286","80.40","80.50","94462343","88.40","72.40"
"1151002","6210","慶生","17.80","-0.10","17.50","17.80","17.45","12000","210650","8","17.55","17.85","35048000","19.55","16.05"
"1151002","6212","理銘","32.10","-0.15","32.25","32.25","32.10","2000","64350","2","32.05","33.15","102000000","35.30","28.90"
"1151002","6217","中探針","177.50","+3.00","174.00","184.00","174.00","4219000","755752500","3174","177.50","178.00","117210018","195.00","160.00"
"1151002","6218","豪勉","64.40","+1.60","63.20","64.90","62.80","1546000","98713200","1097","64.30","64.40","64262000","70.80","58.00"
"1151002","6219","富旺","12.15","-0.20","12.35","12.35","12.05","88000","1075650","58","12.10","12.25","124967090","13.35","10.95"
"1151002","6220","岳豐","25.45","+0.15","25.35","25.45","25.15","163000","4121200","113","25.35","25.45","146462640","27.95","22.95"
"1151002","6221","晉泰","30.25","-0.70","30.90","30.95","30.10","923000","28049600","624","30.20","30.25","168612206","33.25","27.25"
"1151002","6222","立軒","19.95","+0.65","19.95","19.95","19.95","2000","39900","2","19.10","19.95","95688878","21.90","18.00"
"1151002","6223","旺矽","5310.00","+280.00","5055.00","5310.00","5055.00","1000000","5231850000","946","5305.00","5310.00","97981309","5840.00","4780.00"
"1151002","6227","茂綸","140.50","+3.50","138.50","142.00","134.50","1486000","206509500","1190","140.00","141.00","76111786","154.50","126.50"
"1151002","6228","全譜","18.25","+0.10","18.60","18.70","18.25","14000","258950","13","18.05","18.60","29000000","20.05","16.45"
"1151002","6229","研通","24.20","+0.05","24.35","24.35","23.95","80000","1932850","51","24.15","24.20","40360700","26.60","21.80"
"1151002","6231","系微","243.00","+6.00","237.00","247.50","237.00","380000","92422000","341","243.00","243.50","45652186","267.00","219.00"
"1151002","6233","旺玖","23.55","0.00","23.55","23.60","23.40","268000","6297200","159","23.55","23.60","80971896","25.90","21.20"
"1151002","6234","高僑","39.95","+0.40","39.55","40.75","39.50","964000","38734650","658","39.95","40.15","100386398","43.90","36.00"
"1151002","6236","中湛","16.90","-1.80","18.80","18.80","16.85","6000","105050","6","0.00","18.35","41654039","18.55","15.25"
"1151002","6237","驊訊","36.30","-0.45","36.35","36.60","36.00","253000","9172800","214","36.30","36.40","79645371","39.90","32.70"
"1151002","6240","松崗","26.40","+1.10","26.00","27.35","25.85","47000","1241400","40","26.25","26.40","22867370","29.00","23.80"
"1151002","6241","鑫永洋","16.25","+0.10","16.20","16.40","15.95","96000","1543100","57","16.10","16.30","45533670","17.85","14.65"
"1151002","6242","立康","33.85","-0.20","34.05","34.05","33.85","5000","170050","5","33.80","34.05","31806500","37.20","30.50"
"1151002","6244","茂迪","24.10","+0.25","23.70","24.30","23.60","2670000","63874350","1499","24.10","24.15","387041875","26.50","21.70"
"1151002","6245","立端","88.20","-0.10","87.90","89.00","87.60","351000","30944800","273","88.10","88.20","146608303","97.00","79.40"
"1151002","6246","臺龍","12.65","-0.05","12.60","12.85","12.60","20000","253300","18","12.65","12.70","37851415","13.90","11.40"
"1151002","6248","沛波","17.20","-0.05","17.25","17.30","17.00","87000","1494600","41","17.10","17.25","99956149","18.90","15.50"
"1151002","6259","百徽","32.65","+0.85","32.10","32.80","31.55","616000","19956750","400","32.60","32.65","28056146","35.90","29.40"
"1151002","6261","久元","78.90","-0.20","79.00","79.50","78.40","296000","23349900","249","78.90","79.00","128497989","86.70","71.10"
"1151002","6263","普萊德","169.50","+5.50","167.50","174.00","165.00","591000","100741500","500","168.50","169.50","62500964","186.00","153.00"
"1151002","6264","富裔","6.35","+0.32","5.92","6.57","5.92","20000","123540","16","6.04","6.30","136355291","6.98","5.72"
"1151002","6265","方土昶","50.10","+0.85","49.85","50.70","49.70","2539000","127385800","1574","50.10","50.20","118172151","55.10","45.10"
"1151002","6266","泰詠","26.90","+1.95","25.00","27.40","25.00","2875000","77442650","1389","26.90","27.00","153871641","29.55","24.25"
"1151002","6270","倍微","31.00","+0.45","30.60","31.60","30.45","429000","13331400","227","31.00","31.15","72145759","34.10","27.90"
"1151002","6274","台燿","1620.00","+85.00","1540.00","1685.00","1530.00","11778000","19053600000","9210","1615.00","1620.00","299460093","1780.00","1460.00"
"1151002","6275","元山","47.85","+0.40","47.30","48.00","47.15","321000","15321900","218","47.80","47.85","80344567","52.60","43.10"
"1151002","6276","安鈦克","----","---","----","----","----","0","0","0","19.35","19.55","22043000","21.50","17.60"
"1151002","6279","胡連","117.00","+4.00","113.00","117.50","112.50","748000","86755500","555","117.00","117.50","119015736","128.50","105.50"
"1151002","6284","佳邦","79.80","-0.50","80.80","81.40","79.70","2240000","180101300","1694","79.80","79.90","148980341","87.70","71.90"
"1151002","6290","良維","277.00","-0.50","279.00","280.00","276.00","1720000","477208500","1275","277.00","277.50","169652410","304.50","249.50"
"1151002","6291","沛亨","493.00","+4.00","492.00","504.00","489.00","731000","362547000","676","493.00","494.50","42000000","542.00","444.00"
"1151002","6292","迅德","70.90","+3.70","67.90","71.30","66.60","1056000","73828700","732","70.80","70.90","46600712","77.90","63.90"
"1151002","6294","智基","28.05","-0.10","28.50","28.50","28.05","8000","225000","6","28.05","28.40","26047106","30.85","25.25"
"1151002","6411","晶焱","79.50","+1.10","78.70","79.70","78.00","342000","27015300","256","79.40","79.50","99508031","87.40","71.60"
"1151002","6417","韋僑","104.00","+2.00","102.00","104.00","102.00","84000","8657000","79","103.50","104.00","42274000","114.00","93.60"
"1151002","6418","詠昇","34.65","+0.10","34.10","34.95","34.05","36000","1245800","22","34.65","34.75","34522000","38.10","31.20"
"1151002","6419","京晨科","156.00","+1.00","157.50","160.00","156.00","195000","30749000","152","156.00","156.50","13159170","171.50","140.50"
"1151002","6423","億而得","95.50","+1.10","103.50","103.50","95.50","459000","45962900","398","95.50","97.40","31016000","105.00","86.00"
"1151002","6425","易發","79.80","-1.50","79.20","80.00","78.50","1082000","85740900","871","79.50","79.80","51382317","87.70","71.90"
"1151002","6432","今展科","66.60","-3.20","67.20","70.50","64.60","4440000","300756800","3309","66.60","66.70","40017865","73.20","60.00"
"1151002","6435","大中","277.00","+15.00","269.50","280.00","260.00","1719000","467912500","1462","277.00","277.50","37461300","304.50","249.50"
"1151002","6441","廣錠","24.95","+0.05","25.35","25.50","24.80","168000","4211350","133","24.90","25.10","53318429","27.40","22.50"
"1151002","6461","益得","26.45","+2.40","24.05","26.45","24.05","442000","11535450","261","26.45","0.00","110324527","29.05","23.85"
"1151002","6462","神盾","106.00","-1.00","106.50","106.50","104.00","544000","57295500","396","105.50","106.00","91250754","116.50","95.40"
"1151002","6465","威潤","42.10","+0.50","41.70","42.40","41.55","77000","3225000","67","41.70","42.15","59073685","46.30","37.90"
"1151002","6469","大樹","64.50","+0.10","64.40","64.60","64.20","198000","12745500","110","64.40","64.50","159104252","70.90","58.10"
"1151002","6470","宇智","42.75","+0.05","42.20","42.75","42.20","39000","1655700","32","42.75","42.80","37694100","47.00","38.50"
"1151002","6474","華豫寧","35.75","+0.30","35.45","35.75","35.45","30000","1069400","22","35.70","35.75","52526199","39.30","32.20"
"1151002","6482","弘煜科","24.20","+0.55","24.20","24.20","24.20","1000","24200","1","23.40","23.70","28634463","26.60","21.80"
"1151002","6485","點序","83.60","-1.10","85.10","86.20","80.00","2924000","241912500","2060","83.30","83.60","47366493","91.90","75.30"
"1151002","6486","互動","80.90","-0.40","81.30","81.60","80.80","45000","3655900","39","80.70","81.00","50893286","88.90","72.90"
"1151002","6488","環球晶","1190.00","+105.00","1090.00","1190.00","1075.00","15514000","17760320000","11072","1190.00","0.00","478113725","1305.00","1075.00"
"1151002","6492","生華科","34.40","-0.20","34.90","34.90","34.00","123000","4214800","99","34.35","34.45","114903620","37.80","31.00"
"1151002","6494","九齊","53.30","+0.90","52.30","53.30","51.60","85000","4462000","70","52.80","53.50","31559690","58.60","48.00"
"1151002","6496","科懋","23.95","+0.15","23.95","24.25","23.95","6000","144400","6","23.65","24.20","47290220","26.30","21.60"
"1151002","6498","久禾光","68.40","+0.10","68.00","68.40","67.70","57000","3872600","43","68.30","68.40","47475892","75.20","61.60"
"1151002","6499","益安","79.80","+0.70","79.50","80.10","78.20","271000","21437000","219","79.80","80.00","96944893","87.70","71.90"
"1151002","6506","雙邦","18.60","+0.05","18.60","18.70","18.25","60000","1109950","37","18.50","18.70","82360826","20.45","16.75"
"1151002","6508","惠光","26.50","-0.50","27.00","27.00","26.50","37000","987250","31","26.50","26.60","86538864","29.15","23.85"
"1151002","6509","聚和","49.90","+1.10","49.05","50.30","48.90","1940000","96792900","1081","49.90","50.00","197434268","54.80","44.95"
"1151002","6510","精測","3070.00","+70.00","3000.00","3120.00","3000.00","526000","1609975000","501","3070.00","3075.00","32929138","3375.00","2765.00"
"1151002","6512","啟發電","20.20","-0.05","20.25","20.25","20.20","3000","60650","2","20.25","20.35","25260000","22.20","18.20"
"1151002","6516","勤崴國際","56.50","0.00","56.00","56.60","56.00","40000","2246200","31","56.40","56.70","56336935","62.10","50.90"
"1151002","6517","保勝光學","66.00","+2.50","63.60","66.30","63.60","355000","23193700","302","65.90","66.00","30579053","72.60","59.40"
"1151002","6523","達爾膚","89.20","-0.30","89.00","90.60","89.00","20000","1790700","19","89.10","89.40","45047625","98.10","80.30"
"1151002","6527","明達醫","74.80","-0.20","75.00","75.00","74.50","33000","2470300","15","74.60","75.00","25458550","82.20","67.40"
"1151002","6530","創威","100.50","-1.50","102.00","104.00","100.50","1584000","162211500","1365","100.50","101.00","33750000","110.50","90.50"
"1151002","6532","瑞耘","120.00","-2.50","123.00","123.50","117.50","1529000","183398000","1227","119.50","120.00","37445147","132.00","108.00"
"1151002","6535","順藥","85.00","+4.10","80.50","85.20","80.50","273000","22860700","225","84.90","85.00","167840825","93.50","76.50"
"1151002","6538","倉和","372.50","+3.00","369.50","382.00","352.00","1880000","693273000","1533","372.50","373.00","38443145","409.50","335.50"
"1151002","6542","隆中","40.00","+0.10","40.90","40.90","39.80","5000","200650","4","39.90","40.60","42000630","44.00","36.00"
"1151002","6546","正基","60.30","+0.60","59.40","60.60","59.40","169000","10181200","130","60.30","60.40","66848449","66.30","54.30"
"1151002","6547","高端疫苗","60.80","-1.80","63.00","63.10","60.80","3098000","190153000","1773","60.80","60.90","329459855","66.80","54.80"
"1151002","6548","長科*","76.70","+5.20","71.60","77.20","71.40","8599000","649686700","5061","76.70","76.80","950464700","84.30","69.10"
"1151002","6556","勝品","60.80","-0.80","60.50","60.80","60.50","7000","424800","7","60.70","61.30","28750000","66.80","54.80"
"1151002","6560","欣普羅","31.90","-0.70","32.60","32.60","31.90","42000","1349250","36","31.85","31.95","32474715","35.05","28.75"
"1151002","6561","是方","313.00","+2.50","310.00","313.00","309.00","49000","15258500","39","312.50","313.00","77958370","344.00","282.00"
"1151002","6568","宏觀","141.00","+1.00","141.50","142.00","139.50","62000","8729000","58","141.00","141.50","30799700","155.00","127.00"
"1151002","6569","醫揚","91.80","+0.50","91.40","91.80","91.30","7000","641400","6","91.60","91.90","42820745","100.50","82.70"
"1151002","6570","維田","47.25","-0.30","47.55","47.70","47.20","70000","3319150","55","47.25","47.45","37119170","51.90","42.55"
"1151002","6574","霈方","119.50","+1.00","118.00","119.50","117.50","21000","2479000","19","118.00","119.50","21990000","131.00","108.00"
"1151002","6576","逸達","79.00","-0.10","79.20","79.20","78.40","179000","14123200","93","79.00","79.10","157579266","86.90","71.10"
"1151002","6577","勁豐","81.20","+0.70","80.50","81.20","80.50","65000","5249000","49","81.10","81.20","60060145","89.30","73.10"
"1151002","6578","達邦蛋白","16.45","-0.05","16.55","16.55","16.45","12000","197950","12","16.40","16.45","71941901","18.05","14.85"
"1151002","6584","南俊國際","531.00","0.00","531.00","543.00","525.00","384000","204390000","373","530.00","531.00","71381810","584.00","478.00"
"1151002","6588","東典光電","114.00","+4.00","110.50","116.00","110.50","1545000","175939000","1198","114.00","114.50","34700825","125.00","103.00"
"1151002","6590","普鴻","65.50","+0.40","65.10","65.50","63.50","24000","1547500","22","63.90","65.50","28695603","72.00","59.00"
"1151002","6593","台灣銘板","31.90","-0.40","31.70","32.00","31.60","17000","538350","17","31.80","32.00","31856609","35.05","28.75"
"1151002","6596","寬宏藝術","96.60","-0.60","96.80","96.80","96.40","58000","5601700","56","96.60","96.80","38000000","106.00","87.00"
"1151002","6597","立誠","63.00","0.00","63.00","63.00","63.00","10000","630000","8","63.00","63.50","30042250","69.30","56.70"
"1151002","6603","富強鑫","29.25","-0.55","31.45","31.45","29.20","10819000","327844100","5872","29.25","29.30","167442946","32.15","26.35"
"1151002","6609","瀧澤科","39.10","-0.45","39.45","39.45","39.10","78000","3062600","68","39.10","39.30","72456246","43.00","35.20"
"1151002","6612","奈米醫材","76.50","-0.50","77.00","81.50","76.50","95000","7477200","86","76.30","76.90","52266043","84.10","68.90"
"1151002","6613","朋億*","281.00","+2.50","279.00","281.50","277.50","248000","69445000","218","280.50","281.00","77801485","309.00","253.00"
"1151002","6615","慧智","33.65","+0.15","33.70","34.00","33.55","9000","303450","9","33.45","33.80","21593400","37.00","30.30"
"1151002","6616","特昇-KY","8.25","-0.01","8.30","8.30","8.11","5000","41160","5","8.24","8.26","35478473","9.07","7.43"
"1151002","6617","共信-KY","131.50","-0.50","132.50","134.50","128.00","541000","71711000","413","131.00","131.50","127506100","144.50","118.50"
"1151002","6620","漢達","143.50","-1.00","145.00","149.50","142.50","3947000","574520000","2444","143.50","144.00","169981900","157.50","129.50"
"1151002","6624","萬年清","38.35","+0.35","38.45","38.45","37.55","7000","266050","7","37.60","37.95","22579482","42.15","34.55"
"1151002","6629","泰金-KY","103.50","0.00","103.00","104.50","102.00","27000","2792000","12","103.00","103.50","38379563","113.50","93.20"
"1151002","6637","醫影","53.40","-0.50","53.90","54.00","53.40","10000","536700","10","53.70","54.00","26810000","58.70","48.10"
"1151002","6640","均華","1125.00","+15.00","1110.00","1165.00","1110.00","286000","323845000","270","1125.00","1130.00","28911500","1235.00","1015.00"
"1151002","6642","富致","83.60","+0.60","83.10","84.90","82.70","237000","19909300","196","83.50","83.60","37399662","91.90","75.30"
"1151002","6643","M31","516.00","-5.00","520.00","524.00","513.00","760000","393660000","708","516.00","517.00","42090160","567.00","464.50"
"1151002","6649","台生材","37.35","+0.15","37.00","37.45","36.75","40000","1488050","26","37.20","37.25","42000000","41.05","33.65"
"1151002","6651","全宇昕","150.50","+3.00","147.50","152.00","147.00","163000","24546000","129","150.50","151.00","34601541","165.50","135.50"
"1151002","6654","天正國際","219.00","+9.00","215.00","221.00","214.00","94000","20402500","65","215.00","219.00","40962720","240.50","197.50"
"1151002","6661","威健生技","----","---","----","----","----","0","0","0","16.75","16.80","23304248","18.40","15.10"
"1151002","6662","樂斯科","28.60","+0.10","28.50","28.60","27.90","16000","449500","9","27.90","28.65","25612400","31.45","25.75"
"1151002","6664","群翊","378.00","+6.50","375.00","380.00","371.00","420000","158212000","356","377.50","378.00","61151307","415.50","340.50"
"1151002","6667","信紘科","260.00","-1.00","263.50","263.50","260.00","215000","56110000","183","260.00","260.50","53478878","286.00","234.00"
"1151002","6679","鈺太","209.00","+4.50","203.50","209.50","203.50","257000","53316000","221","209.00","209.50","54975335","229.50","188.50"
"1151002","6680","鑫創電子","----","---","----","----","----","0","0","0","51.60","52.20","24671427","56.70","46.45"
"1151002","6683","雍智科技","1490.00","-85.00","1595.00","1650.00","1480.00","1589000","2416250000","1406","1490.00","1495.00","27557161","1635.00","1345.00"
"1151002","6684","安格","50.00","-0.10","50.90","50.90","49.70","61000","3046650","49","49.90","50.10","44559496","55.00","45.00"
"1151002","6690","安碁資訊","176.00","-1.00","177.00","178.50","175.50","57000","10041500","55","175.50","176.00","29999720","193.50","158.50"
"1151002","6692","進能服","22.70","-0.35","22.70","22.70","22.50","12000","272050","10","22.50","23.15","58843890","24.95","20.45"
"1151002","6693","廣閎科","206.00","-6.50","213.50","214.00","205.00","1425000","297779500","1218","206.00","206.50","45720000","226.50","185.50"
"1151002","6697","東捷資訊","41.15","+0.05","41.10","41.15","40.80","34000","1393200","22","40.80","41.00","27323364","45.25","37.05"
"1151002","6703","軒郁","100.50","0.00","99.90","100.50","99.90","7000","701900","6","100.00","100.50","36257210","110.50","90.50"
"1151002","6708","天擎","62.40","+5.60","62.00","62.40","59.90","827000","51486400","361","62.40","0.00","29008779","68.60","56.20"
"1151002","6712","長聖","161.00","-1.00","165.00","167.00","160.50","404000","65749000","348","161.00","161.50","100488861","177.00","145.00"
"1151002","6716","應廣","121.00","+3.50","118.00","121.50","115.00","574000","68217500","473","121.00","121.50","30241814","133.00","109.00"
"1151002","6720","久昌","126.00","-0.50","125.50","126.50","122.50","76000","9472500","57","125.50","126.50","30225741","138.50","113.50"
"1151002","6721","信實","----","---","----","----","----","0","0","0","49.95","50.70","24500000","55.20","45.20"
"1151002","6725","矽科宏晟","220.50","-0.50","220.50","222.00","219.50","53000","11681000","46","220.00","221.00","37130000","242.50","198.50"
"1151002","6727","亞泰金屬","516.00","+28.00","492.50","527.00","492.50","1837000","943354500","1571","516.00","518.00","26884177","567.00","464.50"
"1151002","6728","上洋","108.50","-0.50","108.50","108.50","107.00","29000","3123500","25","108.00","109.00","30120000","119.00","97.70"
"1151002","6730","常廣","31.95","-0.25","32.00","33.00","31.65","21000","670450","14","31.70","31.90","36298151","35.10","28.80"
"1151002","6732","昇佳電子","154.50","+2.50","152.00","154.50","152.00","89000","13669000","75","154.00","154.50","48912618","169.50","139.50"
"1151002","6733","博晟生醫","25.10","+0.15","24.90","25.15","24.85","73000","1819250","42","24.85","25.10","134316026","27.60","22.60"
"1151002","6735","美達科技","67.50","+0.70","66.10","67.80","66.10","47000","3156100","41","67.00","67.50","46182292","74.20","60.80"
"1151002","6739","竹陞科技","1175.00","+70.00","1115.00","1175.00","1115.00","337000","388745000","312","1170.00","1175.00","23392500","1290.00","1060.00"
"1151002","6741","91APP*-KY","55.10","-0.50","55.80","55.80","55.00","149000","8218800","109","55.00","55.20","120577997","60.60","49.60"
"1151002","6751","智聯服務","44.50","+0.50","43.80","44.55","43.80","5000","221050","5","44.30","44.75","22200000","48.95","40.05"
"1151002","6752","叡揚","96.50","+0.30","96.20","97.50","96.20","7000","675900","6","96.20","97.00","38258471","106.00","86.90"
"1151002","6761","穩得","168.00","+3.50","165.50","169.50","165.00","162000","27142500","123","167.50","168.00","34955867","184.50","151.50"
"1151002","6762","達亞","161.00","+5.00","153.00","161.00","151.00","5000","768000","5","149.00","161.00","36930288","177.00","145.00"
"1151002","6763","綠界科技*","41.45","+0.25","41.35","41.90","41.35","159000","6603100","102","41.45","41.50","184039130","45.55","37.35"
"1151002","6767","台微醫","24.45","-0.15","24.45","24.60","24.45","10000","244750","7","24.10","24.45","39183630","26.85","22.05"
"1151002","6785","昱展新藥","94.70","-0.60","95.10","95.40","94.20","33000","3120200","29","94.40","95.60","66800000","104.00","85.30"
"1151002","6788","華景電","360.00","+13.50","347.50","365.50","347.00","422000","150725500","362","360.00","360.50","38739683","396.00","324.00"
"1151002","6791","虎門科技","100.00","-0.50","100.50","100.50","100.00","5000","502000","3","100.00","101.00","20847000","110.00","90.00"
"1151002","6803","崑鼎","267.00","0.00","266.50","267.50","265.50","43000","11451500","43","267.00","267.50","72794385","293.50","240.50"
"1151002","6804","明係","18.35","0.00","18.00","18.35","18.00","24000","438250","10","18.35","18.40","47500000","20.15","16.55"
"1151002","6811","宏碁資訊","240.00","-3.50","244.00","244.00","239.00","172000","41432000","138","240.00","241.00","41449000","264.00","216.00"
"1151002","6821","聯寶","46.45","+4.20","43.00","46.45","43.00","615000","27566100","387","46.45","0.00","35767479","51.00","41.85"
"1151002","6823","濾能","61.10","+0.40","61.20","61.30","60.80","15000","915700","15","61.00","61.20","30533920","67.20","55.00"
"1151002","6829","千附精密","208.00","+3.00","205.00","208.50","205.00","294000","60990000","246","208.00","208.50","59169000","228.50","187.50"
"1151002","6840","東研信超","98.70","-0.60","99.90","99.90","97.30","218000","21478800","169","98.60","98.70","30767284","108.50","88.90"
"1151002","6841","長佳智能","56.50","-0.50","56.90","57.10","56.20","178000","10086900","126","56.50","56.90","95223000","62.10","50.90"
"1151002","6843","進典","38.60","+0.15","38.00","38.85","37.95","32000","1219600","21","38.25","38.55","33304000","42.45","34.75"
"1151002","6844","諾貝兒","57.00","-0.40","56.10","57.00","55.80","11000","619100","10","56.50","57.00","37428440","62.70","51.30"
"1151002","6846","綠茵","58.50","+0.10","58.00","58.50","58.00","3000","174500","2","58.00","58.40","27066039","64.30","52.70"
"1151002","6855","數泓科","113.50","-0.50","113.00","113.50","113.00","4000","453500","4","112.00","113.50","23249716","124.50","102.50"
"1151002","6856","鑫傳","41.65","+0.60","41.65","41.65","41.65","1000","41650","1","40.95","41.30","28200000","45.80","37.50"
"1151002","6859","伯特光","122.50","+2.00","121.00","122.50","120.50","30000","3645000","25","121.00","122.50","41588600","134.50","110.50"
"1151002","6865","偉康科技","27.65","0.00","27.65","27.65","27.15","4000","110100","4","27.45","27.65","15840645","30.40","24.90"
"1151002","6870","騰雲","312.00","-2.50","314.00","321.50","309.50","82000","25818000","73","311.00","312.50","28462772","343.00","281.00"
"1151002","6872","浩宇生醫","23.10","+0.10","23.75","23.75","23.00","78000","1812750","50","23.10","23.15","70750511","25.40","20.80"
"1151002","6874","倍力","70.40","0.00","70.40","70.40","70.00","11000","773600","8","70.40","70.50","24156200","77.40","63.40"
"1151002","6875","國邑*","29.90","-1.40","30.90","31.05","29.85","650000","19574250","359","29.90","30.00","129182804","32.85","26.95"
"1151002","6877","鏵友益","152.00","+13.50","152.00","152.00","150.00","352000","53476000","150","152.00","0.00","46967122","167.00","137.00"
"1151002","6881","潤德","215.00","0.00","215.00","215.00","215.00","3000","645000","3","214.00","216.00","15000000","236.50","193.50"
"1151002","6884","海柏特","31.35","-0.05","30.55","31.35","30.55","3000","92500","3","30.60","31.40","18390000","34.45","28.25"
"1151002","6894","衛司特","363.00","+3.00","357.00","363.50","357.00","30000","10807000","27","363.00","363.50","23800000","399.00","327.00"
"1151002","6895","宏碩系統","149.50","-1.50","146.00","149.50","146.00","16000","2347500","15","149.50","150.50","34100000","164.00","135.00"
"1151002","6899","創為精密","49.50","0.00","49.50","49.65","49.35","10000","495200","10","49.20","49.60","42398491","54.40","44.55"
"1151002","6903","巨漢","317.00","+1.00","316.00","320.50","315.00","214000","67921000","205","316.50","317.50","66676000","348.50","285.50"
"1151002","6904","伯鑫","122.00","0.00","122.00","122.00","122.00","1000","122000","1","118.00","121.00","18500000","134.00","110.00"
"1151002","6907","雅特力-KY","200.50","+2.00","200.00","206.00","196.00","2615000","526522500","2058","200.50","201.00","62542400","220.50","180.50"
"1151002","6910","德鴻","26.25","-0.55","26.20","26.40","26.15","8000","210350","8","26.20","26.35","30521000","28.85","23.65"
"1151002","6913","鴻呈","130.00","+1.00","129.00","130.00","129.00","102000","13211500","86","130.00","130.50","43848863","143.00","117.00"
"1151002","6922","宸曜","212.50","-8.50","221.50","221.50","212.50","187000","40187500","145","212.50","213.50","27155385","233.50","191.50"
"1151002","6925","意藍","68.50","-3.60","72.10","72.10","68.50","492000","34314600","418","68.50","68.60","20000300","75.30","61.70"
"1151002","6929","佑全","22.30","+0.50","21.20","22.30","20.95","8000","171050","7","20.95","22.30","45090000","24.50","20.10"
"1151002","6945","圓祥生技","136.00","-7.00","140.50","142.00","132.00","610000","83235500","541","135.00","136.00","97531160","149.50","122.50"
"1151002","6953","家碩","256.00","+3.50","255.50","262.50","252.50","256000","65719000","218","255.00","256.50","30014600","281.50","230.50"
"1151002","6961","旅天下","47.40","-0.25","47.50","48.00","47.30","34000","1619850","25","47.40","47.45","26834000","52.10","42.70"
"1151002","6967","汎瑋材料","70.00","-1.50","71.10","71.10","69.10","183000","12768500","156","69.80","70.20","30404477","77.00","63.00"
"1151002","6968","萬達寵物","41.30","-0.15","41.50","41.55","40.80","46000","1901750","37","41.10","41.50","50436279","45.40","37.20"
"1151002","6971","惠民實業","23.45","+0.15","23.75","23.75","23.25","6000","141000","6","23.35","23.60","38668000","25.75","21.15"
"1151002","6982","大井泵浦","45.00","+0.30","45.40","45.40","44.15","30000","1344300","24","44.90","45.00","40752381","49.50","40.50"
"1151002","6983","華洋精機","355.00","+2.00","355.00","355.00","349.00","13000","4580000","13","351.50","355.00","18020000","390.50","319.50"
"1151002","6986","和迅","44.00","0.00","44.10","44.10","43.90","213000","9372250","70","44.00","44.05","52134000","48.40","39.60"
"1151002","6996","力領科技","169.50","0.00","170.00","171.50","169.00","31000","5280000","29","169.00","170.00","41997833","186.00","153.00"
"1151002","6997","博弘","68.70","+1.70","69.30","69.30","68.50","3000","206500","3","66.40","68.70","22100500","75.50","61.90"
"1151002","7402","邑錡","101.00","+0.50","100.50","102.00","99.70","107000","10756400","98","101.00","101.50","35280646","111.00","90.90"
"1151002","7547","碩網","64.10","0.00","64.50","65.50","64.10","114000","7383100","93","64.10","64.20","33963000","70.50","57.70"
"1151002","7556","意德士","273.00","+10.50","261.00","273.50","260.00","91000","24451500","60","270.00","273.50","29083868","300.00","246.00"
"1151002","7584","樂意","----","---","----","----","----","0","0","0","27.90","28.60","17055469","31.45","25.75"
"1151002","7642","昶瑞機電","68.80","+0.60","69.90","69.90","68.00","22000","1507300","21","68.40","68.80","30150000","75.60","62.00"
"1151002","7703","銳澤","205.00","0.00","204.50","206.00","204.00","30000","6144000","26","205.00","205.50","34745000","225.50","184.50"
"1151002","7704","明遠精密","61.00","-0.20","61.20","61.20","60.60","35000","2131400","28","60.60","61.00","33769804","67.10","54.90"
"1151002","7708","全家餐飲","91.80","-0.40","92.00","92.00","91.80","6000","551400","6","91.80","92.00","25500000","100.50","82.70"
"1151002","7709","榮田","85.30","-0.50","85.50","87.20","84.20","146000","12492500","105","85.30","85.60","39102740","93.80","76.80"
"1151002","7712","博盛半導體","170.50","+1.50","173.50","176.00","168.00","650000","110963000","558","170.00","170.50","32561873","187.50","153.50"
"1151002","7713","威力德生醫","----","---","----","----","----","0","0","0","73.00","73.70","45478843","81.00","66.40"
"1151002","7714","創泓科技","171.00","+1.50","168.00","172.50","168.00","128000","21833500","117","171.00","171.50","21000000","188.00","154.00"
"1151002","7715","裕山","28.25","-0.10","28.10","28.35","28.10","30000","847300","24","28.25","28.65","32756500","31.05","25.45"
"1151002","7716","昱臺國際","24.45","+0.50","24.45","24.45","24.45","1000","24450","1","23.60","24.45","22500000","26.85","22.05"
"1151002","7717","萊德光電-KY","561.00","+10.00","553.00","581.00","550.00","613000","345584000","534","560.00","561.00","24831518","617.00","505.00"
"1151002","7718","友鋮","45.85","-0.15","45.85","45.85","45.85","1000","45850","1","45.70","46.00","46356484","50.40","41.30"
"1151002","7723","築間","18.25","0.00","18.20","18.40","18.15","43000","784800","33","18.25","18.30","49619550","20.05","16.45"
"1151002","7728","光焱科技","645.00","-4.00","649.00","661.00","635.00","41000","26478000","40","644.00","649.00","13992621","709.00","581.00"
"1151002","7734","印能科技","2825.00","+30.00","2795.00","2880.00","2765.00","215000","608125000","202","2825.00","2840.00","28000000","3105.00","2545.00"
"1151002","7738","東聯互動","155.00","-1.00","157.50","157.50","155.00","23000","3585000","21","155.00","156.50","27355799","170.50","139.50"
"1151002","7743","金利食安","25.25","+0.25","25.15","25.30","25.00","97000","2442850","62","25.25","25.30","36483338","27.75","22.75"
"1151002","7744","崴寶","527.00","-10.00","540.00","540.00","522.00","92000","48664000","81","527.00","528.00","32076710","579.00","474.50"
"1151002","7747","昕奇雲端","112.00","+0.50","112.00","112.00","112.00","300000","33600000","3","110.00","112.50","30168600","123.00","101.00"
"1151002","7751","竑騰","1590.00","-40.00","1650.00","1675.00","1590.00","180000","291615000","164","1590.00","1600.00","26888600","1745.00","1435.00"
"1151002","7753","星亞","35.70","0.00","35.70","35.90","35.50","38000","1356400","29","35.55","35.85","25000000","39.25","32.15"
"1151002","7757","金色三麥","89.10","-0.10","88.20","89.30","88.20","19000","1686300","19","88.50","89.20","24100000","98.00","80.20"
"1151002","7767","仁大資訊","46.10","-0.20","46.15","46.25","46.05","11000","507800","10","46.10","46.30","30100000","50.70","41.50"
"1151002","7770","君曜","43.35","+1.90","41.45","44.00","41.45","45000","1917800","35","42.00","43.45","30062053","47.65","39.05"
"1151002","7772","耀穎","186.00","+2.00","183.00","188.50","183.00","172000","32038500","152","186.00","187.50","26498600","204.50","167.50"
"1151002","7777","能率亞洲","39.20","+0.95","38.30","39.45","37.70","2476000","96219100","1453","39.05","39.20","202606250","43.10","35.30"
"1151002","7782","光速火箭","25.15","0.00","25.15","25.15","25.15","2000","50300","2","24.95","25.15","23213000","27.65","22.65"
"1151002","7792","安葆","425.00","+4.00","429.00","429.00","414.00","310000","130461500","259","422.00","427.50","46662000","467.50","382.50"
"1151002","7794","宏碁智新","30.20","-0.10","30.00","30.50","30.00","42000","1269550","27","30.20","30.30","28000000","33.20","27.20"
"1151002","7805","威聯通","489.50","-0.50","491.00","491.50","489.50","15000","7360500","15","489.00","491.50","39750122","538.00","441.00"
"1151002","7810","捷創科技","245.00","+10.00","233.50","252.50","233.50","293000","71970000","243","244.00","245.00","20250000","269.50","220.50"
"1151002","7811","民盛","72.50","-1.00","71.70","72.50","71.50","8000","574900","8","72.50","73.40","33377000","79.70","65.30"
"1151002","7814","海昌生技","28.20","-0.20","28.40","28.60","28.10","39000","1107650","20","28.20","28.60","45000000","31.00","25.40"
"1151002","7819","精誠金融","33.70","0.00","33.65","33.70","33.60","9000","303150","5","33.65","34.00","25263500","37.05","30.35"
"1151002","7820","立盈","112.00","+2.00","109.00","112.00","109.00","6000","664000","5","110.00","112.00","37768096","123.00","101.00"
"1151002","7825","和亞智慧","84.90","-0.70","86.90","88.90","84.00","506000","43617600","398","84.80","85.00","25614500","93.30","76.50"
"1151002","7828","創新服務","1850.00","-25.00","1900.00","1910.00","1850.00","155000","289275000","150","1850.00","1860.00","40493911","2035.00","1665.00"
"1151002","7839","達人網","42.95","-0.05","42.50","43.00","42.50","6000","257300","6","42.50","42.95","15096025","47.20","38.70"
"1151002","7842","天能綠電","96.80","-0.90","97.00","97.00","96.00","6000","579400","5","96.10","96.90","18250000","106.00","87.20"
"1151002","7856","漢測","4195.00","-105.00","4330.00","4470.00","4160.00","424000","1819995000","392","4190.00","4195.00","33000000","4610.00","3780.00"
"1151002","8024","佑華","12.50","+0.15","12.60","12.80","12.40","40000","500150","31","12.45","12.50","45160100","13.75","11.25"
"1151002","8027","鈦昇","213.50","+4.00","210.00","217.00","207.00","5264000","1118153000","4003","213.50","214.00","112903169","234.50","192.50"
"1151002","8032","光菱","36.10","-0.10","36.20","36.35","36.05","45000","1625950","30","36.10","36.20","51810300","39.70","32.50"
"1151002","8034","榮群","19.85","-0.10","20.00","20.25","19.75","56000","1115450","45","19.85","19.95","56586353","21.80","17.90"
"1151002","8038","長園科","34.80","+0.95","33.85","34.85","33.60","160000","5481700","120","34.80","34.90","62278190","38.25","31.35"
"1151002","8040","九暘","95.70","+0.30","95.00","97.90","94.80","1693000","162407600","1311","95.40","95.70","96413874","105.00","86.20"
"1151002","8042","金山電","121.00","+3.00","117.50","124.00","116.00","10938000","1324270500","8093","121.00","121.50","142855368","133.00","109.00"
"1151002","8043","蜜望實","142.00","+3.50","139.00","145.50","137.00","6068000","865371500","4945","142.00","142.50","79907170","156.00","128.00"
"1151002","8044","網家","24.35","+0.15","24.10","24.40","23.90","181000","4385600","123","24.30","24.35","204768065","26.75","21.95"
"1151002","8047","星雲","51.60","+0.60","51.20","51.60","51.00","162000","8306600","77","51.50","51.60","41666343","56.70","46.45"
"1151002","8048","德勝","51.30","+0.50","50.90","51.50","50.60","93000","4740600","75","51.20","51.30","59436924","56.40","46.20"
"1151002","8049","晶采","24.85","+0.05","24.95","25.00","24.70","124000","3079250","62","24.80","24.85","118279808","27.30","22.40"
"1151002","8050","廣積","62.20","-1.20","63.50","63.50","62.00","1463000","91308100","1047","62.20","62.30","205204891","68.40","56.00"
"1151002","8054","安國","89.50","-0.30","89.80","89.80","88.50","749000","66824700","590","89.50","89.60","108732566","98.40","80.60"
"1151002","8059","凱碩","18.05","+0.50","17.60","18.30","17.60","110000","1979400","75","18.05","18.10","116466300","19.85","16.25"
"1151002","8064","東捷","141.50","-2.00","144.50","145.50","141.50","5233000","748593000","3784","141.50","142.00","184817836","155.50","127.50"
"1151002","8066","來思達","14.95","0.00","15.35","15.35","14.80","18000","268700","17","14.90","14.95","36642304","16.40","13.50"
"1151002","8067","志旭","11.80","-0.20","11.80","11.80","11.80","1000","11800","1","11.75","12.60","20700000","12.95","10.65"
"1151002","8068","全達","17.75","0.00","17.90","17.90","17.60","118000","2093700","56","17.75","17.85","80765949","19.50","16.00"
"1151002","8069","元太","143.50","-0.50","146.00","146.00","142.50","5644000","811218500","3458","143.00","143.50","1154695380","157.50","129.50"
"1151002","8071","能率網通","22.40","+0.40","21.95","22.70","21.85","441000","9820350","286","22.35","22.40","60084283","24.60","20.20"
"1151002","8074","鉅橡","56.90","+5.10","51.90","56.90","51.90","1439000","80019800","803","56.90","0.00","86974466","62.50","51.30"
"1151002","8076","伍豐","21.85","+0.25","21.65","22.00","21.65","453000","9899750","252","21.80","21.85","292213592","24.00","19.70"
"1151002","8077","洛碁","41.50","-0.30","41.20","41.50","41.20","2000","82700","2","41.50","43.45","21945669","45.65","37.35"
"1151002","8080","泰霖","----","---","----","----","----","0","0","0","28.25","28.30","67163821","31.05","25.45"
"1151002","8083","瑞穎","157.50","+1.00","157.00","157.50","156.00","56000","8776000","48","157.00","157.50","35133193","173.00","142.00"
"1151002","8084","巨虹","21.80","-2.40","21.80","21.80","21.80","565000","12317000","275","0.00","21.80","174754149","23.95","19.65"
"1151002","8085","福華","14.70","+0.10","14.85","14.85","14.55","144000","2118700","68","14.65","14.70","139983060","16.15","13.25"
"1151002","8086","宏捷科","120.00","+5.00","116.00","120.50","116.00","8429000","1005356500","5352","119.50","120.00","196516123","132.00","108.00"
"1151002","8087","麗升能源","24.00","+0.40","23.95","24.10","23.45","11000","263000","9","23.95","24.15","38646042","26.40","21.60"
"1151002","8088","品安","44.45","+0.80","43.90","45.00","43.85","521000","23195650","368","44.40","44.45","60921749","48.85","40.05"
"1151002","8089","康全電訊","19.60","0.00","19.30","19.70","19.30","59000","1154750","46","19.55","19.65","65998718","21.55","17.65"
"1151002","8091","翔名","237.00","+21.50","216.50","237.00","216.50","714000","165026500","499","237.00","0.00","56943651","260.50","213.50"
"1151002","8092","建暐","12.30","-0.25","12.25","12.45","12.25","113000","1395300","57","12.30","12.35","57172325","13.50","11.10"
"1151002","8093","保銳","25.25","0.00","26.45","26.45","25.20","46000","1176250","40","25.20","25.30","56567567","27.75","22.75"
"1151002","8096","擎亞","89.00","+1.50","88.40","89.30","87.40","2031000","179659300","1272","89.00","89.10","149343066","97.90","80.10"
"1151002","8097","常珵","48.80","+0.25","48.55","48.95","48.20","102000","4949800","47","48.70","48.95","63802468","53.60","43.95"
"1151002","8099","大世科","60.40","+0.10","60.30","61.70","59.50","69000","4186000","46","59.80","60.40","100072800","66.40","54.40"
"1151002","8102","傑霖科技","59.60","+0.60","59.00","59.60","58.60","11000","650200","11","58.70","64.00","23358350","65.50","53.70"
"1151002","8107","大億金茂","11.95","+0.15","11.85","12.00","11.80","51000","608900","18","11.95","12.00","75000000","13.10","10.80"
"1151002","8109","博大","146.50","+2.00","144.50","148.00","143.50","629000","91883000","469","146.00","146.50","82161236","161.00","132.00"
"1151002","8111","立碁","85.80","+7.80","80.10","85.80","80.10","23441000","1950579900","12311","85.80","0.00","109102223","94.30","77.30"
"1151002","8121","越峰","34.10","-0.55","34.65","35.75","33.45","2868000","99261750","1725","34.10","34.15","212993743","37.50","30.70"
"1151002","8147","正淩","143.50","0.00","147.00","148.00","143.50","371000","53846000","310","143.50","144.00","42086166","157.50","129.50"
"1151002","8155","博智","323.00","+9.50","316.50","328.50","313.50","707000","227123500","603","323.00","324.00","62555193","355.00","291.00"
"1151002","8171","天宇","20.65","-0.05","20.10","20.70","20.10","216000","4397250","111","20.65","20.70","112853326","22.70","18.60"
"1151002","8176","智捷","9.77","+0.06","9.67","9.87","9.63","60000","582980","37","9.71","9.78","71701000","10.70","8.80"
"1151002","8182","加高","46.40","+2.15","44.70","48.65","44.50","7055000","334670950","4059","46.40","46.45","107041215","51.00","41.80"
"1151002","8227","巨有科技","370.00","+6.50","363.50","370.00","351.00","812000","292936000","700","370.00","370.50","39543000","407.00","333.00"
"1151002","8234","新漢","63.30","+0.30","62.80","63.40","62.00","264000","16566800","203","63.20","63.30","141226472","69.60","57.00"
"1151002","8240","華宏","60.60","+0.40","59.00","60.90","58.20","2735000","163820700","2012","60.40","60.60","100004414","66.60","54.60"
"1151002","8255","朋程","153.00","+3.50","151.00","155.00","148.50","477000","72685500","402","152.50","153.00","101961041","168.00","138.00"
"1151002","8272","全景軟體","62.00","-1.90","62.10","63.20","61.90","8000","498200","8","61.90","62.50","18997755","68.20","55.80"
"1151002","8277","商丞","15.20","-0.30","15.70","15.70","15.00","99000","1506950","40","15.20","15.35","39500000","16.70","13.70"
"1151002","8279","生展","79.50","-1.30","80.60","80.90","79.50","20000","1610900","17","78.80","80.90","27100851","87.40","71.60"
"1151002","8284","三竹","67.80","+0.20","68.00","68.00","67.70","7000","475300","7","67.80","67.90","47303000","74.50","61.10"
"1151002","8289","泰藝","56.10","+5.10","53.80","56.10","53.50","1889000","104507500","1087","56.10","0.00","68333765","61.70","50.50"
"1151002","8291","尚茂","28.60","+0.25","28.35","28.60","28.00","17000","481250","14","28.60","29.25","17478450","31.45","25.75"
"1151002","8299","群聯","2095.00","-15.00","2130.00","2140.00","2085.00","1906000","4001285000","1741","2090.00","2095.00","221337247","2300.00","1890.00"
"1151002","8342","益張","83.50","0.00","83.50","83.50","83.50","1000","83500","1","82.90","83.10","33536692","91.80","75.20"
"1151002","8349","恒耀","40.40","-0.10","40.50","40.50","40.20","55000","2217300","49","40.40","40.45","208821391","44.40","36.40"
"1151002","8349A","恒耀甲特","45.20","-0.20","45.20","45.20","45.20","1000","45200","1","45.20","45.50","10000000","49.70","40.70"
"1151002","8354","冠好","16.75","0.00","16.80","16.90","16.75","51000","858900","19","16.75","16.80","78532263","18.40","15.10"
"1151002","8358","金居","519.00","+14.00","514.00","536.00","511.00","19421000","10141091000","15759","519.00","520.00","252588000","570.00","467.50"
"1151002","8383","千附","68.40","+0.50","68.00","68.70","67.60","545000","37242000","407","68.40","68.50","113760482","75.20","61.60"
"1151002","8390","金益鼎","90.50","+0.20","91.50","91.50","90.40","197000","17872500","141","90.40","90.50","96116128","99.50","81.50"
"1151002","8401","白紗科","22.80","+0.10","22.70","22.80","22.70","22000","500250","11","22.70","22.75","70669058","25.05","20.55"
"1151002","8403","盛弘","18.90","0.00","18.90","18.95","18.85","39000","736950","25","18.90","18.95","137640343","20.75","17.05"
"1151002","8409","商之器","18.05","+0.05","18.05","18.05","17.95","27000","486500","19","18.00","18.45","32000000","19.85","16.25"
"1151002","8410","森田","27.70","-0.10","27.95","28.00","27.50","28000","775400","18","27.65","27.70","36589200","30.45","24.95"
"1151002","8415","大國鋼","35.25","-0.30","35.45","35.50","35.20","211000","7457450","139","35.25","35.30","1031500000","38.75","31.75"
"1151002","8416","實威","171.00","+2.00","170.50","171.50","170.50","9000","1539500","9","170.50","171.00","28210710","188.00","154.00"
"1151002","8421","旭源","13.00","0.00","12.95","13.00","12.95","22000","285800","14","12.95","13.00","63817140","14.30","11.70"
"1151002","8423","保綠-KY","18.00","0.00","17.75","18.00","17.75","20000","359400","10","17.95","18.00","41714030","19.80","16.20"
"1151002","8424","惠普","69.60","-0.70","69.60","69.60","69.60","2000","139200","2","69.40","70.10","36054368","76.50","62.70"
"1151002","8426","紅木-KY","20.60","-0.05","20.50","20.60","20.45","13000","266600","10","20.55","20.65","50242500","22.65","18.55"
"1151002","8431","匯鑽科","64.10","-0.60","64.70","65.30","63.40","670000","43008900","521","64.10","64.70","48778331","70.50","57.70"
"1151002","8432","東生華","51.10","+0.40","50.60","51.20","50.60","38000","1936000","37","51.00","51.20","38398140","56.20","46.00"
"1151002","8433","弘帆","52.80","0.00","52.80","53.00","52.60","15000","790400","14","52.70","52.80","54506098","58.00","47.55"
"1151002","8435","鉅邁","53.20","-0.10","53.00","53.30","53.00","11000","585500","11","53.20","53.30","35200450","58.50","47.90"
"1151002","8436","大江","104.00","-1.00","105.00","105.00","104.00","483000","50402000","363","104.00","104.50","117728830","114.00","93.60"
"1151002","8437","大地-KY","10.50","-0.10","10.90","10.95","10.50","35000","373650","24","10.50","10.65","47014070","11.55","9.45"
"1151002","8440","綠電","20.25","+0.05","20.25","20.40","20.20","27000","546700","19","20.25","20.30","50255299","22.25","18.25"
"1151002","8444","綠河-KY","----","---","----","----","----","0","0","0","4.28","4.43","125104845","4.78","3.92"
"1151002","8446","華研","84.50","-0.40","85.00","85.00","84.50","24000","2037900","17","84.80","85.00","52914405","92.90","76.10"
"1151002","8450","霹靂","14.25","-0.05","14.20","14.30","14.05","19000","269450","19","14.20","14.25","51309947","15.65","12.85"
"1151002","8455","大拓-KY","----","---","----","----","----","0","0","0","22.20","23.95","25219056","24.40","20.00"
"1151002","8472","納維康","65.30","-3.90","65.50","69.20","64.00","90000","5915900","76","65.10","66.90","17735800","71.80","58.80"
"1151002","8477","創業家","14.05","-0.15","14.20","14.20","14.00","13000","182450","10","14.05","14.20","84170616","15.45","12.65"
"1151002","8489","三貝德","22.25","-0.20","21.85","22.25","21.80","57000","1254150","44","22.20","22.25","59948960","24.45","20.05"
"1151002","8905","裕國","----","---","----","----","----","0","0","0","34.30","34.95","119440000","37.95","31.05"
"1151002","8906","花王","28.50","-0.45","28.70","28.70","28.40","10000","284900","8","28.30","28.40","44037370","31.35","25.65"
"1151002","8908","欣雄","39.80","-0.40","40.10","40.20","39.75","30000","1197350","25","39.80","40.00","324764524","43.75","35.85"
"1151002","8916","光隆","40.95","-0.05","41.00","41.00","40.80","56000","2289100","37","40.90","40.95","150384146","45.00","36.90"
"1151002","8917","欣泰","----","---","----","----","----","0","0","0","52.80","53.60","162652459","58.90","48.25"
"1151002","8921","沈氏","16.45","-0.30","16.00","16.50","16.00","3000","48950","3","15.90","16.45","46592159","18.05","14.85"
"1151002","8923","時報","----","---","----","----","----","0","0","0","18.10","18.65","30375800","19.90","16.30"
"1151002","8924","大田","49.50","-0.40","49.90","49.90","49.50","26000","1290850","23","49.60","49.65","83800000","54.40","44.55"
"1151002","8927","北基","19.15","+0.05","19.20","19.25","18.95","46000","880500","33","19.10","19.20","419068367","21.05","17.25"
"1151002","8928","鉅明","22.90","-0.10","22.80","22.90","22.75","4000","91200","4","22.85","22.95","50854015","25.15","20.65"
"1151002","8929","富堡","13.10","0.00","13.10","13.10","13.10","1000","13100","1","13.05","13.20","50580862","14.40","11.80"
"1151002","8930","青鋼","28.60","-0.10","28.70","28.70","28.50","29000","828750","20","28.55","28.60","81809406","31.45","25.75"
"1151002","8931","大汽電","42.85","+0.20","43.10","43.10","42.50","13000","554750","9","42.50","42.90","122254862","47.10","38.60"
"1151002","8932","智通*","91.10","-0.70","92.30","92.30","90.80","1037000","94653200","592","91.10","91.30","426013152","100.00","82.00"
"1151002","8933","愛地雅","4.59","-0.01","4.50","4.59","4.43","41000","184400","22","4.50","4.59","326724305","5.04","4.14"
"1151002","8935","邦泰","19.20","-0.10","19.20","19.20","18.95","81000","1545300","52","19.10","19.20","113495000","21.10","17.30"
"1151002","8936","國統","52.30","-0.40","52.70","52.80","52.10","1114000","58403400","531","52.30","52.50","248078157","57.50","47.10"
"1151002","8937","合騏*","25.20","-0.30","24.85","25.45","24.85","54000","1348350","35","25.00","25.20","431680272","27.70","22.70"
"1151002","8938","明安","52.20","0.00","52.20","52.60","52.00","59000","3079700","51","52.10","52.30","156986490","57.40","47.00"
"1151002","8941","關中","44.00","+0.05","43.25","44.00","43.25","6000","263100","5","43.30","43.65","34972071","48.40","39.60"
"1151002","8942","森鉅","40.05","-0.10","40.20","40.20","39.95","131000","5244450","90","40.05","40.10","198842255","44.05","36.05"
"1151002","009806","台新標普500","13.76","-0.05","13.77","13.77","13.75","6000","82580","5","13.76","13.77","13661000","9999.95","0.01"
"1151002","009807","台新標普科技精選","18.20","+0.15","18.16","18.21","18.16","13000","236570","5","18.17","18.20","13760000","9999.95","0.01"
"1151002","009814","富邦標普500","11.45","-0.01","11.46","11.46","11.39","789000","9009630","134","11.44","11.45","153076000","9999.95","0.01"
"1151002","009815","大華美國MAG7+","12.07","-0.08","12.15","12.15","12.03","1263000","15236710","304","12.07","12.08","417170000","9999.95","0.01"
"1151002","009822","華南永昌未來金融","9.31","-0.02","9.33","9.33","9.28","204000","1895320","63","9.31","9.32","68056000","9999.95","0.01"
"1151002","009823","群益S&P500","10.51","-0.01","10.49","10.51","10.47","2346000","24610530","688","10.50","10.51","328817000","9999.95","0.01"
"1151002","009825","聯邦美國金融創新","9.66","-0.04","9.66","9.66","9.60","138000","1327540","60","9.66","9.67","116208000","9999.95","0.01"
"1151002","9949","琉園","24.30","0.00","24.30","24.45","24.25","10000","243400","8","24.25","24.40","44860763","26.70","21.90"
"1151002","9950","萬國通","10.20","-0.05","10.15","10.25","10.15","11000","112350","6","10.20","10.25","167716000","11.20","9.18"
"1151002","9951","皇田","46.90","-0.10","46.70","46.90","46.55","68000","3173050","48","46.75","46.95","73300000","51.50","42.25"
"1151002","9960","邁達康","38.00","+0.50","38.00","38.20","37.60","43000","1633550","40","38.00","38.05","33592500","41.80","34.20"
"1151002","9962","有益","10.35","0.00","10.45","10.45","10.30","78000","808850","47","10.30","10.35","90220260","11.35","9.32"
"1151002","020001","富邦存股雙十N","----","---","----","----","----","0","0","0","28.96","29.04","40000000","31.85","26.07"
"1151002","020025","統一亞洲半導體N","----","---","----","----","----","0","0","0","41.31","41.68","200000000","9999.95","0.01"
"1151002","020033","統一恒生科期N","3.32","-0.10","3.35","3.35","3.28","116000","382830","12","3.29","3.31","200000000","9999.95","0.01"
"1151002","020035","元大上櫃ESG高息N","14.04","-0.05","14.04","14.04","14.04","2000","28080","1","14.26","14.28","200000000","15.05","12.33"
"1151002","020040","元大上櫃ESG龍頭N","12.30","+0.32","12.05","12.30","12.05","3000","36650","2","12.39","12.41","200000000","13.53","11.07"
"1151002","020041","兆豐半導體氣候N","21.96","+0.83","21.40","22.04","21.35","85000","1849570","16","21.96","21.97","40000000","24.15","19.77"
