日期,證券代號,證券名稱,成交股數,成交金額,開盤價,最高價,最低價,收盤價,漲跌價差,成交筆數
"1151002","00400A","主動國泰動能高息","25080047","394282158","15.61","15.80","15.61","15.78","0.1800","5497"
"1151002","00401A","主動摩根台灣鑫收","4966863","71104450","14.26","14.36","14.23","14.34","0.0800","1050"
"1151002","00402A","主動安聯美國科技","11355933","116334602","10.24","10.27","10.21","10.24","0.0200","1388"
"1151002","00403A","主動統一升級50","313967760","3459981697","10.93","11.08","10.93","11.07","0.1500","47064"
"1151002","00404A","主動聯博動能50","7476772","73849460","9.88","9.90","9.84","9.88","0.0000","1331"
"1151002","00405A","主動富邦台灣龍耀","82480848","773900233","9.32","9.43","9.30","9.42","0.1400","8760"
"1151002","00406A","主動中信台灣收益","378437176","3816006561","10.02","10.13","10.01","10.13","0.1300","41771"
"1151002","00407A","主動凱基台灣","61140767","624506943","10.15","10.25","10.15","10.24","0.1200","6204"
"1151002","00408A","主動第一金優股息","2785060","29552940","10.57","10.66","10.56","10.66","0.1100","400"
"1151002","00409A","主動復華全球50","28158527","289909879","10.31","10.32","10.26","10.30","0.0000","2567"
"1151002","00410A","主動永豐科技趨勢","3140845","39666852","12.59","12.67","12.56","12.67","0.1900","623"
"1151002","0050","元大台灣50","68967747","7769230752","112.85","112.95","112.30","112.80","-0.1000","72280"
"1151002","0051","元大中型100","69587","10448069","150.00","150.50","149.95","150.30","1.4500","539"
"1151002","0052","富邦科技","19649076","1295277206","65.90","66.10","65.65","65.95","-0.0500","10255"
"1151002","0053","元大電子","169069","43171335","255.70","255.70","254.15","255.55","-0.1500","1116"
"1151002","0055","元大MSCI金融","842305","40927210","48.70","48.85","48.48","48.85","0.1500","5088"
"1151002","0056","元大高股息","59502313","3385785017","56.90","57.05","56.75","57.05","0.2000","42765"
"1151002","0057","富邦摩台","11803","3951686","335.45","335.90","335.00","335.90","1.6000","210"
"1151002","0061","元大寶滬深","102944","2370842","23.31","23.31","23.00","23.06","-0.2600","173"
"1151002","006203","元大MSCI台灣","4939","1004912","204.60","204.85","204.60","204.85","1.5500","155"
"1151002","006204","永豐臺灣加權","43098","10377488","240.80","241.50","240.80","241.50","2.2000","131"
"1151002","006205","富邦上証","420604","16417345","39.21","39.21","38.86","39.00","-0.2100","240"
"1151002","006206","元大上證50","178451","6557442","36.91","36.91","36.40","36.46","-0.1500","93"
"1151002","006207","復華滬深","153475","4696249","30.80","30.80","30.52","30.60","-0.3700","121"
"1151002","006208","富邦台50","2246225","579793752","258.20","258.70","257.50","258.30","0.0500","6825"
"1151002","00625K","富邦上証+R","","","","","","","0.0000",""
"1151002","00631L","元大台灣50正2","99743650","3943537701","39.58","39.71","39.29","39.58","-0.0400","30404"
"1151002","00632R","元大台灣50反1","51289487","482402046","9.43","9.44","9.38","9.40","-0.0100","5897"
"1151002","00633L","富邦上証正2","1318619","57323244","44.10","44.11","43.22","43.48","-0.7500","469"
"1151002","00634R","富邦上証反1","218000","714950","3.26","3.29","3.26","3.29","0.0300","6"
"1151002","00635U","期元大S&P黃金","1623418","69613041","42.81","43.16","42.63","43.08","-0.0200","1992"
"1151002","00636","國泰中國A50","231003","6047171","26.43","26.44","26.11","26.12","-0.3100","241"
"1151002","00636K","國泰中國A50+U","1300","10627","8.15","8.31","8.15","8.31","-0.0500","3"
"1151002","00637L","元大滬深300正2","20439444","368466767","18.25","18.28","17.91","17.95","-0.3800","2739"
"1151002","00638R","元大滬深300反1","75670","530375","7.00","7.02","7.00","7.01","0.0700","16"
"1151002","00639","富邦深100","345756","5182067","15.03","15.10","14.94","14.97","-0.1800","225"
"1151002","00640L","富邦日本正2","29289","3194673","109.55","109.55","108.80","109.35","-1.8500","76"
"1151002","00641R","富邦日本反1","1015200","3696816","3.65","3.65","3.63","3.63","0.0100","40"
"1151002","00642U","期元大S&P石油","1510789","48157898","31.93","31.97","31.64","31.80","1.2600","743"
"1151002","00643","群益深証中小","2430710","41253313","17.19","17.19","16.95","16.96","-0.2200","170"
"1151002","00643K","群益深証中小+R","","","","","","","0.0000",""
"1151002","00645","富邦日本","143893","8359338","58.35","58.35","57.95","58.20","-0.5000","220"
"1151002","00646","元大S&P500","1530242","118105856","77.30","77.30","77.05","77.25","-0.2500","3251"
"1151002","00647L","元大S&P500正2","20236","2796414","138.05","138.35","137.80","138.35","-0.4500","40"
"1151002","00648R","元大S&P500反1","427001","1674213","3.94","3.94","3.92","3.92","0.0000","21"
"1151002","00650L","復華香港正2","5414469","83113962","15.92","15.92","15.15","15.25","-0.6700","1072"
"1151002","00651R","復華香港反1","288979","1577814","5.40","5.48","5.40","5.46","0.1300","36"
"1151002","00652","富邦印度","63390","1972402","31.00","31.15","30.97","31.11","-0.0200","224"
"1151002","00653L","富邦印度正2","228886","9336662","40.37","41.20","40.10","41.10","0.5900","47"
"1151002","00654R","富邦印度反1","3000","21520","7.18","7.18","7.17","7.17","-0.0200","3"
"1151002","00655L","國泰中國A50正2","1071745","32404965","30.71","30.71","30.07","30.19","-0.6500","247"
"1151002","00656R","國泰中國A50反1","257200","1592026","6.14","6.20","6.14","6.19","0.0700","9"
"1151002","00657","國泰日經225","231481","18744034","81.10","81.10","80.70","80.80","-0.8000","86"
"1151002","00657K","國泰日經225+U","200","5072","25.36","25.36","25.36","25.36","-0.1300","2"
"1151002","00660","元大歐洲50","27988","1263037","45.27","45.27","45.00","45.24","-0.3600","87"
"1151002","00661","元大日經225","20547","1821660","88.50","88.75","88.50","88.70","-0.6500","123"
"1151002","00662","富邦NASDAQ","3563648","447183720","125.50","125.75","125.20","125.60","-0.6000","3931"
"1151002","00663L","國泰臺灣加權正2","2700782","309207054","114.25","115.00","113.65","114.55","-0.0500","1475"
"1151002","00664R","國泰臺灣加權反1","15562673","23631008","1.53","1.53","1.51","1.51","-0.0200","797"
"1151002","00665L","富邦恒生國企正2","19841907","169378266","8.82","8.82","8.41","8.49","-0.3500","2079"
"1151002","00666R","富邦恒生國企反1","343000","3260030","9.50","9.53","9.49","9.49","0.0000","23"
"1151002","00668","國泰美國道瓊","45329","2704001","59.80","59.80","59.50","59.75","-0.1000","144"
"1151002","00668K","國泰美國道瓊+U","200","3722","18.61","18.61","18.61","18.61","-0.0700","2"
"1151002","00669R","國泰美國道瓊反1","362120","1967971","5.45","5.45","5.42","5.44","0.0100","54"
"1151002","00670L","富邦NASDAQ正2","618472","131729279","212.95","213.75","212.00","213.45","-2.2000","827"
"1151002","00671R","富邦NASDAQ反1","808652","1889265","2.34","2.35","2.33","2.34","0.0100","63"
"1151002","00673R","期元大S&P原油反1","35952293","378484085","10.51","10.59","10.49","10.57","-0.4000","3982"
"1151002","00674R","期元大S&P黃金反1","36411","1070221","29.50","29.54","29.21","29.21","-0.0300","29"
"1151002","00675L","富邦臺灣加權正2","481570","167036110","346.15","348.35","344.20","347.50","0.3500","753"
"1151002","00676R","富邦臺灣加權反1","4754742","24669646","5.21","5.22","5.18","5.20","0.0000","371"
"1151002","00678","群益那斯達克生技","408861","17500982","42.82","42.88","42.70","42.87","-1.1100","127"
"1151002","00680L","元大美債20正2","9794343","55709013","5.69","5.70","5.68","5.70","-0.0200","864"
"1151002","00681R","元大美債20反1","550000","12679250","23.10","23.13","23.01","23.01","-0.0900","15"
"1151002","00682U","期元大美元指數","3138","65763","20.95","20.95","20.95","20.95","0.0400","4"
"1151002","00683L","期元大美元指正2","17600","396842","22.55","22.57","22.49","22.56","0.1400","11"
"1151002","00684R","期元大美元指反1","10200","150658","14.77","14.77","14.77","14.77","-0.0700","2"
"1151002","00685L","群益臺灣加權正2","133566588","1749447881","13.06","13.17","13.00","13.12","0.0200","20820"
"1151002","00686R","群益臺灣加權反1","3179587","2940818","0.93","0.93","0.92","0.92","0.0000","139"
"1151002","00688L","國泰20年美債正2","3487997","19778764","5.68","5.68","5.66","5.68","-0.0300","373"
"1151002","00689R","國泰20年美債反1","104000","2515680","24.19","24.19","24.17","24.17","0.0000","3"
"1151002","00690","兆豐藍籌30","181707","15060785","82.75","83.10","82.50","82.95","0.1000","380"
"1151002","00692","富邦公司治理","296851","28802781","97.15","97.20","96.75","97.20","-0.2000","845"
"1151002","00693U","期街口S&P黃豆","1421951","33027156","23.31","23.31","23.18","23.23","-0.1700","337"
"1151002","00700","富邦恒生國企","95619","1586251","16.74","16.74","16.52","16.59","-0.2500","144"
"1151002","00701","國泰股利精選30","216184","8907717","41.37","41.37","41.13","41.32","-0.0900","474"
"1151002","00702","國泰標普低波高息","9402","217857","23.17","23.21","23.15","23.15","-0.0200","75"
"1151002","00703","台新MSCI中國","25235","466203","18.52","18.52","18.47","18.50","-0.2900","92"
"1151002","00706L","期元大S&P日圓正2","671500","12834759","19.06","19.14","19.06","19.12","0.0700","104"
"1151002","00707R","期元大S&P日圓反1","","","","","","","0.0000",""
"1151002","00708L","期元大S&P黃金正2","3096080","222245431","71.55","72.80","70.90","72.70","0.0500","2020"
"1151002","00709","富邦歐洲","43671","1681390","38.58","38.61","38.42","38.60","-0.3800","171"
"1151002","00710B","復華彭博非投等債","278815","5164217","18.54","18.54","18.50","18.52","-0.0400","92"
"1151002","00711B","復華彭博新興債","413939","6044224","14.63","14.64","14.57","14.60","-0.1100","80"
"1151002","00712","復華富時不動產","77903826","562728037","7.25","7.25","7.21","7.23","-0.0800","18267"
"1151002","00713","元大台灣高息低波","2450041","153574777","62.75","62.75","62.60","62.70","-0.1500","3686"
"1151002","00714","群益道瓊美國地產","114982","2327085","20.22","20.26","20.22","20.23","-0.1300","104"
"1151002","00715L","期街口布蘭特正2","7564313","537686683","71.35","71.60","70.15","70.75","7.2000","2213"
"1151002","00717","富邦美國特別股","1137728","16489095","14.52","14.55","14.46","14.55","0.0100","167"
"1151002","00728","第一金工業30","72267","5107514","70.55","70.90","70.20","70.80","0.4000","250"
"1151002","00730","富邦臺灣優質高息","80051","2384881","29.90","29.92","29.66","29.74","-0.1600","293"
"1151002","00731","復華富時高息低波","632319","61505084","97.00","97.35","97.00","97.15","-0.3500","207"
"1151002","00733","富邦臺灣中小","710904","52787590","73.05","74.60","73.05","74.60","1.7500","1034"
"1151002","00735","國泰臺韓科技","1732191","190549595","109.75","110.30","109.40","110.15","0.5000","1398"
"1151002","00736","國泰新興市場","102455","3216760","31.46","31.46","31.40","31.40","-0.2000","77"
"1151002","00737","國泰AI機器人","102304","4254226","41.57","41.66","41.50","41.62","0.0500","119"
"1151002","00738U","期元大道瓊白銀","2790471","134076669","48.10","48.56","47.75","48.54","-0.0100","1710"
"1151002","00739","元大MSCI A股","21287","560588","26.60","26.60","26.23","26.29","-0.2100","73"
"1151002","00752","中信中國50","1825137","40150446","22.27","22.27","21.85","22.00","-0.3100","836"
"1151002","00753L","中信中國50正2","20225059","168845767","8.57","8.57","8.26","8.33","-0.3100","3713"
"1151002","00757","統一FANG+","524830","75463099","143.95","144.10","143.50","144.10","-1.2500","1471"
"1151002","00762","元大全球AI","193649","23850176","123.00","123.50","122.60","123.40","0.4000","471"
"1151002","00763U","期街口道瓊銅","407464","13984601","34.34","34.50","34.15","34.50","-0.1600","241"
"1151002","00770","國泰北美科技","401728","26606423","66.30","66.35","66.10","66.25","-0.0500","508"
"1151002","00771","元大US高息特別股","14652","219582","14.96","15.01","14.96","15.01","0.0600","78"
"1151002","00775B","台新投等債15+","180281","5338362","29.61","29.64","29.60","29.62","-0.0300","80"
"1151002","00783","富邦中証500","9440","251345","26.61","26.79","26.61","26.79","-0.2800","141"
"1151002","00830","國泰費城半導體","6822277","621651212","91.30","91.35","90.75","91.25","0.3500","9103"
"1151002","00850","元大臺灣ESG永續","256661","24823671","96.60","96.90","96.40","96.70","0.2000","664"
"1151002","00851","台新全球AI","49179","3626337","73.75","73.80","73.75","73.80","-0.0500","101"
"1151002","00852L","國泰美國道瓊正2","404691","13092951","32.32","32.52","32.24","32.49","-0.1000","118"
"1151002","00861","元大全球未來通訊","140142","12644224","90.20","90.45","90.00","90.40","0.2000","379"
"1151002","00865B","國泰US短期公債","4639521","227984322","49.12","49.19","49.08","49.13","0.0100","781"
"1151002","00875","國泰網路資安","420967","24612131","58.50","58.55","58.20","58.55","0.3000","1547"
"1151002","00876","元大全球5G","216903","20254640","93.85","93.85","93.00","93.60","0.8500","561"
"1151002","00878","國泰永續高股息","21389295","745852939","34.86","34.93","34.80","34.89","0.0000","18729"
"1151002","00881","國泰台灣科技龍頭","12172946","641261441","52.60","52.80","52.45","52.75","0.1500","6035"
"1151002","00882","中信中國高股息","3408185","50391657","14.85","14.87","14.75","14.78","-0.0600","1242"
"1151002","00885","富邦越南","2508509","44647128","17.93","17.93","17.72","17.78","-0.1600","1413"
"1151002","00891","中信關鍵半導體","7880421","298665603","37.85","38.03","37.71","37.95","0.1300","4981"
"1151002","00892","富邦台灣半導體","3680607","158966690","43.14","43.33","42.89","43.31","0.2300","1023"
"1151002","00893","國泰智能電動車","237500","10984545","46.33","46.33","46.15","46.27","-0.0600","354"
"1151002","00894","中信小資高價30","739417","37338627","50.20","50.70","50.20","50.55","0.5000","803"
"1151002","00895","富邦未來車","188696","9886626","52.40","52.50","52.30","52.50","0.1000","266"
"1151002","00896","中信綠能及電動車","3785901","105578069","27.84","27.94","27.80","27.89","0.0500","1440"
"1151002","00897","富邦基因免疫生技","1078152","15084536","14.00","14.03","13.96","14.01","-0.2600","323"
"1151002","00898","國泰基因免疫革命","387501","4599307","11.93","11.93","11.82","11.87","-0.2400","318"
"1151002","00899","FT潔淨能源","82876","1816692","21.95","21.96","21.88","21.92","-0.2800","187"
"1151002","00900","富邦特選高股息30","4271180","82639801","19.37","19.40","19.32","19.37","-0.0300","1114"
"1151002","00901","永豐智能車供應鏈","254275","12360893","48.50","48.78","48.50","48.74","0.1500","145"
"1151002","00902","中信電池及儲能","291769","3681881","12.61","12.65","12.57","12.65","0.0600","271"
"1151002","00903","富邦元宇宙","77028","1717817","22.28","22.34","22.24","22.34","0.0500","152"
"1151002","00904","台新臺灣半導體30","4126422","181102555","43.99","44.08","43.69","44.05","0.3600","1730"
"1151002","00905","FT臺灣Smart","2718662","75627250","27.79","27.93","27.67","27.91","0.1100","1009"
"1151002","00907","永豐優息存股","955814","16845795","17.61","17.68","17.59","17.66","0.0200","303"
"1151002","00908","富邦入息REITs+","96558","1387358","14.45","14.45","14.35","14.35","-0.2000","112"
"1151002","00909","國泰數位支付服務","1042649","50267974","48.00","48.45","48.00","48.44","-0.0700","915"
"1151002","00910","第一金太空衛星","678866","38699175","57.25","57.30","56.90","57.30","-0.4000","1182"
"1151002","00911","兆豐洲際半導體","540407","31380566","58.00","58.20","57.80","58.10","0.1000","2295"
"1151002","00912","中信臺灣智慧50","1491827","54152592","36.25","36.41","36.18","36.36","0.1500","814"
"1151002","00913","兆豐台灣晶圓製造","2218958","119181068","53.50","54.05","53.20","54.00","1.0000","1086"
"1151002","00915","凱基優選高股息30","502047","16537911","33.15","33.15","32.88","32.97","-0.1600","568"
"1151002","00916","國泰全球品牌50","307993","8259700","27.00","27.00","26.76","26.82","-0.2200","397"
"1151002","00917","中信特選金融","1601284","35471554","22.33","22.33","22.12","22.13","-0.2000","1099"
"1151002","00918","大華優利高填息30","34981797","1182401327","33.84","33.85","33.77","33.81","-0.0800","23276"
"1151002","00919","群益台灣精選高息","72976828","2300298452","31.60","31.60","31.47","31.55","-0.0800","51862"
"1151002","00920","富邦ESG綠色電力","21834","543736","25.00","25.00","24.90","24.99","0.0000","185"
"1151002","00921","兆豐龍頭等權重","180642","4241958","23.39","23.52","23.38","23.51","0.0300","181"
"1151002","00922","國泰台灣領袖50","8193352","359082661","43.82","43.93","43.69","43.86","0.0100","5356"
"1151002","00923","群益台ESG低碳50","2553381","106675156","41.82","41.86","41.62","41.80","-0.0200","1591"
"1151002","00924","復華S&P500成長","693235","23549497","34.09","34.09","33.86","34.01","-0.0800","1010"
"1151002","00926","凱基全球菁英55","159182","4235035","26.65","26.65","26.52","26.62","-0.1500","224"
"1151002","00927","群益半導體收益","40527833","1634992604","40.31","40.60","40.06","40.52","0.2300","17433"
"1151002","00929","復華台灣科技優息","22790454","675993964","29.61","29.75","29.56","29.73","0.1400","8747"
"1151002","00930","永豐ESG低碳高息","558328","13259290","23.78","23.79","23.70","23.75","-0.0400","521"
"1151002","00932","兆豐永續高息等權","672837","11814518","17.49","17.58","17.49","17.56","0.0100","165"
"1151002","00934","中信成長高股息","6515018","195548420","30.06","30.12","29.97","30.01","0.0000","2366"
"1151002","00935","野村臺灣新科技50","9175247","566013745","61.60","61.95","61.35","61.95","0.4000","4215"
"1151002","00936","台新永續高息中小","1203449","26159340","21.57","21.78","21.57","21.74","0.1700","490"
"1151002","00938","凱基優選30","132693","3539463","26.64","26.71","26.61","26.65","-0.1400","233"
"1151002","00939","統一台灣高息動能","3228239","77298795","24.01","24.01","23.90","24.00","-0.0200","1546"
"1151002","00940","元大台灣價值高息","6051187","79593524","13.15","13.18","13.12","13.17","-0.0100","2276"
"1151002","00941","中信上游半導體","809448","21397742","26.40","26.48","26.37","26.44","0.0200","599"
"1151002","00943","兆豐電子高息等權","637591","13512526","21.17","21.25","21.14","21.25","0.0800","226"
"1151002","00944","野村趨勢動能高息","215773","4787462","22.14","22.25","22.14","22.22","0.1200","182"
"1151002","00945B","凱基美國非投等債","7389988","105001674","14.19","14.22","14.19","14.21","0.0100","440"
"1151002","00946","群益科技高息成長","891205","13756899","15.49","15.49","15.41","15.44","-0.0300","706"
"1151002","00947","台新臺灣IC設計","8284884","335319849","40.65","40.70","40.26","40.48","0.0300","3785"
"1151002","00949","復華日本龍頭","572417","12673526","22.15","22.17","22.03","22.15","-0.0400","269"
"1151002","00951","台新日本半導體","3737925","71587228","19.04","19.25","19.00","19.17","0.0800","784"
"1151002","00952","凱基台灣AI50","1211908","22481200","18.55","18.59","18.48","18.52","-0.0300","407"
"1151002","00953B","群益優選非投等債","38797302","368701625","9.50","9.51","9.49","9.51","-0.0100","7346"
"1151002","00954","中信日本半導體","1855200","37846475","20.34","20.52","20.29","20.43","0.0900","713"
"1151002","00956","中信日經高股息","436994","5815226","13.41","13.41","13.27","13.29","-0.1400","329"
"1151002","00960","野村全球航運龍頭","680820","15364182","22.31","22.62","22.31","22.61","0.3000","2122"
"1151002","00961","FT臺灣永續高息","93212336","1223736369","13.13","13.22","13.10","13.14","-0.1300","16679"
"1151002","00962","台新AI優息動能","11083209","167927278","15.16","15.18","15.11","15.15","-0.0300","1938"
"1151002","00963","中信全球高股息","2974253","36613999","12.37","12.37","12.28","12.31","-0.1800","1087"
"1151002","00964","中信亞太高股息","2692259","39751191","14.81","14.82","14.73","14.78","0.0000","503"
"1151002","00965","元大航太防衛科技","6495674","164801011","25.37","25.50","25.28","25.50","0.1300","1151"
"1151002","00971","野村美國研發龍頭","554874","9904636","17.86","17.87","17.81","17.86","-0.1700","178"
"1151002","00972","野村日本動能高息","31566","673574","21.50","21.50","21.30","21.36","-0.2200","42"
"1151002","009800","中信NASDAQ","2556584","34753226","13.59","13.61","13.56","13.61","-0.0400","472"
"1151002","009801","中信美國創新科技","846179","9962270","11.80","11.80","11.75","11.79","-0.0300","227"
"1151002","009802","富邦旗艦50","2564955","51126693","19.92","19.98","19.89","19.95","-0.0300","871"
"1151002","009803","玉山市值動能50","2986995","65042718","21.79","21.81","21.71","21.79","0.0000","1478"
"1151002","009804","聯邦台精彩50","769244","18542875","24.09","24.15","24.03","24.10","0.0100","337"
"1151002","009805","台新美國電力基建","7996584","120821541","15.01","15.19","15.01","15.17","0.2200","1584"
"1151002","009808","華南永昌優選50","26253","847161","32.24","32.28","32.24","32.28","0.0800","26"
"1151002","009809","富邦淨零ESG50","86382","1613077","18.69","18.69","18.62","18.69","0.0000","67"
"1151002","00980A","主動野村臺灣優選","11451512","295185489","25.65","25.87","25.61","25.87","0.3200","4704"
"1151002","009810","玉山全球藍籌100","217572","4624642","21.24","21.32","21.23","21.30","-0.1600","62"
"1151002","009811","統一美國50","1025823","13934293","13.60","13.60","13.51","13.56","-0.0600","386"
"1151002","009812","野村日本東證","882621","11547857","13.14","13.14","13.03","13.09","-0.0600","140"
"1151002","009813","貝萊德標普卓越50","1283757","14832762","11.61","11.62","11.53","11.57","-0.0400","288"
"1151002","009816","凱基台灣TOP50","103095611","1708838033","16.61","16.62","16.52","16.58","-0.0200","25578"
"1151002","009817","國泰日本不動產","1247655","10779279","8.69","8.69","8.61","8.62","-0.0700","444"
"1151002","009818","華南永昌NASDAQxT","82660","1766286","21.38","21.40","21.32","21.40","-0.1300","44"
"1151002","009819","中信數據及電力","2206554","21390845","9.72","9.72","9.66","9.72","-0.0200","1113"
"1151002","00981A","主動統一台股增長","153933672","4815410054","31.05","31.44","31.04","31.44","0.4400","42272"
"1151002","00981T","平衡凱基雙核收息","2514901","29201978","11.64","11.64","11.60","11.62","-0.0200","431"
"1151002","009820","元大納斯達克精選","6832530","72446413","10.63","10.64","10.57","10.62","-0.0500","895"
"1151002","009821","野村稀土關鍵資源","7192954","94013341","13.08","13.08","13.05","13.08","-0.1300","3305"
"1151002","009824","群益美國科技巨頭","3802384","40773059","10.72","10.75","10.69","10.73","-0.0200","879"
"1151002","009826","貝萊德世界股票","9831435","98460326","10.05","10.05","10.00","10.03","-0.0200","3547"
"1151002","009827","玉山未來全球算力","2339028","24328141","10.45","10.45","10.37","10.41","-0.0100","734"
"1151002","009828","中信台日韓PCB","56020293","593637799","10.50","10.71","10.43","10.68","0.3000","8513"
"1151002","009829","大華韓國KOSPI50","14591193","160619946","11.01","11.05","10.92","11.04","0.0600","1384"
"1151002","00982A","主動群益台灣強棒","41733519","984467969","23.37","23.80","23.35","23.79","0.6400","10267"
"1151002","00982D","主動富邦動態入息","1831408","17073046","9.33","9.33","9.31","9.32","0.0000","164"
"1151002","00982T","平衡兆豐台美動能","80667","1251828","15.52","15.53","15.49","15.50","-0.0200","39"
"1151002","00983A","主動中信ARK創新","703691","9318336","13.31","13.31","13.21","13.26","-0.1600","334"
"1151002","00983D","主動富邦複合收益","1402582","13462460","9.59","9.62","9.58","9.60","0.0100","245"
"1151002","00984A","主動安聯台灣高息","3688008","58066340","15.69","15.79","15.68","15.79","0.1100","1777"
"1151002","00984D","主動聯博全球非投","24489995","238306783","9.74","9.75","9.72","9.74","-0.0100","2541"
"1151002","00985A","主動野村台灣50","56258017","1349668558","23.94","24.06","23.91","24.04","0.2300","14517"
"1151002","00985B","群益ESG投等債0-5","6838265","69035973","10.10","10.10","10.08","10.10","0.0000","566"
"1151002","00986A","主動台新龍頭成長","229827","3452042","14.95","15.05","14.95","15.02","0.0300","124"
"1151002","00987A","主動台新優勢成長","3165892","55718629","17.47","17.69","17.45","17.68","0.3700","888"
"1151002","00988A","主動統一全球創新","33017030","567835352","17.13","17.28","17.11","17.26","0.0800","7576"
"1151002","00989A","主動摩根美國科技","1075681","19397395","18.06","18.08","18.00","18.07","-0.0100","186"
"1151002","00990A","主動元大AI新經濟","11807704","193012481","16.34","16.40","16.25","16.39","0.1000","2955"
"1151002","00991A","主動復華未來50","90235890","1675003950","18.42","18.71","18.37","18.69","0.3600","17471"
"1151002","00991B","貝萊德A級公司債","721187","10289070","14.27","14.28","14.26","14.27","-0.0200","22"
"1151002","00992A","主動群益科技創新","42626195","821372724","19.15","19.40","19.13","19.40","0.3800","10681"
"1151002","00993A","主動安聯台灣","7836347","110579530","14.02","14.20","14.01","14.20","0.2200","1797"
"1151002","00994A","主動第一金台股優","5480166","95815217","17.40","17.58","17.37","17.56","0.2700","1345"
"1151002","00995A","主動中信台灣卓越","3052467","55106865","17.95","18.12","17.95","18.10","0.2100","951"
"1151002","00996A","主動兆豐台灣豐收","16595600","246609569","14.85","14.96","14.75","14.93","0.2700","2931"
"1151002","00997A","主動群益美國增長","14820637","177415940","11.88","12.02","11.88","12.00","0.0700","2422"
"1151002","00999A","主動野村臺灣高息","10281711","116919066","11.33","11.41","11.33","11.40","0.1000","1752"
"1151002","01001T","土銀富邦R1","2006280","20069779","11.11","11.11","11.11","11.11","0.0000","6"
"1151002","01002T","土銀國泰R1","7000","88990","12.71","12.72","12.71","12.72","0.0100","4"
"1151002","01004T","土銀富邦R2","46010","459686","9.99","10.00","9.99","9.99","0.0000","45"
"1151002","01007T","兆豐國泰R2","52180","587825","11.32","11.32","11.24","11.29","-0.0300","46"
"1151002","01009T","王道圓滿R1","3000","16710","5.57","5.57","5.57","5.57","-0.0100","2"
"1151002","01010T","京城樂富R1","1006000","10059950","9.99","10.00","9.99","10.00","0.0000","6"
"1151002","020000","富邦特選蘋果N","1000","34080","34.08","34.08","34.08","34.08","0.7300","1"
"1151002","020011","統一微波高息20N","","","","","","","0.0000",""
"1151002","020012","富邦行動通訊N","","","","","","","0.0000",""
"1151002","02001L","富邦蘋果正二N","58000","9497350","159.90","166.50","159.90","165.45","4.7000","47"
"1151002","020020","元大台股領航N","14000","421990","30.15","30.15","30.04","30.15","-0.0500","4"
"1151002","020028","元大特選電動車N","6000","126480","21.08","21.08","21.08","21.08","0.1300","4"
"1151002","020029","元大ESG高股息N","10000","208400","20.84","20.84","20.84","20.84","0.1200","3"
"1151002","020030","統一智慧電動車N","4000","85720","21.38","21.46","21.38","21.46","0.1700","3"
"1151002","020031","統一IC設計臺灣N","62000","723470","11.71","11.71","11.65","11.67","-0.0500","6"
"1151002","020032","元大綠能N","1000","11280","11.28","11.28","11.28","11.28","0.0300","1"
"1151002","020034","元大IC設計N","1000","16970","16.97","16.97","16.97","16.97","0.0700","1"
"1151002","020036","元大金融配息N","9000","102640","11.44","11.44","11.40","11.40","0.0300","4"
"1151002","020037","元大金融高股息N","3000","38310","12.77","12.77","12.77","12.77","-0.0400","3"
"1151002","020038","元大ESG配息N","","","","","","","0.0000",""
"1151002","020039","元大加權N","85000","1318490","15.47","15.52","15.47","15.52","0.0500","12"
"1151002","1101","台泥","25248148","641982484","25.75","25.75","25.30","25.35","-0.2000","9404"
"1151002","1101B","台泥乙特","10031","435445","43.50","43.50","43.40","43.40","-0.1000","5"
"1151002","1102","亞泥","4911440","174267952","35.50","35.70","35.35","35.60","-0.0500","2100"
"1151002","1103","嘉泥","150592","1981380","13.10","13.20","13.10","13.20","0.0000","197"
"1151002","1104","環泥","315662","8392182","26.60","26.65","26.55","26.55","-0.1500","358"
"1151002","1108","幸福","149265","1667764","11.20","11.20","11.10","11.15","0.0000","65"
"1151002","1109","信大","91141","1209823","13.30","13.30","13.25","13.25","-0.0500","122"
"1151002","1110","東泥","275591","3961605","14.55","14.65","14.25","14.35","-0.3000","241"
"1151002","1201","味全","328988","3802201","11.60","11.60","11.50","11.55","-0.0500","270"
"1151002","1203","味王","21416","923879","42.80","43.30","42.80","42.90","-1.0000","54"
"1151002","1210","大成","936983","48288910","51.60","51.70","51.40","51.50","-0.2000","977"
"1151002","1213","大飲","7002","49844","7.30","7.30","7.05","7.08","0.0800","6"
"1151002","1215","卜蜂","421935","44207598","105.50","105.50","104.50","105.00","-0.5000","1026"
"1151002","1216","統一","19541612","1424602116","73.70","73.80","72.60","72.70","-1.2000","12284"
"1151002","1217","愛之味","321085","3190322","9.92","9.95","9.92","9.94","-0.0200","335"
"1151002","1218","泰山","447366","6461005","14.50","14.50","14.35","14.45","-0.0500","291"
"1151002","1219","福壽","177413","2020466","11.40","11.45","11.35","11.40","-0.0500","142"
"1151002","1220","台榮","51236","554902","10.90","10.90","10.75","10.80","-0.0500","80"
"1151002","1225","福懋油","35120","850357","24.20","24.25","24.20","24.20","0.0000","49"
"1151002","1227","佳格","658843","18423589","28.00","28.10","27.90","27.95","-0.1500","546"
"1151002","1229","聯華","2092675","83651825","40.25","40.30","39.85","40.00","-0.2000","2832"
"1151002","1231","聯華食","253319","20094724","79.40","79.70","79.10","79.30","-0.5000","598"
"1151002","1232","大統益","49914","7674888","153.00","154.50","153.00","153.50","0.5000","121"
"1151002","1233","天仁","4155","116153","27.90","28.00","27.90","28.00","-0.1000","10"
"1151002","1234","黑松","171068","5588710","32.80","32.80","32.55","32.65","-0.2500","227"
"1151002","1235","興泰","48774","1563231","32.55","32.60","31.70","31.70","-1.2000","66"
"1151002","1236","宏亞","33326","849933","25.40","25.60","25.40","25.55","0.0500","50"
"1151002","1256","鮮活果汁-KY","22760","3826033","167.50","168.50","167.50","168.00","-0.5000","75"
"1151002","1301","台塑","33115055","2276491222","67.00","69.60","66.80","68.30","1.5000","17563"
"1151002","1303","南亞","42323575","10920584174","253.00","261.00","251.50","260.00","6.0000","40881"
"1151002","1304","台聚","3202927","40718529","12.45","12.85","12.45","12.70","0.2500","1203"
"1151002","1305","華夏","2763729","34463764","12.30","12.60","12.25","12.55","0.4000","1153"
"1151002","1307","三芳","340530","10621956","31.45","31.45","31.05","31.30","-0.1500","374"
"1151002","1308","亞聚","1686204","24380263","14.20","14.55","14.20","14.45","0.2500","798"
"1151002","1309","台達化","3937987","56044414","13.75","14.40","13.70","14.30","0.6000","1699"
"1151002","1310","台苯","7764239","73663726","9.03","9.72","9.03","9.61","0.5900","3018"
"1151002","1312","國喬","7046669","104112374","14.60","14.90","14.55","14.75","0.1500","2363"
"1151002","1312A","國喬特","1000","22850","22.85","22.85","22.85","22.85","0.0000","1"
"1151002","1313","聯成","7886270","100301427","12.60","12.90","12.45","12.65","0.2500","2554"
"1151002","1314","中石化","32391130","290191559","8.83","9.03","8.82","8.95","0.0600","7110"
"1151002","1315","達新","22991","1576016","68.80","68.80","68.40","68.60","-0.1000","198"
"1151002","1316","上曜","1398097","14650804","10.55","10.60","10.40","10.55","0.0500","535"
"1151002","1319","東陽","1417606","110578388","78.20","78.40","77.70","78.10","-0.5000","1273"
"1151002","1321","大洋","41000","1323550","32.50","32.50","32.10","32.35","-0.1500","34"
"1151002","1323","永裕","59138","1258565","21.25","21.50","21.25","21.25","-0.2500","37"
"1151002","1324","地球","83813","833056","10.00","10.00","9.90","9.91","-0.1400","161"
"1151002","1325","恆大","114436","2957443","25.70","26.05","25.65","25.95","0.2500","105"
"1151002","1326","台化","56653992","4047455805","68.80","72.60","68.20","71.70","4.0000","28873"
"1151002","1337","再生-KY","169880","751862","4.46","4.48","4.40","4.43","-0.0400","171"
"1151002","1338","廣華-KY","61429","926820","14.90","15.25","14.85","15.20","-0.1000","77"
"1151002","1339","昭輝","85124","3590059","42.80","42.80","41.90","42.50","-0.2000","116"
"1151002","1340","勝悅-KY","92536","479252","5.17","5.21","5.16","5.21","-0.0200","100"
"1151002","1341","富林-KY","4093","241491","59.00","59.00","59.00","59.00","0.0000","10"
"1151002","1342","八貫","85164","8518260","99.80","100.50","99.80","100.00","0.0000","126"
"1151002","1402","遠東新","4746737","132956731","27.85","28.15","27.85","28.05","0.1000","2459"
"1151002","1409","新纖","11973583","297593897","24.40","25.20","24.30","24.95","0.5500","5058"
"1151002","1410","南染","58572","1410056","24.05","24.30","23.95","23.95","-0.2000","61"
"1151002","1413","宏洲","4862","44397","9.08","9.23","9.08","9.23","-0.0200","7"
"1151002","1414","東和","234171","4030189","17.45","17.45","17.10","17.25","-0.1000","193"
"1151002","1416","廣豐","604236","7084314","11.70","11.85","11.55","11.85","0.2000","282"
"1151002","1417","嘉裕","128136","1038734","8.07","8.14","8.07","8.13","0.0000","89"
"1151002","1418","東華","43271","799313","18.50","18.60","18.40","18.40","-0.1000","24"
"1151002","1419","新紡","49208","3222223","65.40","66.00","65.30","65.60","-0.2000","64"
"1151002","1423","利華","1618","55505","34.30","34.30","34.30","34.30","-1.2000","16"
"1151002","1432","大魯閣","87677","1312828","15.05","15.05","14.90","14.95","-0.1000","273"
"1151002","1434","福懋","2191578","39806934","17.90","18.30","17.90","18.20","0.2500","1042"
"1151002","1435","中福","7056","151975","21.35","21.60","21.35","21.55","-0.4500","14"
"1151002","1436","華友聯","112539","3974481","35.35","35.40","35.15","35.35","0.0000","151"
"1151002","1437","勤益控","68563","2173661","31.65","31.90","31.50","31.55","-0.3000","54"
"1151002","1438","三地開發","26351","565573","21.35","21.70","21.30","21.40","-0.4000","30"
"1151002","1439","雋揚","7533","217306","28.10","29.30","28.10","29.00","0.0500","11"
"1151002","1440","南紡","2259795","30196613","13.40","13.55","13.30","13.30","-0.1000","730"
"1151002","1441","大東","16021","157956","9.87","9.87","9.82","9.82","-0.0500","94"
"1151002","1442","名軒","339864","9111146","26.50","27.05","26.40","26.70","0.2000","250"
"1151002","1443","立益物流","17061","394099","23.00","23.40","22.85","22.85","-0.5000","23"
"1151002","1444","力麗","699057","4833694","6.88","6.94","6.88","6.92","0.0200","636"
"1151002","1445","大宇","60064","602042","10.10","10.10","10.00","10.00","0.0000","36"
"1151002","1446","宏和","139266","1857145","13.35","13.40","13.30","13.40","-0.0500","77"
"1151002","1447","力鵬","608327","3962006","6.51","6.56","6.45","6.54","0.0300","511"
"1151002","1449","佳和","170145","2111489","12.30","12.50","12.30","12.35","0.0500","321"
"1151002","1451","年興","110707","1883729","16.90","17.10","16.90","17.05","0.0500","81"
"1151002","1452","宏益","41069","441882","10.80","10.80","10.70","10.70","-0.1000","67"
"1151002","1453","大將","25165","274186","10.85","10.95","10.85","10.95","0.0500","68"
"1151002","1454","台富","46413","561993","12.10","12.25","12.05","12.10","-0.0500","113"
"1151002","1455","集盛","1197742","11961954","9.83","10.05","9.81","10.00","0.1600","863"
"1151002","1456","怡華","165565","2474314","14.70","15.10","14.60","15.10","0.3000","83"
"1151002","1457","宜進","61701","882585","14.30","14.35","14.25","14.35","-0.1000","51"
"1151002","1459","聯發","1105002","20285085","17.00","18.70","17.00","18.70","1.7000","660"
"1151002","1460","宏遠","264301","1643268","6.23","6.24","6.19","6.20","-0.0300","183"
"1151002","1463","強盛新","19317","334979","17.40","17.45","17.25","17.45","-0.0500","33"
"1151002","1464","得力","150192","1500436","9.98","10.05","9.97","9.99","-0.0100","161"
"1151002","1465","偉全","28536","331786","11.65","11.65","11.55","11.65","0.0000","57"
"1151002","1466","聚隆","160419","2337610","14.70","14.75","14.50","14.55","-0.1500","109"
"1151002","1467","南緯","1799273","15585974","7.89","8.73","7.89","8.62","0.6800","898"
"1151002","1468","昶和","42000","552700","13.15","13.40","13.05","13.20","-0.3500","32"
"1151002","1470","大統新創","9000","219050","24.10","24.50","23.95","24.50","0.1000","8"
"1151002","1471","首利","120432","1135001","9.41","9.47","9.38","9.43","-0.0600","97"
"1151002","1472","三洋實業","118236","10457257","88.80","89.90","87.20","87.50","-1.3000","105"
"1151002","1473","台南","132509","2545246","19.20","19.20","19.15","19.15","-0.1000","799"
"1151002","1474","弘裕","93677","935573","9.96","10.05","9.95","9.98","-0.0700","71"
"1151002","1475","業旺","18207","478621","26.45","26.45","26.10","26.10","0.0500","34"
"1151002","1476","儒鴻","865971","240405475","276.50","279.00","275.00","278.00","3.5000","1283"
"1151002","1477","聚陽","666551","127577459","190.50","192.50","189.50","192.00","1.5000","847"
"1151002","1503","士電","689817","136020595","197.00","198.50","195.50","197.00","-0.5000","1022"
"1151002","1504","東元","3548122","246510082","69.20","70.00","68.70","69.70","0.6000","2849"
"1151002","1506","正道","374152","3638423","9.45","9.95","9.45","9.81","0.3100","204"
"1151002","1512","瑞利","48236","301947","6.35","6.35","6.17","6.17","-0.0300","47"
"1151002","1513","中興電","1860658","309163853","166.50","167.50","164.50","167.50","1.0000","2380"
"1151002","1514","亞力","776242","79335166","102.00","103.00","101.00","102.50","0.5000","1021"
"1151002","1515","力山","486543","14190932","29.45","29.45","29.00","29.20","-0.0500","418"
"1151002","1516","川飛","25681","339531","13.35","13.35","13.20","13.30","-0.2000","382"
"1151002","1517","利奇","146787","1518755","10.35","10.40","10.30","10.35","-0.0500","160"
"1151002","1519","華城","1180606","817655615","687.00","704.00","681.00","692.00","4.0000","4921"
"1151002","1521","大億","32061","832479","25.90","26.05","25.80","25.80","0.0000","28"
"1151002","1522","堤維西","268213","7037863","26.20","26.35","26.15","26.20","-0.2500","233"
"1151002","1524","耿鼎","307513","7947127","26.05","26.05","25.80","25.85","-0.1000","232"
"1151002","1525","江申","6433","408925","63.40","63.70","63.40","63.70","0.0000","17"
"1151002","1526","日馳","39295","589129","15.00","15.20","14.90","15.00","0.0500","51"
"1151002","1527","鑽全","213901","7043230","32.80","33.05","32.80","33.00","0.2000","666"
"1151002","1528","恩德","2855598","70613387","25.05","25.15","24.55","24.75","-0.2500","2527"
"1151002","1529","樂事綠能","725209","11593376","15.65","16.25","15.65","16.05","0.4000","502"
"1151002","1530","亞崴","36211","963637","26.65","26.80","26.55","26.65","-0.2000","163"
"1151002","1531","高林股","46790","540040","11.60","11.60","11.50","11.50","-0.1000","70"
"1151002","1532","勤美","473423","10439090","22.20","22.20","21.95","22.10","-0.1000","252"
"1151002","1533","車王電","45632","1392136","30.55","30.60","30.35","30.50","-0.0500","46"
"1151002","1535","中宇","26914","1222730","45.80","45.80","45.25","45.30","-0.5500","46"
"1151002","1536","和大","424060","19753080","46.65","46.70","46.45","46.65","0.0000","465"
"1151002","1537","廣隆","108394","12351459","114.00","114.50","113.50","114.50","-0.5000","191"
"1151002","1538","正峰","10231","82609","7.98","8.46","7.81","7.90","0.0700","14"
"1151002","1539","巨庭","10042","157058","15.65","15.70","15.55","15.65","0.0000","12"
"1151002","1540","喬福","125151","2408086","19.35","19.35","19.15","19.15","-0.3500","348"
"1151002","1541","錩泰","21063","436370","20.75","20.95","20.55","20.85","0.1000","20"
"1151002","1558","伸興","98698","11047910","111.50","112.50","111.00","111.50","-1.0000","133"
"1151002","1560","中砂","1570824","1583836888","1005.00","1030.00","993.00","1015.00","15.0000","3435"
"1151002","1563","巧新","413872","31778856","76.10","78.00","76.00","76.30","0.2000","642"
"1151002","1568","倉佑","264348","8556050","32.25","32.80","32.05","32.05","-0.6500","236"
"1151002","1582","信錦","338419","24216888","71.10","71.90","71.10","71.90","0.8000","354"
"1151002","1583","程泰","34710","1597845","46.50","46.55","45.80","45.85","-1.2000","48"
"1151002","1587","吉茂","53872","1287150","23.85","24.05","23.80","23.85","0.0000","60"
"1151002","1590","亞德客-KY","1257607","1466999835","1185.00","1190.00","1150.00","1180.00","-5.0000","2426"
"1151002","1597","直得","3289271","492893367","155.50","155.50","146.50","148.00","-6.5000","4100"
"1151002","1598","岱宇","130996","2680309","20.45","20.55","20.40","20.50","-0.0500","92"
"1151002","1603","華電","129430","3959592","30.65","30.75","30.45","30.60","-0.0500","108"
"1151002","1604","聲寶","196883","4587009","23.30","23.40","23.25","23.25","-0.1000","201"
"1151002","1605","華新","29963296","1168230992","38.35","39.50","38.35","38.75","0.2000","12061"
"1151002","1608","華榮","1351450","48933027","36.00","36.40","35.80","36.25","0.3000","1234"
"1151002","1609","大亞","2911262","112306381","38.65","39.00","38.05","38.55","-0.1500","2301"
"1151002","1611","中電","375267","4272749","11.40","11.45","11.35","11.35","-0.1000","301"
"1151002","1612","宏泰","325301","11466549","35.10","35.50","35.10","35.20","0.0500","252"
"1151002","1614","三洋電","49357","1532982","31.05","31.05","30.95","31.00","-0.2500","331"
"1151002","1615","大山","59159","2515564","42.65","42.65","42.25","42.50","-0.2000","102"
"1151002","1616","億泰","183757","3397902","18.30","18.65","18.30","18.55","0.2000","136"
"1151002","1617","榮星","2899566","70835024","24.80","25.25","24.00","24.10","-0.7000","2038"
"1151002","1618","合機","343760","13442265","38.80","39.25","38.65","39.15","0.3500","289"
"1151002","1623","大東電","42488","8448072","199.00","200.00","198.00","198.50","0.0000","83"
"1151002","1626","艾美特-KY","59925","581967","9.58","9.80","9.58","9.65","-0.0700","66"
"1151002","1702","南僑","105323","3485143","33.30","33.30","33.00","33.15","-0.3000","156"
"1151002","1707","葡萄王","164270","14004140","85.50","85.50","85.10","85.20","-0.3000","410"
"1151002","1708","東鹼","11141339","623476337","53.90","56.90","53.90","56.20","2.6000","8038"
"1151002","1709","和益","33307380","1895705373","55.50","58.50","54.70","58.50","5.3000","13201"
"1151002","1710","東聯","8257693","143076568","17.00","17.80","16.90","17.15","0.1500","3134"
"1151002","1711","永光","11775512","498310096","40.65","43.70","40.50","43.00","2.4500","7242"
"1151002","1712","興農","300337","11928280","39.60","39.85","39.60","39.80","0.1500","259"
"1151002","1713","國化","89627","3818729","42.35","42.85","42.35","42.70","0.2500","119"
"1151002","1714","和桐","17662469","299657109","16.20","17.45","16.20","16.85","0.6500","6515"
"1151002","1717","長興","12620953","941839245","74.00","76.00","73.70","74.20","0.7000","9259"
"1151002","1718","中纖","10159044","109378492","10.60","10.85","10.60","10.75","0.1000","3191"
"1151002","1720","生達","142978","8005427","56.10","56.10","55.80","56.00","-0.1000","153"
"1151002","1721","國慶科技","4630528","125606068","26.45","28.00","26.20","27.35","0.7500","3254"
"1151002","1722","台肥","1659085","68285976","41.15","41.30","41.05","41.15","0.0000","1285"
"1151002","1723","中碳","295906","23793443","79.70","80.90","79.70","80.40","0.7000","341"
"1151002","1725","元禎","124234","4217486","32.75","34.45","32.75","33.85","0.3500","114"
"1151002","1726","永記","28230","2152760","76.30","76.50","76.10","76.20","-0.3000","29"
"1151002","1727","中華化","35901281","4312844837","111.00","123.00","111.00","123.00","11.0000","22407"
"1151002","1730","花仙子","18685","957679","51.30","51.30","51.20","51.20","-0.1000","38"
"1151002","1731","美吾華","69832","1454565","20.75","20.90","20.75","20.80","-0.0500","61"
"1151002","1732","毛寶","58313","1517111","26.00","26.10","25.95","26.10","0.1000","44"
"1151002","1733","五鼎","123350","3700862","29.50","30.25","29.50","30.25","0.4000","91"
"1151002","1734","杏輝","158011","5073752","31.80","32.20","31.80","32.10","0.0000","255"
"1151002","1735","日勝化","356656","7814851","20.15","22.15","20.15","22.15","2.0000","257"
"1151002","1736","喬山","733151","90988187","127.50","127.50","123.00","123.50","-4.0000","735"
"1151002","1737","臺鹽","114492","3437234","30.00","30.10","30.00","30.00","0.0000","156"
"1151002","1752","南光","28198","886547","31.40","31.55","31.35","31.45","0.1000","30"
"1151002","1760","寶齡富錦","58808","3192174","54.10","54.60","54.00","54.60","0.0000","155"
"1151002","1762","中化生","47483","1597446","33.60","33.80","33.45","33.75","-0.2000","120"
"1151002","1773","勝一","728973","124383258","167.50","172.00","167.50","170.50","3.0000","869"
"1151002","1776","展宇","76962","1400234","18.05","18.45","18.00","18.25","0.2000","72"
"1151002","1783","和康生","20835","773655","36.80","37.25","36.80","37.05","-0.3000","88"
"1151002","1786","科妍","133040","5703428","43.40","43.40","42.65","42.70","-0.5500","178"
"1151002","1789","神隆","416118","7731877","18.80","18.80","18.45","18.60","-0.2000","281"
"1151002","1795","美時","610648","107566118","177.50","177.50","175.50","176.00","-1.0000","1002"
"1151002","1802","台玻","12062573","716628303","58.80","59.80","58.50","59.50","0.7000","7324"
"1151002","1805","寶徠","99292","992083","10.00","10.05","9.97","9.98","-0.1200","47"
"1151002","1806","冠軍","112608","891430","7.90","7.97","7.87","7.91","-0.0100","192"
"1151002","1808","潤隆","368724","11682047","31.55","31.90","31.55","31.60","-0.1000","403"
"1151002","1809","中釉","11390862","543527796","45.55","48.80","45.55","47.55","1.8000","13025"
"1151002","1810","和成","1196051","28542730","24.00","24.00","23.70","23.95","-0.0500","1017"
"1151002","1817","凱撒衛","11057","440229","40.00","40.00","39.75","39.85","-0.1500","19"
"1151002","1903","士紙","48674","2308161","47.15","47.65","47.15","47.35","-0.3000","83"
"1151002","1904","正隆","1110300","26792049","24.05","24.30","23.85","24.20","0.1000","953"
"1151002","1905","華紙","1196092","15330468","12.80","12.90","12.70","12.85","0.0500","715"
"1151002","1906","寶隆","66390","711336","10.80","10.80","10.65","10.65","-0.1500","89"
"1151002","1907","永豐餘","1312879","36495621","28.00","28.15","27.65","27.90","-0.1000","919"
"1151002","1909","榮成","1620404","16428520","10.10","10.20","10.10","10.10","-0.1000","553"
"1151002","2002","中鋼","21124095","401069829","18.90","19.10","18.90","19.00","0.0500","6259"
"1151002","2002A","中鋼特","1355","50741","37.45","37.45","37.45","37.45","-0.0500","7"
"1151002","2006","東和鋼鐵","1100589","94767157","85.00","86.70","85.00","86.60","2.0000","1619"
"1151002","2007","燁興","141935","989841","7.00","7.00","6.91","7.00","0.0000","102"
"1151002","2008","高興昌","8317","253967","30.65","30.65","30.50","30.50","-0.3500","14"
"1151002","2009","第一銅","760206","29934109","39.30","39.70","39.05","39.30","0.0000","588"
"1151002","2010","春源","533716","12057862","22.55","22.70","22.45","22.55","0.0500","366"
"1151002","2012","春雨","24841","353320","14.25","14.25","14.20","14.20","-0.1500","41"
"1151002","2013","中鋼構","33007","1365634","41.15","41.60","41.15","41.40","-0.1000","87"
"1151002","2014","中鴻","1520901","26103617","17.30","17.30","17.05","17.10","0.0000","641"
"1151002","2015","豐興","199291","12747337","64.20","64.20","63.70","63.80","-0.4000","289"
"1151002","2017","官田鋼","254004","2290581","9.09","9.09","8.98","9.03","-0.0600","210"
"1151002","2020","美亞","7080440","189470428","26.00","27.80","25.10","26.90","0.7000","4751"
"1151002","2022","聚亨","300624","2187400","7.34","7.35","7.23","7.31","-0.0300","171"
"1151002","2023","燁輝","1588195","22131567","13.75","14.00","13.75","13.90","0.1000","628"
"1151002","2024","志聯","25046","329200","12.95","13.25","12.95","13.25","-0.0500","38"
"1151002","2025","千興","1807131","25922768","13.95","14.55","13.95","14.30","0.2500","955"
"1151002","2027","大成鋼","6962195","336402348","48.10","48.60","47.90","48.05","0.0000","4878"
"1151002","2028","威致","118121","1974315","16.60","16.90","16.30","16.85","0.2500","106"
"1151002","2029","盛餘","421708","9371799","22.05","22.50","21.90","22.30","0.3000","246"
"1151002","2030","彰源","10265128","395478528","38.15","39.20","37.95","38.40","0.7500","6793"
"1151002","2031","新光鋼","815316","38075370","46.10","47.15","46.10","46.65","0.4500","607"
"1151002","2032","新鋼","2800552","55984911","19.60","20.35","19.30","20.05","0.4500","1601"
"1151002","2033","佳大","1044136","53459739","51.20","51.20","51.20","51.20","4.6500","468"
"1151002","2034","允強","5400624","130569144","23.90","24.50","23.70","24.00","0.4000","2885"
"1151002","2038","海光","255303","3319873","12.95","13.10","12.90","12.95","0.0500","190"
"1151002","2049","上銀","1577341","525733137","337.50","339.00","331.00","332.50","-2.5000","2679"
"1151002","2059","川湖","500503","6050557705","12000.00","12295.00","11700.00","12145.00","310.0000","5229"
"1151002","2062","橋椿","117000","2109150","18.00","18.10","18.00","18.00","0.0000","69"
"1151002","2069","運錩","1068140","27909635","25.70","26.70","25.50","25.95","0.2000","815"
"1151002","2072","世紀風電","118437","15749435","134.00","134.00","132.00","133.00","-1.0000","223"
"1151002","2101","南港","3700548","108567069","29.65","29.65","29.10","29.30","-0.3500","2900"
"1151002","2102","泰豐","229380","3846326","16.75","16.85","16.70","16.75","-0.1000","261"
"1151002","2103","台橡","4869851","138666340","28.10","29.00","27.90","28.15","0.2000","2274"
"1151002","2104","國際中橡","1846415","20422541","10.95","11.25","10.95","11.00","0.0000","727"
"1151002","2105","正新","3763944","114648774","30.60","30.60","30.35","30.45","-0.1000","1784"
"1151002","2106","建大","349369","5807781","16.55","16.70","16.55","16.65","0.0000","260"
"1151002","2107","厚生","217200","5851462","26.80","27.05","26.70","26.95","0.0000","186"
"1151002","2108","南帝","433044","12322917","28.30","28.65","28.25","28.25","-0.1000","384"
"1151002","2109","華豐","139792","2009208","14.40","14.50","14.25","14.35","-0.0500","105"
"1151002","2114","鑫永銓","24883","2238886","90.00","90.00","89.80","90.00","0.0000","48"
"1151002","2115","六暉-KY","10019","239805","23.75","24.05","23.75","23.90","0.0500","12"
"1151002","2201","裕隆","5164307","148840289","29.15","29.20","28.65","28.65","-0.5500","3550"
"1151002","2204","中華","999588","51875238","52.10","52.10","51.70","51.70","-0.5000","1060"
"1151002","2206","三陽工業","274134","17155816","62.50","62.90","62.30","62.80","0.2000","326"
"1151002","2207","和泰車","313733","161386344","511.00","519.00","511.00","513.00","-2.0000","461"
"1151002","2208","台船","1969954","37105359","18.90","18.95","18.75","18.85","0.0000","1115"
"1151002","2211","長榮鋼","347982","27650624","79.20","79.90","79.10","79.40","0.1000","431"
"1151002","2227","裕日車","18752","835331","44.15","45.00","44.15","44.40","-0.6000","76"
"1151002","2228","劍麟","79932","6046972","75.70","76.30","74.60","74.90","-0.8000","354"
"1151002","2231","為升","137927","12750955","92.90","92.90","92.20","92.20","-0.7000","191"
"1151002","2233","宇隆","243033","41168743","167.50","172.00","167.50","170.00","1.5000","1312"
"1151002","2236","百達-KY","570594","60840260","107.50","108.50","105.00","107.50","-1.0000","439"
"1151002","2237","華德動能-創","27577","742252","26.75","27.05","26.75","26.80","0.0500","28"
"1151002","2239","英利-KY","23164","436021","18.85","19.05","18.65","18.95","-0.1000","29"
"1151002","2241","艾姆勒","2571955","114272706","44.05","45.70","43.40","43.75","-0.3000","1991"
"1151002","2243","宏旭-KY","333277","17739249","52.70","54.50","52.00","52.80","0.6000","343"
"1151002","2247","汎德永業","32971","7454595","225.50","227.00","225.00","227.00","1.5000","85"
"1151002","2248","華勝-KY","20056","1220016","60.60","61.00","60.60","61.00","-0.4000","17"
"1151002","2250","IKKA-KY","96347","5399546","55.70","56.50","55.70","55.80","0.1000","82"
"1151002","2254","巨鎧精密-創","2135259","201037758","94.30","95.00","92.60","94.30","0.2000","724"
"1151002","2258","鴻華先進-創","541697","16905427","31.50","31.75","31.00","31.00","-0.9000","360"
"1151002","2301","光寶科","7078006","1995450931","283.50","285.00","280.50","281.50","-3.0000","10018"
"1151002","2302","麗正","4674132","218766424","46.50","47.90","45.70","46.50","0.0000","6165"
"1151002","2303","聯電","100339050","16066163882","159.00","162.50","157.50","161.50","0.0000","55935"
"1151002","2305","全友","20455039","1208733810","59.70","61.60","55.80","60.20","-1.7000","12777"
"1151002","2308","台達電","6064409","11464834210","1895.00","1915.00","1880.00","1885.00","-20.0000","26768"
"1151002","2312","金寶","5879296","181581143","31.00","31.10","30.75","30.85","-0.1500","3066"
"1151002","2313","華通","8635843","1953399291","225.00","228.00","224.00","226.00","1.5000","10086"
"1151002","2314","台揚","168275","1855305","11.20","11.20","10.95","11.00","-0.5000","143"
"1151002","2316","楠梓電","2945458","496745445","167.00","171.50","165.50","170.50","3.5000","2855"
"1151002","2317","鴻海","30466967","7654181137","253.00","253.00","250.50","251.00","-3.0000","32698"
"1151002","2321","東訊","39872","1029694","25.65","25.85","25.65","25.85","2.3500","100"
"1151002","2324","仁寶","35135273","1274998541","36.70","36.75","36.20","36.20","-0.4500","24858"
"1151002","2327","國巨*","106667349","66854916325","604.00","647.00","598.00","626.00","24.0000","153563"
"1151002","2328","廣宇","1295287","61653323","47.80","48.00","47.25","47.95","0.2000","1589"
"1151002","2329","華泰","3082944","138328195","44.60","45.20","44.50","45.00","0.6500","2151"
"1151002","2330","台積電","15792206","39508159297","2505.00","2515.00","2495.00","2500.00","-10.0000","65783"
"1151002","2331","精英","490150","9332997","19.10","19.10","18.90","19.05","-0.1000","322"
"1151002","2332","友訊","4314727","87590750","20.25","20.45","20.15","20.45","0.3000","1837"
"1151002","2337","旺宏","19636645","2393581020","122.50","123.00","121.00","122.00","1.0000","9822"
"1151002","2338","光罩","15644706","772515162","47.80","50.20","47.55","49.65","2.4500","10264"
"1151002","2340","台亞","41777299","1909172972","45.00","47.20","43.70","45.75","1.9000","25512"
"1151002","2342","茂矽","15524775","790226719","49.35","52.50","48.50","51.30","1.9500","11617"
"1151002","2344","華邦電","74491648","13376065897","182.50","184.00","177.50","179.00","-1.0000","52779"
"1151002","2345","智邦","5328800","10405005906","1955.00","1980.00","1920.00","1965.00","65.0000","15255"
"1151002","2347","聯強","3426763","331891097","96.40","98.00","96.00","97.10","1.7000","2679"
"1151002","2348","海悅","160769","11300565","70.40","70.80","70.00","70.60","0.2000","227"
"1151002","2348A","海悅甲特","14525","556928","38.30","38.40","38.30","38.35","-0.1000","18"
"1151002","2349","錸德","1128636","11802584","10.45","10.55","10.35","10.50","0.0000","461"
"1151002","2351","順德","3165920","673760846","213.00","216.00","210.50","211.50","-1.0000","3741"
"1151002","2352","佳世達","3067011","89688384","29.05","29.45","28.90","29.20","0.1000","2099"
"1151002","2353","宏碁","13319795","419119737","31.85","31.90","31.30","31.40","-0.4500","6408"
"1151002","2354","鴻準","8981747","587995874","66.00","66.00","64.90","65.70","-0.5000","6211"
"1151002","2355","敬鵬","4145813","177164349","41.30","43.45","41.30","43.30","2.0000","3144"
"1151002","2356","英業達","11624754","688496951","59.90","59.90","59.00","59.00","-0.7000","9242"
"1151002","2357","華碩","1166554","1122151331","965.00","969.00","959.00","962.00","-3.0000","2372"
"1151002","2359","所羅門","1036629","132904099","128.00","129.00","127.50","128.50","0.5000","1475"
"1151002","2360","致茂","3514487","7695836509","2145.00","2225.00","2135.00","2190.00","110.0000","7250"
"1151002","2362","藍天","333270","15536017","46.40","46.85","46.40","46.65","0.0500","473"
"1151002","2363","矽統","15579464","959359930","59.80","63.50","59.30","62.40","1.8000","11623"
"1151002","2364","倫飛","130790","8628469","65.70","66.50","65.40","65.50","0.6000","277"
"1151002","2365","昆盈","536724","15151948","28.20","28.40","28.00","28.40","0.2000","495"
"1151002","2367","燿華","7376988","329457655","43.55","45.35","43.05","45.15","1.8000","6137"
"1151002","2368","金像電","7170519","7895619290","1100.00","1120.00","1085.00","1105.00","10.0000","13148"
"1151002","2369","菱生","3431170","109911490","31.75","32.30","31.65","31.95","0.2000","2200"
"1151002","2371","大同","18900562","580268177","30.50","31.20","30.15","31.10","0.6000","8953"
"1151002","2373","震旦行","35662","1871274","52.90","52.90","52.40","52.40","-0.6000","226"
"1151002","2374","佳能","1054100","70559702","66.60","67.20","66.30","67.10","0.4000","966"
"1151002","2375","凱美","5894540","746602456","124.00","129.00","123.00","126.00","1.5000","6003"
"1151002","2376","技嘉","9164965","3455884197","370.00","388.00","368.00","373.50","5.0000","10609"
"1151002","2377","微星","4570302","702861957","153.50","155.00","152.00","155.00","2.5000","4484"
"1151002","2379","瑞昱","1632949","1232206773","765.00","765.00","750.00","754.00","-8.0000","3759"
"1151002","2380","虹光","62036","1047248","17.10","17.10","16.70","16.85","-0.1500","169"
"1151002","2382","廣達","10305780","3415398966","333.00","334.50","330.00","332.00","-2.0000","13956"
"1151002","2383","台光電","2397410","12276307445","5040.00","5190.00","4975.00","5185.00","210.0000","17002"
"1151002","2385","群光","1804741","189782121","106.00","106.50","104.50","104.50","-1.0000","1443"
"1151002","2387","精元","371925","13504251","36.55","36.60","36.10","36.50","-0.0500","343"
"1151002","2388","威盛","1856104","135283236","73.50","73.70","72.10","73.20","-0.1000","1860"
"1151002","2390","云辰","288005","2918300","10.25","10.25","10.05","10.15","0.0000","198"
"1151002","2392","正崴","751476","31141665","41.25","41.70","41.15","41.40","-0.2000","904"
"1151002","2393","億光","2465307","160882797","64.70","65.70","64.10","65.40","0.9000","1921"
"1151002","2395","研華","2331301","1672492904","720.00","728.00","712.00","716.00","-7.0000","4267"
"1151002","2397","友通","200092","12740155","62.80","64.10","62.80","63.60","0.5000","234"
"1151002","2399","映泰","8735540","447866955","51.20","51.90","50.60","51.20","-0.1000","6323"
"1151002","2401","凌陽","5358097","144426090","26.85","27.50","26.35","27.30","0.4500","3356"
"1151002","2402","毅嘉","2669039","155515347","57.50","59.80","56.50","59.10","1.9000","2325"
"1151002","2404","漢唐","2191273","2845497450","1320.00","1355.00","1265.00","1285.00","-20.0000","7270"
"1151002","2405","輔信","597635","9161744","15.30","15.40","15.25","15.35","0.0500","438"
"1151002","2406","國碩","5205433","161443486","31.10","31.35","30.70","31.20","-0.2000","3274"
"1151002","2408","南亞科","36677068","19358665762","532.00","534.00","521.00","526.00","7.0000","39877"
"1151002","2409","友達","701554317","28027963732","38.75","40.85","38.65","40.45","2.1500","230564"
"1151002","2412","中華電","10009961","1458318100","145.00","146.50","144.00","146.00","0.5000","4710"
"1151002","2413","環科","1936535","101256219","52.30","52.90","51.60","52.30","0.7000","1649"
"1151002","2414","精技","96131","5082634","52.80","53.00","52.70","52.80","-0.4000","128"
"1151002","2415","錩新","130591","3575770","27.25","27.55","27.15","27.40","0.1500","185"
"1151002","2417","圓剛","315091","12260907","38.95","39.15","38.65","39.00","0.0500","325"
"1151002","2419","仲琦","952057","27762343","29.10","29.35","28.85","29.30","0.2500","686"
"1151002","2420","新巨","710978","41740469","57.80","59.50","57.80","58.20","0.2000","886"
"1151002","2421","建準","1705201","281319688","163.50","168.00","161.50","166.00","2.0000","1950"
"1151002","2423","固緯","129843","9243490","70.40","72.10","70.40","71.80","0.2000","128"
"1151002","2424","隴華","34407","293062","8.20","8.85","8.20","8.42","0.2600","28"
"1151002","2425","承啟","424753","16055495","38.00","38.10","37.55","38.00","0.2500","505"
"1151002","2426","鼎元","30702529","3211175790","103.00","108.00","102.00","104.00","1.0000","21741"
"1151002","2427","三商電","373326","8689675","23.30","23.40","23.10","23.40","0.1000","351"
"1151002","2428","興勤","1521035","402072096","261.00","268.00","259.50","263.00","2.0000","3118"
"1151002","2429","銘旺科","197741","6014320","30.40","30.65","30.25","30.65","-0.1000","204"
"1151002","2430","燦坤","15758","282934","17.95","17.95","17.95","17.95","-0.1500","78"
"1151002","2431","聯昌","131658","1334420","10.15","10.25","10.00","10.15","0.0000","72"
"1151002","2432","倚天酷碁-創","26015","716011","27.60","27.60","27.45","27.55","-0.0500","15"
"1151002","2433","互盛電","32477","1299847","40.15","40.15","40.00","40.00","-0.2000","62"
"1151002","2434","統懋","386930","24584613","63.90","65.30","62.70","63.00","0.1000","455"
"1151002","2436","偉詮電","6180465","462484769","74.00","76.00","73.20","76.00","2.0000","5761"
"1151002","2438","翔耀","98511","1952400","20.55","20.55","19.50","20.00","0.0500","91"
"1151002","2439","美律","1599165","121014473","76.10","76.10","75.40","75.70","-0.8000","1454"
"1151002","2440","太空梭","185206","2669716","14.30","14.55","14.25","14.55","0.1500","107"
"1151002","2441","超豐","3477871","438714318","124.00","127.50","124.00","126.50","2.0000","3012"
"1151002","2442","新美齊","548727","7805315","14.30","14.30","14.20","14.20","-0.1000","399"
"1151002","2444","兆勁","5722454","92189431","15.00","16.50","14.70","16.50","1.5000","2238"
"1151002","2449","京元電子","13902351","4107551351","295.50","298.00","292.00","295.50","-0.5000","19519"
"1151002","2450","神腦","45470","1282525","28.20","28.30","28.15","28.20","-0.1000","82"
"1151002","2451","創見","1091828","315223140","291.50","291.50","287.50","290.00","0.5000","3444"
"1151002","2453","凌群","87830","4699492","53.40","53.60","53.30","53.50","0.2000","118"
"1151002","2454","聯發科","4503961","22207114990","4950.00","4970.00","4880.00","4950.00","-30.0000","52579"
"1151002","2455","全新","4299731","2441116526","559.00","580.00","551.00","580.00","34.0000","7771"
"1151002","2457","飛宏","1071817","23902651","22.00","22.60","21.90","22.45","0.4000","741"
"1151002","2458","義隆","1469046","202691087","138.00","139.50","136.50","138.00","-0.5000","1393"
"1151002","2459","敦吉","53421","3457658","64.70","64.90","64.60","64.80","-0.1000","69"
"1151002","2460","建通","249961","7624622","30.00","30.90","30.00","30.80","0.2000","250"
"1151002","2461","光群雷","498599","8625189","17.40","17.45","17.15","17.35","-0.0500","346"
"1151002","2462","良得電","171942","3383654","19.55","19.90","19.55","19.80","-0.1000","164"
"1151002","2464","盟立","11541972","2233866594","194.50","199.00","190.50","195.50","2.0000","12094"
"1151002","2465","麗臺","1111572","103792824","93.00","94.20","92.70","92.90","-0.3000","1501"
"1151002","2466","冠西電","2480183","340691776","130.50","141.00","130.50","141.00","12.5000","1968"
"1151002","2467","志聖","588320","323883306","547.00","555.00","544.00","552.00","9.0000","1373"
"1151002","2468","華經","1437269","65420354","44.55","46.10","44.50","45.35","0.8000","1370"
"1151002","2471","資通","93991","4845330","52.00","52.00","51.30","51.40","-0.6000","126"
"1151002","2472","立隆電","4791775","1095578186","222.00","231.50","220.50","229.00","3.0000","7302"
"1151002","2474","可成","1050240","217097495","207.00","207.50","206.00","207.00","-0.5000","1137"
"1151002","2476","鉅祥","1148883","143080644","124.50","126.50","122.50","126.00","3.0000","1104"
"1151002","2477","美隆電","113064","2581099","22.90","22.90","22.75","22.75","-0.3500","393"
"1151002","2478","大毅","4100635","519975511","124.00","128.50","123.50","127.00","2.5000","4251"
"1151002","2480","敦陽科","157577","25310950","160.00","162.00","159.00","161.50","1.5000","432"
"1151002","2481","強茂","28414583","4957028528","176.00","178.50","172.50","174.50","-3.0000","29325"
"1151002","2482","連宇","62577","1018068","16.30","16.35","16.20","16.20","-0.1000","78"
"1151002","2483","百容","3184383","118967347","37.00","38.40","36.65","37.00","0.4000","2520"
"1151002","2484","希華","46132849","4000223819","85.20","89.00","84.20","86.50","1.9000","39340"
"1151002","2485","兆赫","2231409","91747270","40.60","41.40","40.55","41.30","0.8000","1894"
"1151002","2486","一詮","3396108","834891988","250.00","250.00","244.00","245.00","-3.5000","9339"
"1151002","2488","漢平","41302","2018294","49.00","49.30","48.80","48.85","-0.1000","62"
"1151002","2489","瑞軒","15967742","661897052","41.70","42.75","40.95","41.15","0.5000","9284"
"1151002","2491","吉祥全","908318","37641808","41.00","41.80","40.75","41.45","0.9500","653"
"1151002","2492","華新科","55788034","19545370663","335.00","361.50","329.00","361.50","32.5000","40249"
"1151002","2493","揚博","1418568","281239543","198.00","202.00","195.00","196.50","-0.5000","3033"
"1151002","2495","普安","1051157","40479283","38.70","38.85","38.15","38.40","-0.2000","1043"
"1151002","2496","卓越","19285","1059016","55.00","55.40","54.30","55.10","0.0000","75"
"1151002","2497","怡利電","181458","7966978","43.95","44.15","43.70","44.05","0.0500","164"
"1151002","2498","宏達電","7419209","319888053","43.70","43.70","42.90","42.90","-0.8000","4409"
"1151002","2501","國建","2484844","51900370","21.00","21.05","20.80","20.85","-0.2000","1451"
"1151002","2504","國產","1036847","31679888","30.50","30.75","30.45","30.65","0.1000","578"
"1151002","2505","國揚","273583","4650101","17.00","17.05","16.95","17.00","-0.0500","110"
"1151002","2506","太設","151744","1271842","8.38","8.40","8.37","8.38","-0.0500","68"
"1151002","2509","全坤建","79968","1130846","14.20","14.25","14.10","14.10","-0.2000","74"
"1151002","2511","太子","521370","4323739","8.32","8.32","8.28","8.28","-0.0400","293"
"1151002","2514","龍邦","171427","1956235","11.55","11.55","11.30","11.35","-0.2500","303"
"1151002","2515","中工","2431185","28891880","11.90","11.95","11.85","11.90","-0.0500","846"
"1151002","2516","新建","153366","2309802","15.15","15.20","14.95","15.05","-0.1000","107"
"1151002","2520","冠德","1224002","45023098","36.75","37.00","36.50","36.95","0.2000","809"
"1151002","2524","京城","39981","1379325","34.90","34.90","34.25","34.30","-0.3000","82"
"1151002","2527","宏璟","886600","44302121","49.05","50.40","49.00","49.55","0.4500","791"
"1151002","2528","皇普","405491","7789113","19.25","19.40","19.05","19.25","0.0000","174"
"1151002","2530","華建","213513","4270094","20.05","20.05","19.95","20.05","0.0000","173"
"1151002","2534","宏盛","277669","4640507","16.75","16.85","16.60","16.70","-0.1500","263"
"1151002","2535","達欣工","299055","26518031","88.90","89.00","88.30","88.50","-0.4000","426"
"1151002","2536","宏普","912720","17274699","19.05","19.15","18.80","18.80","-0.3000","467"
"1151002","2537","聯上發","453711","5031639","11.10","11.15","11.05","11.05","-0.0500","169"
"1151002","2538","基泰","337876","2985882","8.83","8.87","8.80","8.87","0.0400","205"
"1151002","2539","櫻花建","1003922","34106629","34.05","34.20","33.85","34.00","-0.2500","946"
"1151002","2540","愛山林","463965","22491106","48.60","48.90","48.15","48.15","-0.7000","951"
"1151002","2542","興富發","8587725","333299693","38.50","39.15","38.30","38.75","0.3500","3987"
"1151002","2543","皇昌","559917","21431491","38.30","38.55","38.10","38.35","0.1500","399"
"1151002","2545","皇翔","119689","4061854","33.90","34.15","33.80","33.95","-0.2500","146"
"1151002","2546","根基","125411","13319251","106.50","107.00","105.00","105.00","-1.0000","191"
"1151002","2547","日勝生","671986","6565362","9.81","9.81","9.76","9.76","-0.0200","329"
"1151002","2548","華固","1422249","130692659","91.90","92.50","91.40","92.50","0.7000","1155"
"1151002","2597","潤弘","327348","54175776","167.00","167.00","164.00","165.50","-2.0000","466"
"1151002","2603","長榮","5621086","1346964237","237.00","240.50","236.50","240.00","2.0000","4488"
"1151002","2605","新興","7945053","283023769","35.45","35.95","35.25","35.75","0.3500","3077"
"1151002","2606","裕民","3649164","273797547","74.20","75.90","73.60","75.90","2.4000","2416"
"1151002","2607","榮運","167740","9004105","53.80","53.90","53.40","53.50","-0.3000","165"
"1151002","2608","嘉里大榮","163236","4696505","28.70","29.00","28.65","28.80","0.0000","153"
"1151002","2609","陽明","11663046","691571579","59.00","59.90","58.50","59.70","0.9000","6645"
"1151002","2610","華航","7576661","153607908","20.20","20.35","20.15","20.35","0.0500","2773"
"1151002","2611","志信","369598","5292918","14.45","14.45","14.25","14.30","-0.0500","238"
"1151002","2612","中航","361515","22589028","61.80","63.00","61.40","62.90","1.5000","392"
"1151002","2613","中櫃","173784","3829845","22.10","22.15","21.95","22.15","-0.0500","190"
"1151002","2614","東森","2756942","53428703","18.90","19.70","18.90","19.25","0.0000","1987"
"1151002","2615","萬海","4638177","523479928","112.50","113.50","112.00","113.00","0.5000","2871"
"1151002","2616","山隆","125806","1660277","13.25","13.25","13.15","13.20","-0.1000","232"
"1151002","2617","台航","536475","16793627","31.10","31.55","30.85","31.55","0.4500","363"
"1151002","2618","長榮航","8563147","361217386","42.10","42.40","41.90","42.35","0.1500","3676"
"1151002","2630","亞航","644999","30216181","46.90","47.15","46.60","46.80","-0.0500","571"
"1151002","2633","台灣高鐵","3723884","95687157","25.65","25.80","25.60","25.75","-0.0500","2047"
"1151002","2634","漢翔","12874547","843258056","65.00","66.40","64.30","66.00","1.6000","9285"
"1151002","2636","台驊控股","145564","10283215","70.70","71.00","70.20","70.80","0.1000","258"
"1151002","2637","慧洋-KY","1864997","182530216","95.50","99.10","95.40","98.80","3.5000","1778"
"1151002","2642","宅配通","28229","571209","20.30","20.30","20.20","20.25","-0.1000","64"
"1151002","2645","長榮航太","597952","103803397","174.00","174.50","172.50","173.50","-0.5000","896"
"1151002","2646","星宇航空","2950628","59264080","20.10","20.15","20.05","20.10","-0.0500","1640"
"1151002","2701","萬企","37317","382341","10.25","10.30","10.20","10.25","-0.0500","44"
"1151002","2702","華園","58146","711217","12.25","12.30","12.20","12.20","-0.1500","79"
"1151002","2704","國賓","40559","1822205","44.80","45.00","44.80","44.95","-0.2000","132"
"1151002","2705","六福","58389","882402","15.05","15.15","15.05","15.10","-0.0500","108"
"1151002","2706","第一店","54928","664953","12.10","12.15","12.10","12.10","-0.1000","83"
"1151002","2707","晶華","98339","17232507","175.50","176.00","175.00","175.00","-1.0000","272"
"1151002","2712","遠雄來","13200","176265","13.25","13.40","13.25","13.40","0.0500","21"
"1151002","2722","夏都","35172","750366","21.30","21.55","21.25","21.35","-0.1000","31"
"1151002","2723","美食-KY","164085","12710061","77.20","78.30","76.50","77.30","-0.2000","227"
"1151002","2727","王品","185632","43253710","233.50","234.00","232.00","234.00","-1.0000","499"
"1151002","2731","雄獅","130905","18838466","143.50","144.50","143.50","143.50","-0.5000","220"
"1151002","2739","寒舍","50885","1843379","36.25","36.50","36.15","36.15","-0.3500","133"
"1151002","2748","雲品","33600","1303906","38.80","39.00","38.65","39.00","-0.1000","51"
"1151002","2753","八方雲集","195249","35913780","184.00","185.00","182.50","185.00","1.5000","750"
"1151002","2762","世界健身-KY","21125","1666598","78.40","79.20","78.40","78.60","0.2000","46"
"1151002","2801","彰銀","20636594","567600866","27.25","27.65","27.25","27.60","0.0500","8967"
"1151002","2812","台中銀","5364231","100665858","18.80","18.85","18.75","18.75","-0.0500","3590"
"1151002","2816","旺旺保","181984","7182936","39.65","39.70","39.35","39.70","0.0500","192"
"1151002","2820","華票","2798555","46652600","16.70","16.75","16.60","16.70","-0.0500","987"
"1151002","2832","台產","74871","4242962","56.60","56.80","56.50","56.70","-0.1000","120"
"1151002","2834","臺企銀","12028725","210357855","17.50","17.55","17.45","17.45","-0.0500","5259"
"1151002","2836","高雄銀","1348690","16233369","12.05","12.10","12.00","12.00","-0.0500","481"
"1151002","2836A","高雄銀甲特","1060","25378","23.95","23.95","23.95","23.95","0.0500","2"
"1151002","2838","聯邦銀","1713294","35017966","20.45","20.55","20.40","20.40","-0.2500","1082"
"1151002","2838A","聯邦銀甲特","73037","3810627","52.00","52.50","52.00","52.00","0.0000","31"
"1151002","2845","遠東銀","13221721","171115149","13.05","13.05","12.90","12.90","-0.2000","5052"
"1151002","2849","安泰銀","239471","3723272","15.80","15.80","15.35","15.35","-0.6500","213"
"1151002","2850","新產","136444","21529255","157.00","159.00","157.00","158.50","1.5000","249"
"1151002","2851","中再保","903709","41356454","46.10","46.10","45.45","45.95","-0.1500","882"
"1151002","2852","第一保","436393","11980894","27.60","27.65","27.35","27.50","-0.1000","319"
"1151002","2855","統一證","4842657","278645725","56.50","58.20","55.90","57.60","1.2000","2783"
"1151002","2880","華南金","12326772","552146602","44.95","45.30","44.45","44.85","-0.4000","7752"
"1151002","2881","富邦金","10614902","1595565901","149.00","151.50","149.00","150.50","0.0000","5417"
"1151002","2881A","富邦特","36390","2237160","61.50","61.50","61.40","61.50","0.0000","43"
"1151002","2881B","富邦金乙特","9432","570785","60.50","60.70","60.40","60.70","-0.1000","22"
"1151002","2881C","富邦金丙特","74670","3870061","51.90","51.90","51.70","51.80","0.0000","70"
"1151002","2882","國泰金","13877928","1540462391","110.00","111.50","110.00","111.50","1.0000","4991"
"1151002","2882A","國泰特","52169","3135354","60.10","60.10","60.10","60.10","-0.1000","23"
"1151002","2882B","國泰金乙特","2071","121771","58.80","58.80","58.80","58.80","0.0000","6"
"1151002","2883","凱基金","67231685","2494905245","36.90","37.70","36.60","37.35","0.4500","22054"
"1151002","2883B","凱基金乙特","1708082","14807363","8.70","8.71","8.64","8.64","-0.0600","274"
"1151002","2884","玉山金","21945062","992289644","45.05","45.35","44.95","45.35","0.0000","9655"
"1151002","2885","元大金","19695021","1314854230","67.00","67.40","66.60","66.80","-0.6000","15487"
"1151002","2886","兆豐金","28642625","1393255003","48.85","48.95","48.35","48.85","0.0000","10594"
"1151002","2887","台新新光金","56891872","2310835158","41.05","41.35","40.35","40.55","-0.7000","24172"
"1151002","2887E","台新新光戊特一","216645","10481064","48.45","48.45","48.30","48.30","-0.1000","164"
"1151002","2887F","台新新光戊特二","34280","1558663","45.50","45.50","45.45","45.45","-0.1000","33"
"1151002","2887G","台新新光庚特一","137016","6043254","44.25","44.25","44.00","44.15","-0.1000","71"
"1151002","2887H","台新新光庚特二","356120","15267176","43.00","43.00","42.70","42.85","-0.1500","35"
"1151002","2887I","台新新光辛特","2453857","23365214","9.52","9.53","9.52","9.52","-0.0100","607"
"1151002","2887Z1","台新新光己特","1071326","23364630","22.60","22.60","21.50","21.90","-0.7500","222"
"1151002","2889","國票金","5874536","94775039","16.20","16.25","16.05","16.10","-0.0500","2228"
"1151002","2890","永豐金","13939013","611181149","43.05","44.15","43.05","44.05","0.4000","6850"
"1151002","2891","中信金","18882806","1275671781","67.30","68.00","67.30","67.30","-0.6000","10097"
"1151002","2891B","中信金乙特","13059","804731","61.70","61.90","61.50","61.90","0.2000","17"
"1151002","2891C","中信金丙特","6139","371073","60.40","60.50","60.40","60.50","0.0000","17"
"1151002","2892","第一金","14985368","577526378","38.40","38.75","38.25","38.55","-0.1500","5979"
"1151002","2897","王道銀行","2489916","26660798","10.75","10.85","10.65","10.70","-0.1000","848"
"1151002","2897B","王道銀乙特","13362","158051","11.80","11.85","11.80","11.85","0.0000","9"
"1151002","2901","欣欣","50747","1262211","24.95","25.10","24.60","25.05","0.2500","72"
"1151002","2903","遠百","1847025","40357217","21.95","21.95","21.80","21.80","-0.1500","1172"
"1151002","2904","匯僑","8459","106978","12.60","12.70","12.60","12.60","-0.1000","17"
"1151002","2905","三商","798384","14210604","18.05","18.05","17.65","17.80","-0.2500","439"
"1151002","2906","高林","94141","1259385","13.30","13.50","13.30","13.40","0.0000","71"
"1151002","2908","特力","281086","6179033","22.00","22.10","21.85","22.10","0.0000","101"
"1151002","2910","統領","10011","232903","23.05","23.50","23.05","23.20","-0.4000","11"
"1151002","2911","麗嬰房","93320","563179","6.10","6.10","6.01","6.01","-0.1300","106"
"1151002","2912","統一超","2981945","627997406","212.50","212.50","210.00","210.50","-2.0000","4568"
"1151002","2913","農林","444038","4895598","11.05","11.10","11.00","11.00","-0.1000","471"
"1151002","2915","潤泰全","1576854","90882797","58.10","58.20","57.40","57.50","-0.8000","2823"
"1151002","2923","鼎固-KY","197446","4804590","24.65","24.80","23.95","23.95","-1.4500","382"
"1151002","2929","淘帝-KY","72557","419693","5.77","5.80","5.74","5.80","-0.0100","71"
"1151002","2939","永邑-KY","39378","892514","21.95","22.90","21.95","22.55","0.6000","32"
"1151002","2945","三商家購","29029","1147134","39.50","40.00","39.40","40.00","0.1000","50"
"1151002","3002","歐格","466159","9305258","19.50","20.45","19.35","19.70","0.2500","356"
"1151002","3003","健和興","254831","15221573","59.40","60.30","59.30","60.00","0.2000","358"
"1151002","3004","豐達科","151965","18390074","121.50","122.00","120.00","121.50","0.5000","295"
"1151002","3005","神基","702857","82464845","117.00","117.50","116.50","117.50","0.0000","812"
"1151002","3006","晶豪科","9101409","2608184123","284.50","290.00","282.50","285.50","4.5000","8209"
"1151002","3008","大立光","1683166","10461357370","6205.00","6395.00","6090.00","6290.00","85.0000","17375"
"1151002","3010","華立","956382","122606648","126.00","129.50","126.00","128.00","2.0000","852"
"1151002","3011","今皓","637108","6336865","10.00","10.10","9.84","9.87","-0.1800","236"
"1151002","3013","晟銘電","4569107","423184847","94.00","94.30","91.50","92.70","-1.3000","5314"
"1151002","3014","聯陽","1134800","161198854","142.50","143.00","141.50","142.50","0.5000","1245"
"1151002","3015","全漢","418543","22852787","55.20","55.20","54.00","54.40","-0.2000","516"
"1151002","3016","嘉晶","8692203","1538049318","169.50","182.00","169.50","180.50","12.5000","10734"
"1151002","3017","奇鋐","3274994","11292176870","3570.00","3570.00","3385.00","3440.00","-70.0000","13125"
"1151002","3018","隆銘綠能","13077","155935","11.85","12.15","11.85","12.00","-0.2500","65"
"1151002","3019","亞光","2069927","284995266","137.00","139.00","136.00","139.00","2.0000","2042"
"1151002","3021","鴻名","599976","16888402","28.05","28.45","27.95","28.20","0.0500","451"
"1151002","3022","威強電","803611","73714559","92.80","92.80","91.50","91.50","-1.1000","2880"
"1151002","3023","信邦","794904","247312051","307.50","315.00","307.50","312.00","3.0000","1025"
"1151002","3024","憶聲","899309","12541590","14.00","14.00","13.85","14.00","-0.1000","370"
"1151002","3025","星通","1332929","74912030","59.90","59.90","54.90","55.40","-2.7000","1094"
"1151002","3026","禾伸堂","17157777","14718371825","845.00","881.00","831.00","835.00","-17.0000","26021"
"1151002","3027","盛達","74236","1384925","18.60","18.85","18.50","18.60","-0.1000","98"
"1151002","3028","增你強","674660","42578972","62.50","63.40","62.20","63.40","1.3000","845"
"1151002","3029","零壹","982672","116546992","119.00","119.50","118.00","118.00","-1.0000","986"
"1151002","3030","德律","3947165","1154851639","283.00","301.00","277.00","300.00","11.0000","12587"
"1151002","3031","佰鴻","10999738","357328560","31.40","33.50","30.25","32.80","2.3000","6154"
"1151002","3032","偉訓","208628","16542771","79.20","79.80","78.70","79.40","0.1000","228"
"1151002","3033","威健","1689590","71795637","42.45","42.80","42.20","42.40","0.0000","1214"
"1151002","3034","聯詠","2855910","1532560531","541.00","543.00","533.00","537.00","-10.0000","5666"
"1151002","3035","智原","4927298","1053531119","213.00","217.00","210.00","215.50","2.5000","5974"
"1151002","3036","文曄","6758956","1446402222","214.00","216.00","212.00","213.50","1.0000","6261"
"1151002","3037","欣興","18635778","23509159965","1225.00","1305.00","1215.00","1305.00","90.0000","40690"
"1151002","3038","全台","113358","2347028","21.00","21.00","20.60","20.65","-0.2500","128"
"1151002","3040","遠見","442602","14834609","33.40","34.25","33.30","33.95","0.5500","248"
"1151002","3041","揚智","613401","15047713","24.65","24.85","24.20","24.80","0.1500","546"
"1151002","3042","晶技","43452288","9833111512","219.00","232.50","217.50","230.50","12.0000","53109"
"1151002","3043","科風","98463","2017286","20.25","20.75","20.10","20.75","0.5000","121"
"1151002","3044","健鼎","1693324","912851349","528.00","544.00","528.00","542.00","13.0000","3445"
"1151002","3045","台灣大","3702973","450688221","121.50","122.00","121.00","122.00","0.0000","2155"
"1151002","3046","建碁","105985","5699577","53.70","54.00","53.50","53.90","0.4000","102"
"1151002","3047","訊舟","454801","6616217","14.50","14.65","14.45","14.65","0.1500","276"
"1151002","3048","益登","4953591","267469532","53.90","55.00","53.30","53.70","0.9000","3467"
"1151002","3049","精金","3124829","38953485","12.30","12.60","12.25","12.45","0.1500","1458"
"1151002","3050","鈺德","456133","5296521","11.75","11.75","11.55","11.60","-0.1500","237"
"1151002","3051","力特","626199","14706395","23.00","23.80","23.00","23.60","0.6000","513"
"1151002","3052","夆典","145417","1521085","10.45","10.50","10.40","10.45","0.0000","121"
"1151002","3054","立萬利","91620","5419044","59.50","59.70","58.60","59.70","0.1000","86"
"1151002","3055","蔚華科","1076417","231193598","216.00","217.00","212.50","216.00","6.0000","1315"
"1151002","3056","富華新","421523","5783298","13.75","13.80","13.65","13.70","-0.0500","342"
"1151002","3057","喬鼎","100983","1598993","16.00","16.00","15.70","15.70","-0.2000","230"
"1151002","3058","立德","464109","3779071","8.14","8.19","8.12","8.18","0.0300","277"
"1151002","3059","華晶科","827635","31814722","38.30","38.70","38.15","38.70","0.4000","781"
"1151002","3060","銘異","1569267","45330627","28.35","29.35","28.20","28.90","0.6000","1112"
"1151002","3062","建漢","1228568","27658632","22.40","22.70","22.15","22.65","0.4000","837"
"1151002","3090","日電貿","8401227","1453034728","169.00","175.50","167.00","173.50","4.5000","9645"
"1151002","3092","鴻碩","212123","5089758","24.40","24.40","23.90","23.95","-0.3500","202"
"1151002","3094","聯傑","35223446","2470460144","69.20","73.00","67.90","70.30","2.6000","24031"
"1151002","3130","一零四","32160","6729354","209.50","209.50","209.00","209.50","-0.5000","96"
"1151002","3135","凌航","658241","105090439","159.00","161.50","158.00","159.00","2.0000","990"
"1151002","3138","耀登","324283","32422466","99.90","101.00","99.10","99.50","0.5000","430"
"1151002","3149","正達","24846956","1903926705","74.80","79.70","74.00","77.30","3.0000","18501"
"1151002","3150","鈺寶-創","41385","638640","15.60","15.70","15.35","15.40","-0.3000","22"
"1151002","3164","景岳","44753","741272","16.50","16.65","16.50","16.50","0.0000","71"
"1151002","3167","大量","6748712","6555491800","983.00","1005.00","948.00","981.00","6.0000","18999"
"1151002","3168","眾福科","16150","696704","43.20","43.30","43.05","43.10","0.0500","20"
"1151002","3189","景碩","18823011","19554694715","1010.00","1070.00","1005.00","1050.00","40.0000","27520"
"1151002","3209","全科","875083","40209916","45.35","46.35","45.20","46.10","0.7500","802"
"1151002","3229","晟鈦","1350644","79791397","59.50","60.70","58.30","58.80","-0.2000","1441"
"1151002","3231","緯創","36439616","6811804448","190.50","191.00","186.00","186.50","-4.0000","32559"
"1151002","3257","虹冠電","136291","6835243","50.00","50.50","49.75","50.30","0.6000","180"
"1151002","3266","昇陽","49051","680647","13.85","13.90","13.85","13.85","-0.1500","42"
"1151002","3296","勝德","99061","2857699","30.95","30.95","28.15","28.50","-0.1000","177"
"1151002","3305","昇貿","794911","84986738","106.00","108.00","105.00","107.50","1.5000","866"
"1151002","3308","聯德","112156","2549815","22.90","22.90","22.50","22.90","0.1500","119"
"1151002","3311","閎暉","2466947","121045458","48.25","49.65","48.15","49.65","4.5000","1254"
"1151002","3312","弘憶股","625035","32427846","51.50","52.20","51.40","52.10","0.6000","628"
"1151002","3321","同泰","158398","2910416","18.10","18.60","18.10","18.35","0.0500","146"
"1151002","3338","泰碩","557886","38349568","67.50","69.50","67.50","69.00","1.1000","446"
"1151002","3346","麗清","301344","7211683","24.00","24.10","23.80","24.00","0.0000","271"
"1151002","3356","奇偶","173373","11467638","65.80","66.80","65.40","66.80","1.1000","438"
"1151002","3376","新日興","1030830","179227035","175.00","175.00","173.00","174.00","0.0000","2014"
"1151002","3380","明泰","2056580","65376734","31.35","32.20","31.15","31.95","0.6500","1397"
"1151002","3406","玉晶光","4816591","4588516401","941.00","974.00","929.00","961.00","11.0000","7860"
"1151002","3413","京鼎","521879","151993558","293.50","294.00","288.50","292.00","-1.0000","1361"
"1151002","3416","融程電","184220","30613557","166.00","167.50","164.50","166.00","-0.5000","301"
"1151002","3419","譁裕","129070","1544464","11.95","12.20","11.80","12.15","0.3000","105"
"1151002","3432","台端","83030","1242390","14.90","15.05","14.80","14.90","0.1500","57"
"1151002","3437","榮創","1251151","27816313","22.15","22.45","22.00","22.15","0.1000","843"
"1151002","3443","創意","393948","3120512410","7895.00","8005.00","7835.00","7900.00","0.0000","4624"
"1151002","3447","展達","46660","1293053","27.65","27.95","27.50","27.75","0.1000","44"
"1151002","3450","聯鈞","17359031","9355047949","531.00","553.00","522.00","543.00","28.0000","21206"
"1151002","3481","群創","211783047","11158517308","52.40","53.40","52.00","52.80","0.5000","85811"
"1151002","3494","誠研","67602","476389","7.07","7.12","6.97","7.09","0.0000","45"
"1151002","3501","維熹","88606","3334853","37.60","37.70","37.55","37.65","-0.0500","104"
"1151002","3504","揚明光","852757","68522997","80.80","81.20","79.70","80.10","-0.1000","958"
"1151002","3515","華擎","182685","39503880","216.50","217.00","214.00","216.50","1.5000","306"
"1151002","3518","柏騰","10157623","432703787","41.00","44.35","40.15","44.35","4.0000","8860"
"1151002","3528","安馳","316045","27783235","87.80","88.80","86.80","88.80","1.9000","481"
"1151002","3530","晶相光","108001","6348657","59.10","59.50","58.40","59.50","0.5000","129"
"1151002","3532","台勝科","9010177","4318573744","470.00","492.50","463.00","475.50","1.5000","10564"
"1151002","3533","嘉澤","2023700","3724968740","1825.00","1865.00","1800.00","1855.00","0.0000","5747"
"1151002","3535","晶彩科","1264766","117766997","90.80","94.80","90.80","92.90","1.6000","1296"
"1151002","3543","州巧","2167872","111652519","51.30","52.60","50.90","51.00","-0.1000","2087"
"1151002","3545","敦泰","521236","26758156","51.90","51.90","50.90","51.50","-0.1000","511"
"1151002","3550","聯穎","1434723","36930542","25.80","26.05","25.30","25.80","0.1000","1123"
"1151002","3557","嘉威","215651","5251293","23.10","25.40","23.10","24.50","1.4000","297"
"1151002","3563","牧德","1273871","953873382","750.00","764.00","730.00","760.00","6.0000","2338"
"1151002","3576","聯合再生","29410686","552083942","18.25","19.45","18.10","19.35","0.8500","10889"
"1151002","3583","辛耘","653931","470320877","711.00","724.00","711.00","721.00","14.0000","1932"
"1151002","3588","通嘉","1527854","88398103","60.00","60.10","56.20","58.20","-1.0000","1711"
"1151002","3591","艾笛森","1825704","50989564","27.00","28.60","26.90","28.30","1.4000","1882"
"1151002","3592","瑞鼎","494423","117346345","239.50","239.50","235.00","239.00","1.0000","867"
"1151002","3593","力銘","54068","591195","11.50","11.50","10.65","10.65","-0.8500","58"
"1151002","3596","智易","359911","55473721","154.00","155.00","153.50","154.00","1.0000","484"
"1151002","3605","宏致","15261661","2647946079","176.50","182.00","169.00","170.50","-7.5000","12230"
"1151002","3607","谷崧","140370","1949546","13.90","13.95","13.80","13.95","0.0000","98"
"1151002","3617","碩天","258203","62325430","243.50","243.50","240.50","243.50","0.5000","362"
"1151002","3622","洋華","183447","8474798","45.90","46.55","45.80","46.00","0.1000","162"
"1151002","3645","達邁","1987150","146520495","73.80","74.30","72.00","74.00","-0.2000","1767"
"1151002","3652","精聯","119703","4173404","34.70","35.20","34.65","34.90","0.4000","133"
"1151002","3653","健策","1067819","7324720230","6790.00","7065.00","6760.00","6800.00","-75.0000","4856"
"1151002","3661","世芯-KY","1303480","4978867620","3765.00","3855.00","3765.00","3810.00","45.0000","7916"
"1151002","3665","貿聯-KY","2759339","7131685325","2620.00","2670.00","2525.00","2540.00","-15.0000","7877"
"1151002","3669","圓展","154801","5151873","33.40","33.75","33.10","33.20","-0.2000","111"
"1151002","3673","TPK-KY","28711684","2232408677","73.50","80.60","73.00","80.60","7.3000","19593"
"1151002","3679","新至陞","32371","3502434","108.50","108.50","108.00","108.00","-0.5000","40"
"1151002","3686","達能","143132","2257994","16.00","16.00","15.55","15.85","-0.1500","225"
"1151002","3694","海華","449918","23227101","51.20","52.00","51.20","51.70","0.5000","381"
"1151002","3701","大眾控","10135816","540021987","53.00","55.40","51.20","55.40","5.0000","6667"
"1151002","3702","大聯大","4724498","563326946","119.00","120.00","117.50","119.00","0.0000","4121"
"1151002","3703","欣陸","436814","8524993","19.55","19.60","19.45","19.55","0.0000","306"
"1151002","3704","合勤控","829142","33481172","40.25","40.65","40.05","40.55","0.5000","694"
"1151002","3705","永信","159794","9024779","56.30","56.70","56.30","56.30","-0.4000","131"
"1151002","3706","神達","6734700","548860023","82.20","82.50","81.00","81.30","-0.8000","6080"
"1151002","3708","上緯投控","284449","28315687","98.70","100.50","98.50","99.30","0.4000","595"
"1151002","3711","日月光投控","12603412","8985469213","711.00","722.00","704.00","713.00","3.0000","21769"
"1151002","3712","永崴投控","338517","6976473","20.55","20.65","20.50","20.60","-0.0500","206"
"1151002","3714","富采","23714073","1686762034","68.90","72.00","68.90","70.80","2.0000","15024"
"1151002","3715","定穎投控","5708720","741476334","129.50","131.50","128.50","129.50","0.5000","4599"
"1151002","3716","中化控股","121165","4103165","33.95","33.95","33.80","33.90","-0.1000","279"
"1151002","3717","聯嘉投控","9385198","251299626","27.25","27.50","26.40","26.45","-0.9000","4608"
"1151002","4104","佳醫","89504","6496173","72.60","72.90","72.40","72.90","0.2000","172"
"1151002","4106","雃博","208404","5000694","24.00","24.15","23.90","24.15","0.0500","168"
"1151002","4108","懷特","149998","1701155","11.40","11.50","11.30","11.35","-0.1500","136"
"1151002","4119","旭富","71383","3942302","55.00","55.60","55.00","55.60","-0.1000","341"
"1151002","4133","亞諾法","53404","1093106","20.65","20.65","20.40","20.45","-0.2000","151"
"1151002","4137","麗豐-KY","126153","9593613","76.10","76.50","75.70","75.80","-0.5000","154"
"1151002","4142","國光生","581065","10461104","18.15","18.15","17.90","18.00","-0.1000","386"
"1151002","4148","全宇生技-KY","45439","1423772","31.50","31.70","31.15","31.50","-0.3000","117"
"1151002","4155","訊映","109748","1632003","14.70","14.95","14.70","14.85","0.0000","275"
"1151002","4164","承業醫","204579","5512194","27.10","27.10","26.80","27.00","-0.1000","210"
"1151002","4169","泰宗","39360","5910744","152.00","152.00","149.00","151.50","0.5000","70"
"1151002","4178","永笙-KY","466489","8198736","17.50","18.20","17.20","18.00","-0.3500","361"
"1151002","4190","佐登-KY","42789","1046909","24.80","24.80","24.15","24.30","-0.7000","88"
"1151002","4195","基米-創","167738","2691800","16.30","16.40","15.80","15.90","0.2000","115"
"1151002","4306","炎洲","925985","13376939","14.50","14.55","14.40","14.45","0.0000","459"
"1151002","4414","如興","89062","722695","8.10","8.18","8.09","8.10","-0.0100","71"
"1151002","4426","利勤","145035","1096300","7.59","7.61","7.53","7.57","-0.0900","97"
"1151002","4438","廣越","60422","3426575","56.80","57.60","56.30","56.50","-0.7000","99"
"1151002","4439","冠星-KY","10079","981871","97.70","98.00","95.80","95.80","-1.9000","26"
"1151002","4440","宜新實業","38517","672197","17.45","17.50","17.45","17.45","-0.1000","29"
"1151002","4441","振大環球","70731","11984708","170.00","170.00","169.00","170.00","0.0000","103"
"1151002","4526","東台","1944905","66895832","34.15","34.95","34.05","34.30","-0.1000","1644"
"1151002","4532","瑞智","389250","9635791","24.70","24.85","24.70","24.75","-0.0500","328"
"1151002","4536","拓凱","139240","22399201","162.00","162.00","160.50","160.50","-1.5000","197"
"1151002","4540","全球傳動","1784891","108724784","61.60","61.90","60.40","61.00","-0.8000","4159"
"1151002","4545","銘鈺","178194","7033600","39.50","39.85","39.00","39.50","0.1000","195"
"1151002","4551","智伸科","3377447","607780909","173.00","186.50","172.00","186.00","13.5000","3598"
"1151002","4552","力達-KY","199434","3114751","15.50","15.70","15.40","15.65","0.0000","93"
"1151002","4555","氣立","114873","4855598","42.35","42.80","42.00","42.20","-0.1000","119"
"1151002","4557","永新-KY","40824","2045600","50.20","50.30","50.00","50.30","0.0000","61"
"1151002","4560","強信-KY","460241","13550136","29.50","29.90","29.30","29.85","0.4500","172"
"1151002","4562","穎漢","324062","9804948","31.15","31.15","30.00","30.30","-0.6500","337"
"1151002","4564","元翎","565394","9140934","16.35","16.35","16.10","16.30","0.0000","308"
"1151002","4566","時碩工業","1855390","138929697","74.80","75.80","73.90","75.80","0.6000","2761"
"1151002","4569","六方科-KY","97693","15265315","155.50","159.00","154.50","156.00","1.0000","90"
"1151002","4571","鈞興-KY","63548","9775649","154.00","155.00","153.00","154.00","0.0000","114"
"1151002","4572","駐龍","15276","2130052","141.50","141.50","138.50","139.50","1.0000","58"
"1151002","4576","大銀微系統","1209388","284394458","238.00","239.50","232.50","234.00","-3.5000","2105"
"1151002","4581","光隆精密-KY","6000","287000","47.40","48.00","47.40","48.00","0.1500","6"
"1151002","4582","聚恆-創","76585","1701258","22.25","22.25","22.20","22.20","-0.2000","47"
"1151002","4583","台灣精銳","53531","22448233","419.00","423.50","415.00","422.50","3.0000","259"
"1151002","4585","達明","108887","32022792","296.00","296.00","292.00","293.50","-1.0000","323"
"1151002","4588","玖鼎電力","50197","2776614","55.20","56.00","55.00","55.50","-0.3000","49"
"1151002","4590","富田-創","101101","8970250","88.20","89.30","88.10","88.60","0.4000","100"
"1151002","4720","德淵","3563435","74356023","19.05","20.95","19.05","20.95","1.9000","1161"
"1151002","4722","國精化","4598483","1021851570","212.00","230.00","209.50","230.00","20.5000","4149"
"1151002","4736","泰博","104711","13546411","130.00","130.00","128.50","129.50","-0.5000","254"
"1151002","4737","華廣","50184","2790164","56.30","56.30","55.00","56.30","0.9000","40"
"1151002","4739","康普","1478763","131313568","88.00","89.70","87.20","88.70","1.2000","1731"
"1151002","4746","台耀","674570","32493710","48.95","48.95","47.80","48.10","-0.9000","614"
"1151002","4755","三福化","893733","108237763","119.00","124.50","117.00","122.00","3.0000","795"
"1151002","4763","材料*-KY","4011848","188934018","46.70","47.40","46.50","47.15","0.3000","2878"
"1151002","4764","雙鍵","1493882","297758420","185.00","203.50","185.00","203.50","18.5000","1462"
"1151002","4766","南寶","410254","143463611","343.50","353.00","342.50","353.00","10.5000","859"
"1151002","4770","上品","670115","185881396","275.00","280.50","274.50","278.00","3.0000","1018"
"1151002","4771","望隼","235504","49559928","214.00","214.00","208.00","214.00","0.5000","1403"
"1151002","4807","日成-KY","93612","2804818","29.80","30.40","29.50","30.20","0.4000","76"
"1151002","4904","遠傳","4014485","423897933","104.50","106.50","104.50","106.00","1.0000","1989"
"1151002","4906","正文","13521119","570417624","40.30","43.60","40.15","41.85","1.3500","8306"
"1151002","4912","聯德控股-KY","708989","74639988","106.00","108.50","103.00","106.00","-1.0000","1330"
"1151002","4915","致伸","2611056","169453092","65.10","65.80","64.30","64.40","-0.6000","1992"
"1151002","4916","事欣科","2636368","274343906","103.00","105.50","102.00","104.50","1.5000","2009"
"1151002","4919","新唐","57349128","8955449824","151.00","167.00","145.50","163.00","11.0000","42396"
"1151002","4927","泰鼎-KY","17406916","827984011","44.50","48.15","44.40","48.15","4.3500","7212"
"1151002","4930","燦星網","90494","1429799","15.90","15.90","15.70","15.85","-0.1000","230"
"1151002","4934","太極","393968","5780762","14.60","14.85","14.50","14.75","0.2500","286"
"1151002","4935","茂林-KY","57476","1944289","33.20","34.10","33.20","33.85","-0.2000","84"
"1151002","4938","和碩","4521969","405212390","90.80","90.90","89.10","89.20","-1.0000","3557"
"1151002","4942","嘉彰","107055","3379809","31.60","32.00","31.40","31.50","-0.3000","78"
"1151002","4943","康控-KY","66281","444438","6.84","6.84","6.65","6.69","0.0200","54"
"1151002","4949","有成精密","488501","37720036","76.10","77.90","75.90","77.70","1.8000","512"
"1151002","4952","凌通","361631","18070020","49.70","50.80","49.10","50.80","1.1500","321"
"1151002","4956","光鋐","9885585","464719207","47.25","48.25","46.15","46.40","-0.8500","8329"
"1151002","4958","臻鼎-KY","69348102","37849971825","515.00","561.00","514.00","561.00","51.0000","87608"
"1151002","4960","誠美材","5244982","128094980","23.90","24.75","23.80","24.55","0.6500","2804"
"1151002","4961","天鈺","1175838","215491565","186.50","189.00","182.00","183.50","-2.5000","10868"
"1151002","4967","十銓","1321488","362392999","274.50","276.50","272.00","273.00","1.0000","1667"
"1151002","4968","立積","1136293","114637551","102.50","102.50","99.50","101.50","0.5000","1292"
"1151002","4976","佳凌","461081","16645339","36.20","36.35","35.90","36.30","0.2500","428"
"1151002","4977","眾達-KY","5207603","912066339","175.00","177.00","171.50","175.50","5.0000","11298"
"1151002","4989","榮科","7789340","501374671","61.00","66.80","60.80","63.90","2.8000","7054"
"1151002","4994","傳奇","96382","7741569","80.60","83.10","79.00","81.00","-0.6000","124"
"1151002","4999","鑫禾","249825","4430578","17.85","18.00","17.50","17.85","0.2000","718"
"1151002","5007","三星","13129","736556","56.30","56.30","55.90","55.90","-0.5000","29"
"1151002","5203","訊連","61552","3566325","58.00","58.20","57.80","57.90","-0.3000","263"
"1151002","5215","科嘉-KY","12601","477536","37.75","38.25","37.75","38.25","0.5000","13"
"1151002","5222","全訊","200014","21413703","106.50","108.00","105.50","107.50","1.0000","308"
"1151002","5225","東科-KY","78050","4338117","55.50","55.90","55.30","55.50","0.0000","88"
"1151002","5234","達興材料","741353","231993373","305.00","322.00","302.50","312.00","9.5000","1090"
"1151002","5236","凌陽創新","84722","11508272","136.50","136.50","135.00","135.50","-1.5000","134"
"1151002","5243","乙盛-KY","1201056","112402384","93.30","94.60","92.50","93.90","0.7000","1830"
"1151002","5244","弘凱","641544","24065817","35.80","39.00","35.80","37.85","2.1000","639"
"1151002","5258","虹堡","130668","5484691","41.95","42.15","41.85","42.00","-0.2500","147"
"1151002","5269","祥碩","254442","372925410","1485.00","1485.00","1455.00","1460.00","-15.0000","1378"
"1151002","5283","禾聯碩","112580","5906043","52.80","52.80","52.20","52.50","-0.5000","391"
"1151002","5284","jpp-KY","212857","62843277","298.00","298.00","293.50","293.50","-4.5000","1912"
"1151002","5285","界霖","4941418","484704394","94.50","102.00","92.50","99.00","4.8000","4672"
"1151002","5288","豐祥-KY","131717","24730270","190.50","190.50","186.00","188.50","-1.5000","218"
"1151002","5292","華懋","251935","60360342","236.00","244.00","234.00","240.00","3.0000","403"
"1151002","5306","桂盟","176060","15445136","88.00","88.30","87.30","88.00","-0.4000","460"
"1151002","5388","中磊","1151325","82326902","71.00","71.90","71.00","71.80","0.5000","1076"
"1151002","5434","崇越","1079002","622619606","571.00","585.00","568.00","583.00","16.0000","2161"
"1151002","5469","瀚宇博","1637219","123261723","74.90","76.20","74.20","75.90","1.3000","1481"
"1151002","5471","松翰","997610","52800988","53.00","53.50","52.20","53.50","1.1000","953"
"1151002","5484","慧友","206479","8064471","39.50","39.65","38.90","39.05","-0.1500","180"
"1151002","5515","建國","475099","24170261","51.50","51.50","50.50","51.10","-0.4000","739"
"1151002","5519","隆大","116402","2915043","25.05","25.10","25.00","25.05","-0.1000","179"
"1151002","5521","工信","1310471","13965892","10.70","10.70","10.60","10.70","0.0500","386"
"1151002","5522","遠雄","507046","30718710","60.80","60.90","60.20","60.50","-0.3000","520"
"1151002","5525","順天","67246","1464138","21.70","21.90","21.70","21.80","-0.1000","50"
"1151002","5531","鄉林","283715","1947365","6.86","6.89","6.85","6.86","-0.0500","189"
"1151002","5533","皇鼎","55213","767308","13.80","13.95","13.80","13.90","0.0000","34"
"1151002","5534","長虹","760082","55465711","73.30","73.30","72.80","73.00","-0.3000","880"
"1151002","5538","東明-KY","62022","2224382","36.00","36.00","35.60","35.80","-0.1500","43"
"1151002","5546","永固-KY","6100","83684","13.65","13.75","13.65","13.75","-0.1000","8"
"1151002","5607","遠雄港","231870","12007265","51.90","52.00","51.60","51.80","-0.1000","237"
"1151002","5608","四維航","2173947","37325546","17.10","17.30","16.95","17.15","0.1500","1069"
"1151002","5706","鳳凰","85061","3757865","43.80","44.45","43.80","44.15","-0.0500","115"
"1151002","5871","中租-KY","5948646","631464531","107.00","107.50","106.00","106.00","-1.5000","5213"
"1151002","5871A","中租-KY甲特","79108","7906708","100.00","100.00","99.90","99.90","-0.1000","45"
"1151002","5876","上海商銀","3664456","178294193","48.10","49.00","48.10","48.95","0.5500","2347"
"1151002","5880","合庫金","10810873","281063889","25.80","26.20","25.80","26.15","0.1500","4232"
"1151002","5906","台南-KY","3000","121150","41.15","41.15","40.00","40.00","-1.3000","3"
"1151002","5907","大洋-KY","380762","1805460","4.80","4.80","4.71","4.75","-0.0500","116"
"1151002","6005","群益證","3652489","116670554","31.75","32.10","31.65","32.00","0.1000","2168"
"1151002","6024","群益期","114811","6872794","59.90","60.10","59.70","59.80","-0.1000","207"
"1151002","6108","競國","1558395","39733566","25.00","25.80","24.80","25.70","0.7000","1137"
"1151002","6112","邁達特","558817","26678806","47.60","48.00","47.60","47.65","-0.0500","740"
"1151002","6115","鎰勝","77439","3411204","44.00","44.10","44.00","44.00","-0.0500","76"
"1151002","6116","彩晶","80015461","1284625343","15.65","16.35","15.60","16.05","0.4000","23085"
"1151002","6117","迎廣","118685","7392618","62.60","62.80","62.00","62.20","-0.1000","143"
"1151002","6120","達運","16135373","244286581","14.60","15.40","14.50","15.25","0.5000","5745"
"1151002","6128","上福","44356","849041","19.10","19.25","19.10","19.20","-0.0500","53"
"1151002","6133","金橋","4672601","135379713","29.45","29.50","28.50","29.10","-0.2000","2899"
"1151002","6136","富爾特","159253","4024028","25.10","25.35","25.10","25.30","0.0500","108"
"1151002","6139","亞翔","3304534","2533273830","762.00","776.00","754.00","775.00","16.0000","7550"
"1151002","6141","柏承","2124864","108382285","52.20","52.70","50.50","51.00","-1.2000","2098"
"1151002","6142","友勁","521105","4763330","9.17","9.20","9.08","9.14","-0.0300","518"
"1151002","6152","百一","1576552","24640045","15.35","15.75","15.35","15.70","0.2500","733"
"1151002","6153","嘉聯益","1702786","30460447","17.85","18.00","17.75","17.95","0.1500","905"
"1151002","6155","鈞寶","16636888","1213912240","69.60","75.50","69.50","72.50","2.9000","12208"
"1151002","6164","華興","283457","3577336","12.60","12.90","12.50","12.60","0.0500","513"
"1151002","6165","浪凡","158914","7901018","49.70","50.00","49.40","49.40","-0.2000","217"
"1151002","6166","凌華","999557","130446877","130.00","133.00","129.00","130.00","0.0000","1338"
"1151002","6168","宏齊","4275358","198808370","47.45","48.00","46.00","46.00","-1.0000","4213"
"1151002","6176","瑞儀","771588","70714584","91.10","92.30","90.70","92.30","0.9000","1193"
"1151002","6177","達麗","1113794","51380537","46.65","46.65","46.00","46.00","-0.6500","900"
"1151002","6183","關貿","20897","1911751","91.10","91.70","91.10","91.70","-0.6000","50"
"1151002","6184","大豐電","56785","2276169","40.15","40.35","40.00","40.15","-0.2500","60"
"1151002","6189","豐藝","282762","14081527","49.85","50.00","49.60","49.90","-0.3000","612"
"1151002","6191","精成科","1963538","165744393","84.30","85.00","83.60","84.70","0.4000","1923"
"1151002","6192","巨路","49825","5459216","109.00","110.00","109.00","109.50","-0.5000","100"
"1151002","6196","帆宣","1802450","1100336276","609.00","619.00","602.00","618.00","16.0000","4760"
"1151002","6197","佳必琪","2564504","860457328","336.00","340.00","330.50","339.50","9.5000","4094"
"1151002","6201","亞弘電","43680","1933950","44.25","44.50","44.15","44.40","-0.1500","52"
"1151002","6202","盛群","4623585","284599083","60.50","63.70","59.50","63.20","3.1000","3817"
"1151002","6205","詮欣","3399984","253895908","77.50","77.50","72.70","73.70","1.9000","3091"
"1151002","6206","飛捷","665047","91456863","139.00","139.00","136.50","137.00","-2.0000","815"
"1151002","6209","今國光","9549478","796764230","83.30","84.70","82.20","83.90","1.2000","10196"
"1151002","6213","聯茂","24367397","16371355552","646.00","700.00","639.00","683.00","41.0000","29721"
"1151002","6214","精誠","399450","75435158","188.50","189.50","188.00","188.50","-0.5000","477"
"1151002","6215","和椿","293357","28547402","96.90","98.10","96.50","97.80","0.7000","398"
"1151002","6216","居易","138959","2726838","19.80","19.80","19.50","19.65","-0.1000","109"
"1151002","6224","聚鼎","1025239","84629581","81.70","84.50","80.80","80.80","-0.9000","1118"
"1151002","6225","天瀚","976855","68897606","73.50","73.50","64.90","68.30","1.4000","734"
"1151002","6226","光鼎","39930818","1884069211","50.00","51.70","45.05","46.40","-1.6000","22370"
"1151002","6230","尼得科超眾","18463","2052676","110.00","112.00","110.00","111.50","0.5000","82"
"1151002","6235","華孚","349056","13709288","39.00","39.75","38.80","39.35","0.2000","333"
"1151002","6239","力成","30835497","9409026133","294.00","316.00","291.50","308.00","15.5000","33318"
"1151002","6243","迅杰","385194","15691552","40.55","41.15","40.35","41.10","0.5500","411"
"1151002","6257","矽格","15922505","4113000980","252.50","266.00","250.50","257.50","1.0000","18571"
"1151002","6269","台郡","2625479","173103043","65.10","66.30","64.90","66.10","1.1000","1950"
"1151002","6271","同欣電","4573045","1071064516","230.50","239.00","230.00","234.50","4.0000","5622"
"1151002","6272","驊陞","170110","4385098","25.20","26.35","25.20","25.85","0.6500","125"
"1151002","6277","宏正","86870","6732634","77.60","77.90","76.90","77.10","-0.6000","244"
"1151002","6278","台表科","6237633","1345209516","217.00","218.50","213.00","217.00","0.5000","6591"
"1151002","6281","全國電","18960","966721","50.80","51.00","50.80","50.90","-0.2000","28"
"1151002","6282","康舒","6063472","266567440","43.45","44.30","43.05","44.20","0.9000","4557"
"1151002","6283","淳安","45602","871309","19.10","19.20","19.00","19.15","-0.1500","47"
"1151002","6285","啟碁","3030823","719841658","235.50","239.50","234.50","238.00","2.5000","3685"
"1151002","6405","悅城","3961514","167099450","41.90","43.05","41.25","42.50","-2.6000","3027"
"1151002","6409","旭隼","170094","151178722","891.00","894.00","886.00","886.00","-5.0000","819"
"1151002","6412","群電","425531","31790234","74.50","75.10","74.10","75.00","0.4000","565"
"1151002","6414","樺漢","896466","359188617","402.50","405.00","398.50","401.50","-1.0000","1467"
"1151002","6415","矽力*-KY","2189982","927030836","418.00","428.00","417.50","425.00","12.0000","2989"
"1151002","6416","瑞祺電通","674694","79423779","119.00","119.00","116.50","117.50","-3.0000","724"
"1151002","6426","統新","4936579","1771029415","350.50","373.00","344.50","361.50","22.0000","6356"
"1151002","6431","光麗-KY","73842","1263077","17.10","17.15","17.05","17.05","-0.5500","95"
"1151002","6438","迅得","1599682","269672850","168.50","170.00","166.00","168.00","3.5000","2475"
"1151002","6442","光聖","3748600","5894826350","1520.00","1625.00","1520.00","1625.00","145.0000","11146"
"1151002","6443","元晶","7963358","226035316","27.80","29.20","27.70","28.75","0.8500","4421"
"1151002","6446","藥華藥","1255233","1452902990","1170.00","1170.00","1140.00","1165.00","-5.0000","6133"
"1151002","6449","鈺邦","3152829","717724966","227.00","233.00","223.50","224.50","-5.5000","5128"
"1151002","6451","訊芯-KY","2590932","1109851739","420.00","435.00","419.00","429.00","16.0000","3727"
"1151002","6456","GIS-KY","20444355","1866172794","89.10","94.00","87.00","92.90","5.0000","20753"
"1151002","6464","台數科","45000","3424900","75.30","76.40","75.30","76.30","-0.7000","28"
"1151002","6472","保瑞","428488","181195604","430.50","431.00","420.50","420.50","-9.0000","1130"
"1151002","6477","安集","614379","21232481","35.20","35.20","34.30","34.60","-0.2000","571"
"1151002","6491","晶碩","487235","206031062","421.50","428.00","415.50","424.00","2.5000","734"
"1151002","6504","南六","31883","1186143","36.85","37.75","36.85","37.55","0.3500","45"
"1151002","6505","台塑化","35503078","3549020392","94.60","103.00","94.00","100.00","5.8000","22918"
"1151002","6515","穎崴","685143","4125392075","5770.00","6160.00","5770.00","6070.00","300.0000","8040"
"1151002","6525","捷敏-KY","1020905","141432813","137.50","141.50","135.00","139.50","3.0000","1461"
"1151002","6526","達發","437729","362296830","838.00","838.00","821.00","835.00","6.0000","1419"
"1151002","6531","愛普*","5926915","5830417058","932.00","1025.00","920.00","1000.00","67.0000","10746"
"1151002","6533","晶心科","7574941","2702051591","366.50","366.50","350.50","352.00","-14.5000","9255"
"1151002","6534","正瀚-創","117997","10880172","90.10","93.90","89.70","92.80","2.0000","142"
"1151002","6541","泰福-KY","747941","22313646","30.25","30.25","29.60","29.60","-0.6500","635"
"1151002","6550","北極星藥業-KY","1215634","20581999","17.50","17.50","16.75","16.75","-0.7500","963"
"1151002","6552","易華電","69295","1720690","25.05","25.05","24.60","24.65","-0.4500","105"
"1151002","6558","興能高","161383","4107228","25.35","25.60","25.20","25.50","0.1500","152"
"1151002","6573","虹揚-KY","297400","4773833","16.20","16.50","15.75","16.30","0.0000","175"
"1151002","6579","研揚","155093","24669080","160.50","160.50","158.50","158.50","-2.0000","220"
"1151002","6581","鋼聯","14200","1538699","108.00","109.00","108.00","108.00","0.0000","17"
"1151002","6582","申豐","18677","584470","31.25","31.40","31.25","31.40","0.1000","48"
"1151002","6585","鼎基","108786","11278044","103.00","105.00","103.00","104.50","2.0000","134"
"1151002","6589","台康生技","800773","40794802","52.20","52.40","50.30","50.80","-1.6000","2208"
"1151002","6591","動力-KY","75656","3220972","42.95","42.95","42.45","42.55","-0.5500","99"
"1151002","6592","和潤企業","1010759","57222635","56.70","57.20","56.10","56.30","-0.7000","1285"
"1151002","6592A","和潤企業甲特","371","35589","","","","","0.0000","6"
"1151002","6592B","和潤企業乙特","1000","95400","95.40","95.40","95.40","95.40","0.0000","1"
"1151002","6598","ABC-KY","305555","8297019","26.25","27.70","26.25","27.25","0.6000","221"
"1151002","6605","帝寶","474219","64698947","139.00","139.00","135.50","136.50","-2.5000","427"
"1151002","6606","建德工業","50500","1264850","24.80","25.30","24.80","25.25","0.2500","42"
"1151002","6614","資拓宏宇","23633","834194","35.30","35.55","35.20","35.40","0.1000","41"
"1151002","6625","必應","40751","3007798","73.60","74.00","73.50","73.80","-0.2000","89"
"1151002","6641","基士德-KY","30025","512031","16.90","17.10","16.85","17.00","0.1000","16"
"1151002","6645","金萬林-創","23563","299856","12.65","12.80","12.50","12.80","0.0500","19"
"1151002","6655","科定","59000","7384000","125.00","128.00","122.00","125.00","0.0000","31"
"1151002","6657","華安","82058","2657028","32.20","32.90","32.10","32.90","0.3000","58"
"1151002","6658","聯策","168445","30747469","181.00","185.00","181.00","182.00","1.0000","460"
"1151002","6666","羅麗芬-KY","23132","1043013","45.10","45.75","44.60","45.50","-0.4500","25"
"1151002","6668","中揚光","1776027","83577588","47.10","47.95","46.50","47.35","0.2500","1529"
"1151002","6669","緯穎","2329609","4869196730","2115.00","2125.00","2080.00","2085.00","-25.0000","24235"
"1151002","6670","復盛應用","109754","29729048","271.00","273.00","270.00","270.50","-0.5000","197"
"1151002","6671","三能-KY","5050","116000","23.00","23.00","22.95","22.95","0.1000","5"
"1151002","6672","騰輝電子-KY","16620827","7054121628","413.00","439.00","404.00","439.00","33.5000","19656"
"1151002","6674","鋐寶科技","85674","1568249","18.30","18.35","18.25","18.35","0.0000","52"
"1151002","6689","伊雲谷","150925","9778002","64.20","65.20","64.10","64.80","0.6000","187"
"1151002","6691","洋基工程","1319885","978433282","740.00","759.00","730.00","741.00","8.0000","4270"
"1151002","6695","芯鼎","575601","31685306","56.30","56.50","54.40","54.40","-1.0000","603"
"1151002","6698","旭暉應材","219379","6968807","32.00","32.15","31.60","31.65","-0.6000","369"
"1151002","6706","惠特","4150630","647336338","155.50","160.00","153.00","154.50","0.0000","5373"
"1151002","6715","嘉基","1913083","863701595","442.50","468.00","436.00","449.00","-4.0000","2995"
"1151002","6719","力智","443925","83795585","189.00","191.00","186.50","189.50","1.5000","728"
"1151002","6722","輝創","23000","744000","32.15","32.50","32.15","32.50","0.0000","21"
"1151002","6742","澤米","1414175","80885871","55.00","58.30","54.80","57.70","2.1000","1440"
"1151002","6743","安普新","1562415","55104790","33.70","36.45","33.50","35.45","1.9500","1668"
"1151002","6753","龍德造船","233147","31028020","134.00","134.00","132.50","133.00","0.0000","351"
"1151002","6754","匯僑設計","14100","580260","40.65","41.50","40.65","41.30","0.3000","15"
"1151002","6756","威鋒電子","91658","8929849","97.60","98.00","96.20","97.10","-0.9000","190"
"1151002","6757","台灣虎航","355033","18881237","53.10","53.40","53.10","53.40","0.0000","535"
"1151002","6768","志強-KY","149591","9511812","63.20","63.90","62.90","63.70","0.4000","154"
"1151002","6770","力積電","178851877","13657765471","75.00","77.90","74.20","76.50","2.0000","90102"
"1151002","6771","平和環保-創","47000","1992950","42.90","42.90","42.05","42.70","-0.3000","32"
"1151002","6776","展碁國際","75109","3958898","52.80","52.90","52.40","52.70","-0.1000","98"
"1151002","6781","AES-KY","249309","256842425","1030.00","1035.00","1025.00","1025.00","0.0000","1115"
"1151002","6782","視陽","127648","29943168","236.50","237.50","232.00","236.00","-1.5000","344"
"1151002","6789","采鈺","1150752","564676258","488.00","496.50","484.00","490.50","1.5000","2208"
"1151002","6790","永豐實","112914","4240311","37.55","37.75","37.50","37.50","-0.1500","120"
"1151002","6792","詠業","44490","2599768","58.40","58.80","58.10","58.80","-0.2000","42"
"1151002","6794","向榮生技","349167","27370780","74.20","80.50","74.20","78.90","5.7000","265"
"1151002","6796","晉弘","80595","4539953","54.00","58.40","53.20","57.70","4.6000","99"
"1151002","6799","來頡","286307","26376181","92.70","93.00","91.30","91.70","-0.5000","354"
"1151002","6805","富世達","1860964","4325941780","2340.00","2375.00","2300.00","2310.00","-80.0000","6638"
"1151002","6807","峰源-KY","12000","380550","31.80","32.05","31.55","32.05","-0.2500","10"
"1151002","6830","汎銓","1744163","959014955","540.00","559.00","540.00","547.00","16.0000","3097"
"1151002","6831","邁科","609050","291763196","474.50","485.00","473.50","481.00","6.5000","1165"
"1151002","6834","天二科技","12078273","1532401495","118.00","131.00","118.00","131.00","0.0000","6689"
"1151002","6835","圓裕","15294","479090","31.85","31.85","30.85","31.10","-0.0500","23"
"1151002","6838","台新藥","204255","5149188","25.50","25.70","25.00","25.30","-0.5000","219"
"1151002","6854","錼創科技-KY創","189703","18041502","93.70","97.10","93.70","94.90","1.2000","487"
"1151002","6861","睿生光電","1565281","460081078","293.00","298.50","290.00","296.00","4.0000","3471"
"1151002","6862","三集瑞-KY","205387","29406878","142.00","145.00","142.00","142.00","0.0000","278"
"1151002","6863","永道-KY","66376","6317182","94.70","96.00","94.30","96.00","0.5000","81"
"1151002","6869","雲豹能源","421697","29663771","69.50","71.20","69.10","70.50","1.1000","454"
"1151002","6873","泓德能源","203315","13731883","67.80","67.80","67.20","67.50","-0.4000","306"
"1151002","6885","全福生技","883614","27350095","31.70","31.85","30.40","30.40","-1.1000","636"
"1151002","6887","寶綠特-KY","18080","691820","38.00","38.95","37.75","38.90","0.9500","17"
"1151002","6890","來億-KY","149846","22108028","149.00","149.00","147.00","147.00","-1.5000","210"
"1151002","6901","鑽石投資","1721017","28937143","16.75","17.05","16.45","17.00","0.3500","1001"
"1151002","6902","GOGOLOOK","473649","71518085","155.50","155.50","149.00","150.00","-5.0000","594"
"1151002","6906","現觀科","27775","2326710","84.80","84.80","83.20","83.70","-0.3000","45"
"1151002","6908","宏碁遊戲-創","84727","2284229","26.80","27.50","26.50","26.90","-0.6000","107"
"1151002","6909","創控","818121","36036522","42.70","44.95","42.55","44.35","1.6000","659"
"1151002","6914","阜爾運通","64481","7621336","118.50","118.50","118.00","118.50","0.5000","184"
"1151002","6916","華凌","26587","494071","18.50","18.80","18.40","18.80","0.3000","25"
"1151002","6918","愛派司","21329","1566447","73.40","73.60","73.10","73.60","-0.3000","42"
"1151002","6919","康霈*","3635766","288302019","79.10","80.40","78.50","79.90","0.8000","3353"
"1151002","6921","嘉雨思-創","18000","1160600","64.50","66.00","63.20","66.00","-0.4000","13"
"1151002","6923","中台","37762","2820452","75.00","75.00","74.50","74.60","-0.4000","84"
"1151002","6924","榮惠-KY創","12000","1615425","135.00","136.50","133.50","133.50","-0.5000","20"
"1151002","6928","攸泰科技","38231","1755642","46.10","46.10","45.80","45.85","-0.6500","69"
"1151002","6931","青松健康","48975","1879704","38.85","38.85","38.20","38.40","-0.5000","67"
"1151002","6933","AMAX-KY","3286200","1295186930","394.00","413.00","378.00","379.00","-15.5000","4600"
"1151002","6934","心誠鎂","101215","7500284","74.00","74.60","73.90","73.90","-1.3000","59"
"1151002","6936","永鴻生技","7779","248170","31.85","32.20","31.85","32.20","0.2000","14"
"1151002","6937","天虹","368933","112406646","303.00","308.50","301.50","303.50","2.0000","773"
"1151002","6944","兆聯實業","450959","359303517","805.00","810.00","785.00","799.00","-1.0000","1807"
"1151002","6947","台鎔科技","168311","11521262","67.90","68.90","67.90","68.30","-0.2000","153"
"1151002","6949","沛爾生醫*-創","14023533","634983505","48.85","49.20","44.50","44.50","-4.9000","7160"
"1151002","6951","青新-創","9637","667856","69.20","69.30","69.20","69.30","-0.1000","48"
"1151002","6952","大武山","13023","496436","38.35","38.90","37.70","38.90","0.1000","15"
"1151002","6955","邦睿生技-創","10807","1013389","94.00","94.00","93.10","93.50","-1.7000","23"
"1151002","6957","裕慶-KY","598230","225622253","375.00","389.00","366.00","377.00","-7.0000","1443"
"1151002","6958","日盛台駿","82269","1402758","17.20","17.20","16.95","17.00","-0.5000","112"
"1151002","6958A","日盛台駿甲特","1000","21900","21.90","21.90","21.90","21.90","-0.0500","1"
"1151002","6962","奕力-KY","2227485","73864902","33.15","33.40","32.65","33.40","0.2500","1451"
"1151002","6965","中傑-KY","128044","7905518","62.60","62.80","61.20","61.60","-1.6000","161"
"1151002","6969","成信實業*-創","210148","6309197","30.45","30.50","29.85","30.00","-0.4500","151"
"1151002","6988","威力暘-創","140020","1608180","11.60","11.75","11.30","11.45","-0.2000","58"
"1151002","6994","富威電力","2578924","79717259","29.95","32.05","29.30","32.05","2.9000","1357"
"1151002","7610","聯友金屬-創","663600","1160434785","1790.00","1805.00","1715.00","1725.00","-55.0000","4159"
"1151002","7631","聚賢研發-創","70867","10296816","147.00","147.00","144.00","144.00","-1.5000","125"
"1151002","7689","大鵬科CLMX","180472","28980073","160.50","164.00","159.00","161.00","0.0000","569"
"1151002","7705","三商餐飲","12728","379600","29.70","29.85","29.70","29.85","0.1500","41"
"1151002","7711","永擎","1491739","908811746","616.00","620.00","602.00","610.00","-6.0000","2905"
"1151002","7721","微程式","36053","2254465","62.40","63.40","61.90","63.30","1.4000","74"
"1151002","7722","LINEPAY","30038","7847599","262.00","262.00","260.00","260.00","0.0000","184"
"1151002","7730","暉盛-創","154153","29077303","188.00","193.00","185.50","187.00","-7.5000","628"
"1151002","7732","金興精密","23086","758068","33.20","33.30","32.35","32.70","-0.5000","18"
"1151002","7736","虎山","50054","3449736","68.70","69.80","68.70","69.80","1.1000","33"
"1151002","7740","熙特爾-創","129528","13200782","103.00","103.00","101.00","102.00","-0.5000","183"
"1151002","7749","意騰-KY","197925","78664449","402.50","402.50","395.00","397.50","-4.0000","435"
"1151002","7750","新代","132180","249408340","1890.00","1905.00","1875.00","1885.00","-10.0000","1536"
"1151002","7760","享溫馨","10061","327031","32.55","32.55","32.50","32.50","0.0000","7"
"1151002","7765","中華資安","86853","20265514","235.50","235.50","232.50","232.50","-4.0000","269"
"1151002","7768","頌勝科技","290889","91449013","303.00","324.50","303.00","313.00","12.0000","1035"
"1151002","7769","鴻勁","457266","2528782460","5500.00","5600.00","5460.00","5580.00","90.0000","6757"
"1151002","7780","大研生醫*","1055671","17008755","16.15","16.20","16.05","16.05","-0.1000","671"
"1151002","7786","東方風能","95267","11250482","118.50","119.00","117.50","117.50","-1.0000","93"
"1151002","7788","松川精密","2364467","714556729","289.00","309.50","289.00","307.00","16.5000","3116"
"1151002","7791","皇家可口","25906","1418576","54.80","55.00","54.60","55.00","0.2000","43"
"1151002","7795","長廣","1641333","887866691","532.00","566.00","524.00","548.00","12.0000","8113"
"1151002","7799","禾榮科","954743","519201918","558.00","561.00","535.00","543.00","-12.0000","2099"
"1151002","7803","雲象科技-創","101000","1787700","17.85","17.95","17.45","17.60","-0.2000","57"
"1151002","7812","稜研科技*-創","171803","11396392","66.30","67.50","65.50","65.90","1.4000","135"
"1151002","7818","溢泰實業","93762","5599722","60.00","60.10","59.50","60.00","-0.1000","69"
"1151002","7821","神數","122057","4322992","35.50","35.55","35.10","35.35","-0.5000","149"
"1151002","7822","倍利科","215376","216095358","1000.00","1015.00","990.00","1000.00","0.0000","898"
"1151002","7823","奧義賽博-KY創","25450","2030045","80.10","80.10","79.30","79.50","-0.4000","32"
"1151002","7827","漢康-KY創","418961","68424443","166.00","167.00","159.00","167.00","2.0000","722"
"1151002","7835","永悅健康-創","21000","416150","19.60","20.00","19.60","19.95","0.2000","17"
"1151002","7855","和運租車","293839","12173821","41.45","41.50","41.35","41.40","0.0000","220"
"1151002","8011","台通","149109","2394228","16.00","16.10","16.00","16.10","0.0500","147"
"1151002","8016","矽創","391697","113246512","286.00","291.00","286.00","291.00","2.5000","968"
"1151002","8021","尖點","9216082","4976075593","503.00","553.00","501.00","553.00","50.0000","15375"
"1151002","8028","昇陽半導體","5010534","1415518908","280.00","287.00","277.50","283.50","3.5000","5975"
"1151002","8033","雷虎","1830423","319867543","175.50","176.50","172.50","175.00","-0.5000","4299"
"1151002","8039","台虹","19171352","5501508547","285.00","296.00","280.50","296.00","7.5000","18563"
"1151002","8045","達運光電","225827","12700858","55.00","57.20","54.90","56.30","1.6000","349"
"1151002","8046","南電","16705151","23979600915","1440.00","1480.00","1395.00","1460.00","40.0000","28503"
"1151002","8070","長華*","1987144","100394968","50.20","50.90","49.85","50.70","0.5000","1347"
"1151002","8072","陞泰","129960","3596366","27.70","27.80","27.60","27.70","-0.1000","98"
"1151002","8081","致新","476238","121552636","255.00","257.00","253.00","257.00","2.0000","831"
"1151002","8101","華冠","8510","92471","11.00","11.00","10.70","10.70","-0.3500","16"
"1151002","8103","瀚荃","1955142","238302271","123.00","124.00","121.00","121.00","-3.0000","1988"
"1151002","8104","錸寶","183050","5812317","31.70","31.95","31.45","31.75","0.0500","312"
"1151002","8105","凌巨","2228765","34786957","15.45","15.75","15.40","15.60","0.1500","1263"
"1151002","8110","華東","9920246","493499380","48.80","50.40","48.60","49.95","1.2500","6558"
"1151002","8112","至上","5045893","424656649","84.10","84.50","83.60","84.10","0.3000","4098"
"1151002","8112A","至上甲特","11730","535892","45.70","45.70","45.65","45.70","-0.1000","16"
"1151002","8114","振樺電","135896","24204374","179.00","179.00","177.00","178.50","0.5000","240"
"1151002","8131","福懋科","3629621","232175337","62.90","65.40","62.50","63.50","1.0000","3012"
"1151002","8150","南茂","99203568","12162294053","116.00","127.00","114.50","127.00","11.5000","60034"
"1151002","8162","微矽電子-創","328373","22245090","68.20","68.30","67.00","67.40","-0.6000","424"
"1151002","8163","達方","963152","29769441","30.60","31.40","30.35","31.20","0.6000","763"
"1151002","8201","無敵","1540654","26717859","17.55","17.80","17.00","17.10","-0.5500","1055"
"1151002","8210","勤誠","1636063","1372633071","848.00","848.00","834.00","841.00","-4.0000","5963"
"1151002","8213","志超","416892","14236458","33.80","34.30","33.80","34.25","0.2500","338"
"1151002","8215","明基材","1925721","56850065","29.30","29.80","29.10","29.70","0.6000","1227"
"1151002","8222","寶一","210920","7487975","35.55","35.65","35.30","35.40","-0.1500","172"
"1151002","8249","菱光","464058","18778546","39.45","41.15","39.30","41.00","1.6000","458"
"1151002","8261","富鼎","5681906","1059648679","182.50","192.00","180.00","186.50","5.0000","8710"
"1151002","8271","宇瞻","681048","137514395","202.50","203.00","201.00","202.50","1.5000","1007"
"1151002","8341","日友","112529","8348931","74.30","74.30","74.10","74.20","0.0000","155"
"1151002","8367","建新國際","55146","2261112","40.05","41.30","40.05","40.65","-0.1500","32"
"1151002","8374","羅昇","152048","11809021","77.50","78.10","77.10","77.60","0.7000","174"
"1151002","8404","百和興業-KY","708954","9317167","13.20","13.30","13.05","13.15","-0.1500","324"
"1151002","8411","福貞-KY","241808","2816972","11.80","11.80","11.60","11.60","-0.3000","170"
"1151002","8422","可寧衛*","2992277","76422695","25.55","25.70","25.45","25.50","-0.1000","2140"
"1151002","8429","金麗-KY","126137","744819","5.88","5.92","5.88","5.90","-0.0100","103"
"1151002","8438","昶昕","900296","75652071","82.00","85.00","81.90","84.20","3.3000","1626"
"1151002","8442","威宏-KY","77554","3572275","45.80","46.60","45.20","45.90","0.3000","76"
"1151002","8443","阿瘦","36085","397238","11.05","11.05","10.95","11.00","-0.1000","61"
"1151002","8454","富邦媒","203142","48627919","238.00","242.00","237.00","239.00","0.0000","515"
"1151002","8462","柏文","64969","10267939","158.50","160.00","157.00","157.00","0.0000","137"
"1151002","8463","潤泰材","24018","508738","21.10","21.20","21.10","21.20","0.0000","24"
"1151002","8464","億豐","158244","57205690","362.50","363.50","360.50","361.00","-1.5000","382"
"1151002","8466","美吉吉-KY","16014","241608","15.10","15.20","15.05","15.05","-0.1000","13"
"1151002","8467","波力-KY","14027","1234530","88.20","88.20","87.90","88.20","0.1000","16"
"1151002","8473","山林水","419346","16345604","39.10","39.20","38.80","38.95","-0.1000","362"
"1151002","8476","台境*","254033","5131975","20.35","20.60","20.00","20.00","-0.3000","131"
"1151002","8478","東哥遊艇","57550","8107594","141.50","141.50","140.50","141.00","-0.5000","123"
"1151002","8481","政伸","22030","894418","40.65","40.65","40.55","40.55","-0.1000","16"
"1151002","8482","商億-KY","7056","334994","47.25","48.10","47.25","48.10","-0.7500","9"
"1151002","8487","愛爾達-創","7453","523799","70.30","70.40","70.20","70.30","0.0000","37"
"1151002","8488","吉源-KY","31000","302790","9.77","9.92","9.70","9.74","-0.1000","21"
"1151002","8499","鼎炫-KY","22201","5620934","254.00","254.50","252.00","254.50","-1.5000","82"
"1151002","8926","台汽電","1416775","83510181","58.90","59.30","58.40","59.00","0.1000","1139"
"1151002","8940","新天地","11406","170202","15.15","15.15","14.80","14.85","-0.2000","37"
"1151002","8996","高力","5868925","9039210925","1595.00","1635.00","1490.00","1510.00","-55.0000","13477"
"1151002","9103","美德醫療-DR","350330","1728606","4.94","4.98","4.92","4.95","0.0100","128"
"1151002","910322","康師傅-DR","38859","909911","23.40","23.45","23.40","23.45","0.0000","19"
"1151002","9105","泰金寶-DR","9479177","79919579","8.45","8.47","8.40","8.40","-0.0500","2331"
"1151002","910861","神州-DR","345987","1671155","4.74","4.93","4.69","4.73","0.0400","130"
"1151002","9110","越南控-DR","6000","17890","2.99","2.99","2.98","2.98","0.0000","6"
"1151002","911608","明輝-DR","19261","51192","2.64","2.69","2.64","2.65","-0.0500","274"
"1151002","911622","泰聚亨-DR","11300","40418","3.50","3.60","3.50","3.60","0.0000","9"
"1151002","911868","同方友友-DR","103753","119935","1.16","1.16","1.15","1.16","0.0100","35"
"1151002","912000","晨訊科-DR","278000","685350","2.45","2.49","2.45","2.48","0.0000","113"
"1151002","9136","巨騰-DR","307857","2872962","9.09","9.40","9.09","9.38","0.2500","146"
"1151002","9802","鈺齊-KY","397916","25615002","64.50","64.90","64.10","64.40","-0.4000","649"
"1151002","9902","台火","92177","1207469","13.20","13.20","13.05","13.05","-0.1500","92"
"1151002","9904","寶成","8170592","201626078","24.80","24.85","24.60","24.70","-0.1500","2448"
"1151002","9905","大華","71310","1524062","21.40","21.45","21.30","21.30","-0.1000","45"
"1151002","9906","欣巴巴","49406","1954994","39.50","39.85","39.50","39.55","-0.7000","80"
"1151002","9907","統一實","951733","14196993","14.80","15.00","14.80","14.95","0.1000","444"
"1151002","9908","大台北","96958","2808414","28.95","29.00","28.95","28.95","0.0000","100"
"1151002","9910","豐泰","899806","61300415","68.30","68.70","67.80","67.80","-1.0000","977"
"1151002","9911","櫻花","164664","13410261","81.50","81.70","81.30","81.40","-0.1000","235"
"1151002","9912","偉聯","34375","440463","12.80","12.90","12.70","12.80","-0.1500","71"
"1151002","9914","美利達","633839","43295028","68.40","68.60","67.80","68.30","0.0000","640"
"1151002","9917","中保科","305124","32278656","106.00","106.00","105.50","106.00","-0.5000","466"
"1151002","9918","欣天然","23039","993817","43.20","43.20","42.70","43.20","0.0000","32"
"1151002","9919","康那香","140080","1942194","13.75","13.95","13.70","13.90","0.1000","111"
"1151002","9921","巨大","1196095","109453754","91.40","92.60","90.70","91.40","-0.4000","1166"
"1151002","9924","福興","34395","1308434","37.85","38.25","37.85","37.95","-0.2500","62"
"1151002","9925","新保","150998","5966900","39.55","39.60","39.50","39.50","-0.0500","163"
"1151002","9926","新海","13769","672502","48.85","48.85","48.80","48.80","-0.3000","19"
"1151002","9927","泰銘","442219","27903712","63.90","63.90","62.80","62.90","-1.1000","621"
"1151002","9928","中視","14000","251700","18.00","18.00","17.90","18.00","-0.0500","12"
"1151002","9929","秋雨","3251","36036","11.10","11.10","11.05","11.05","-0.0500","6"
"1151002","9930","中聯資源","99015","5921329","60.20","60.20","59.60","59.80","-0.4000","257"
"1151002","9931","欣高","14335","486631","33.80","34.15","33.80","33.85","-0.2500","28"
"1151002","9933","中鼎","21275998","966503332","41.80","45.80","41.80","45.80","4.1500","9030"
"1151002","9934","成霖","338796","3332710","9.85","9.89","9.82","9.83","-0.0300","194"
"1151002","9935","慶豐富","93268","1714549","18.25","18.50","18.25","18.30","-0.0500","83"
"1151002","9937","全國","22201","1202993","54.30","54.30","54.10","54.20","-0.3000","19"
"1151002","9938","百和","391812","14998164","38.30","38.45","38.15","38.25","-0.3000","333"
"1151002","9939","宏全","728621","90160878","124.00","125.00","122.50","124.50","0.0000","834"
"1151002","9940","信義","220102","4406632","20.00","20.20","19.90","20.10","0.0500","170"
"1151002","9941","裕融","1690865","130128327","77.80","77.80","76.50","76.70","-1.2000","2558"
"1151002","9941A","裕融甲特","11030","537149","48.80","48.80","48.70","48.70","-0.1000","20"
"1151002","9942","茂順","29549","3368456","113.50","114.50","113.50","113.50","-1.0000","71"
"1151002","9943","好樂迪","49836","2517216","50.40","50.70","50.40","50.50","0.1000","70"
"1151002","9944","新麗","22193","380550","17.15","17.20","17.10","17.10","-0.0500","28"
"1151002","9945","潤泰新","3575449","104037453","29.25","29.30","29.00","29.10","-0.1500","1740"
"1151002","9946","三發地產","96165","1624149","16.95","17.00","16.85","16.85","0.0000","82"
"1151002","9955","佳龍","101426","2338393","23.00","23.20","22.95","23.00","-0.1000","205"
"1151002","9958","世紀鋼","634075","58095718","92.00","92.40","91.30","91.40","-0.6000","1182"
