資料日期,代號,名稱,收盤,漲跌,開盤,最高,最低,成交股數,成交金額,成交筆數,最後買價,最後賣價,發行股數,次日漲停價,次日跌停價
"1150929","00411A","主動統一前沿科技","10.33","-0.14","10.50","10.50","10.32","7969000","82643900","1203","10.33","10.34","415076000","9999.95","0.01"
"1150929","00679B","元大美債20年","24.72","-0.56","24.81","24.81","24.68","44924000","1111553010","10052","24.71","24.72","6188192000","9999.95","0.01"
"1150929","00687B","國泰20年美債","25.67","-0.61","25.95","25.95","25.64","32147000","827242520","6499","25.66","25.67","4263380380","9999.95","0.01"
"1150929","00687C","國泰20年美債+櫃U","8.70","-0.20","8.71","8.71","8.70","26000","226210","3","8.69","8.71","1942268","9999.95","0.01"
"1150929","00694B","富邦美債1-3","41.58","-0.06","41.64","41.64","41.53","265000","11014380","30","41.57","41.58","30076000","9999.95","0.01"
"1150929","00695B","富邦美債7-10","33.63","-0.31","33.48","33.75","33.48","380000","12784770","70","33.63","33.64","42686000","9999.95","0.01"
"1150929","00696B","富邦美債20年","26.92","-0.62","27.01","27.03","26.88","4532000","121997200","347","26.91","26.92","624681000","9999.95","0.01"
"1150929","00697B","元大美債7-10","33.89","-0.27","33.98","33.98","33.87","712000","24147620","284","33.88","33.89","67212000","9999.95","0.01"
"1150929","00719B","元大美債1-3","30.91","-0.04","31.02","31.02","30.90","2887000","89314460","582","30.91","30.92","318014000","9999.95","0.01"
"1150929","00720B","元大投資級公司債","30.90","-0.63","31.06","31.07","30.86","11966000","370098080","3133","30.89","30.90","4011609000","9999.95","0.01"
"1150929","00722B","群益投資級電信債","33.15","-0.69","33.50","33.54","33.11","7506000","248798930","767","33.15","33.16","1460739000","9999.95","0.01"
"1150929","00723B","群益投資級科技債","28.36","-0.64","28.43","28.43","28.36","131000","3715870","26","28.33","28.37","1520583000","9999.95","0.01"
"1150929","00724B","群益投資級金融債","31.56","-0.66","31.74","31.74","31.54","4102000","129469640","354","31.56","31.57","3059275000","9999.95","0.01"
"1150929","00725B","國泰投資級公司債","32.93","-0.66","33.10","33.10","32.89","6139000","202280810","1948","32.92","32.93","3739206000","9999.95","0.01"
"1150929","00726B","國泰新興投等債","31.22","-0.50","31.65","31.65","31.16","342000","10674420","75","31.20","31.23","1186989000","9999.95","0.01"
"1150929","00727B","國泰優選非投等債","38.95","-0.14","38.94","39.02","38.94","129000","5027400","11","38.95","38.97","57189000","9999.95","0.01"
"1150929","00734B","台新JPM新興債","14.96","-0.27","14.93","15.08","14.92","790000","11803430","138","14.93","14.97","24979000","9999.95","0.01"
"1150929","00740B","富邦全球投等債","35.95","-0.72","36.12","36.12","35.90","1512000","54351210","251","35.94","35.95","2199971000","9999.95","0.01"
"1150929","00741B","富邦全球非投等債","36.90","-0.04","36.74","36.90","36.74","113000","4164910","17","36.85","36.92","13128000","9999.95","0.01"
"1150929","00746B","富邦A級公司債","33.26","-0.62","33.27","33.30","33.24","1468000","48821650","57","33.26","33.27","2550964000","9999.95","0.01"
"1150929","00749B","凱基新興債10+","29.86","-0.61","29.99","30.08","29.58","145000","4337790","29","29.73","29.81","1110500000","9999.95","0.01"
"1150929","00750B","凱基科技債10+","30.60","-0.69","30.65","30.65","30.60","101000","3090650","3","30.55","30.61","148000000","9999.95","0.01"
"1150929","00751B","元大AAA至A公司債","28.92","-0.64","29.15","29.15","28.89","13883000","402072040","3920","28.91","28.92","5228103000","9999.95","0.01"
"1150929","00754B","群益AAA-AA公司債","30.32","-0.70","30.27","30.32","30.27","130000","3939280","21","30.27","30.32","1303900000","9999.95","0.01"
"1150929","00755B","群益投資級公用債","30.54","-0.58","30.57","30.57","30.51","140000","4275560","22","30.53","30.54","296230000","9999.95","0.01"
"1150929","00756B","群益投等新興公債","29.14","-0.59","29.53","29.53","29.00","278000","8109560","66","29.14","29.15","1332300000","9999.95","0.01"
"1150929","00758B","復華能源債","48.54","-1.02","48.54","48.54","48.54","100000","4854000","2","48.31","48.55","5525000","9999.95","0.01"
"1150929","00759B","復華製藥債","50.80","-1.15","50.80","50.80","50.80","100000","5080000","2","50.65","50.75","47525000","9999.95","0.01"
"1150929","00760B","復華新興企業債","50.50","-1.00","51.40","51.40","50.50","106000","5359650","8","50.40","50.60","435020000","9999.95","0.01"
"1150929","00761B","國泰A級公司債","31.86","-0.66","32.39","32.39","31.85","575000","18346260","143","31.86","31.89","2735089000","9999.95","0.01"
"1150929","00764B","群益25年美債","25.63","-0.61","25.73","25.74","25.61","2706000","69385100","259","25.62","25.63","1546000000","9999.95","0.01"
"1150929","00768B","復華20年美債","45.99","-1.11","46.31","46.31","45.96","740000","34060520","180","45.97","45.99","791100000","9999.95","0.01"
"1150929","00772B","中信高評級公司債","31.17","-0.67","31.37","31.37","31.14","7667000","239294500","1542","31.16","31.17","3365790000","9999.95","0.01"
"1150929","00773B","中信優先金融債","33.31","-0.68","33.40","33.45","33.27","1662000","55427670","286","33.30","33.31","2592790000","9999.95","0.01"
"1150929","00777B","凱基AAA至A公司債","30.09","-0.64","30.15","30.17","30.09","114000","3431510","7","30.08","30.12","2076650000","9999.95","0.01"
"1150929","00778B","凱基金融債20+","31.86","-0.70","31.93","31.93","31.86","102000","3249860","3","31.85","31.89","1522150000","9999.95","0.01"
"1150929","00779B","凱基美債25+","25.86","-0.61","26.25","26.25","25.86","355000","9193560","25","25.85","25.86","1298650000","9999.95","0.01"
"1150929","00780B","國泰A級金融債","35.31","-0.43","35.39","35.39","35.31","118000","4167490","19","35.29","35.30","246102000","9999.95","0.01"
"1150929","00781B","國泰A級科技債","25.77","-0.52","26.15","26.15","25.74","205000","5287130","61","25.76","25.77","8836000","9999.95","0.01"
"1150929","00782B","國泰A級公用債","28.42","-0.56","28.71","28.71","28.41","317000","9016890","104","28.41","28.42","21467000","9999.95","0.01"
"1150929","00785B","富邦金融投等債","32.68","-0.72","32.76","32.78","32.67","178000","5821900","9","32.69","32.72","1063466000","9999.95","0.01"
"1150929","00786B","元大10年IG銀行債","30.70","-0.56","30.77","30.81","30.70","16000","491960","15","30.74","30.77","19566000","9999.95","0.01"
"1150929","00787B","元大10年IG醫療債","30.27","-0.63","30.75","30.75","30.27","36000","1092940","18","30.26","30.28","11306000","9999.95","0.01"
"1150929","00788B","元大10年IG電能債","28.10","-0.60","28.35","28.35","28.07","41000","1153200","25","28.09","28.11","24706000","9999.95","0.01"
"1150929","00789B","復華公司債A3","44.41","-1.12","44.61","44.61","44.41","109000","4842510","9","44.41","44.43","455600000","9999.95","0.01"
"1150929","00791B","復華信用債1-5","56.00","-0.45","56.15","56.15","56.00","109000","6114200","7","55.95","56.05","281100000","9999.95","0.01"
"1150929","00792B","群益A級公司債","29.16","-0.69","29.65","29.67","29.16","127000","3707010","28","29.15","29.17","2317615000","9999.95","0.01"
"1150929","00795B","中信美國公債20年","24.83","-0.58","24.94","24.96","24.80","9589000","238460620","2136","24.82","24.83","1528598000","9999.95","0.01"
"1150929","00799B","國泰A級醫療債","27.55","-0.56","28.03","28.03","27.54","357000","9850230","65","27.54","27.55","26036000","9999.95","0.01"
"1150929","00834B","第一金金融債10+","31.94","-0.75","32.50","32.50","31.85","252000","8076290","21","31.93","31.96","23198000","9999.95","0.01"
"1150929","00836B","永豐10年A公司債","26.43","-0.72","26.85","26.85","26.41","85000","2250840","25","26.42","26.44","630541000","9999.95","0.01"
"1150929","00840B","凱基IG精選15+","27.68","-0.59","27.73","27.73","27.68","102000","2825410","4","27.58","27.64","59431000","9999.95","0.01"
"1150929","00841B","凱基AAA-AA公司債","26.43","-0.63","26.49","26.49","26.43","105000","2775330","6","26.43","26.45","70440000","9999.95","0.01"
"1150929","00842B","台新美元銀行債","28.36","-0.53","28.72","28.73","28.30","595000","16920550","196","28.33","28.36","22267000","9999.95","0.01"
"1150929","00844B","台新15年IG金融債","29.39","-0.57","29.38","29.43","29.38","126000","3705030","7","29.30","29.35","213175000","9999.95","0.01"
"1150929","00845B","富邦新興投等債","31.57","-0.46","31.54","31.60","31.51","164000","5176570","9","31.50","31.56","237051000","9999.95","0.01"
"1150929","00846B","富邦歐洲銀行債","34.07","-0.46","34.22","34.22","34.07","103000","3509410","5","34.04","34.08","74350000","9999.95","0.01"
"1150929","00847B","中信美國市政債","23.52","-0.38","23.70","23.70","23.51","320000","7527940","22","23.51","23.55","3805000","9999.95","0.01"
"1150929","00848B","中信新興亞洲債","32.43","-0.55","32.44","32.44","32.39","318000","10311730","11","32.39","32.41","136066000","9999.95","0.01"
"1150929","00849B","中信EM主權債0-5","37.12","-0.12","37.06","37.14","37.06","309000","11472070","10","37.11","37.17","485606000","9999.95","0.01"
"1150929","00853B","統一美債10年Aa-A","25.53","-0.54","25.57","25.57","25.45","1247000","31830580","73","25.52","25.53","178134000","9999.95","0.01"
"1150929","00856B","永豐1-3年美公債","37.00","-0.08","37.00","37.00","37.00","2000","74000","2","36.92","37.00","6792000","9999.95","0.01"
"1150929","00857B","永豐20年美公債","21.37","-0.49","21.42","21.42","21.33","1910000","40825220","459","21.36","21.37","599268000","9999.95","0.01"
"1150929","00858","永豐美國500大","36.00","-0.12","36.33","36.59","35.95","274000","9867000","100","35.97","36.01","117874000","9999.95","0.01"
"1150929","00859B","群益0-1年美債","40.61","-0.02","40.63","40.66","40.56","3439000","139626930","224","40.59","40.61","36011000","9999.95","0.01"
"1150929","00860B","群益1-5Y投資級債","37.66","-0.08","37.70","37.70","37.66","101000","3803700","5","37.61","37.68","2671000","9999.95","0.01"
"1150929","00862B","中信投資級公司債","29.25","-0.67","29.25","29.30","29.19","1256000","36724150","93","29.20","29.25","886381000","9999.95","0.01"
"1150929","00863B","中信全球電信債","29.38","-0.67","29.32","29.38","29.32","232000","6807650","10","29.33","29.35","511964000","9999.95","0.01"
"1150929","00864B","中信美國公債0-1","46.15","-0.02","46.17","46.18","46.10","887000","40930360","166","46.15","46.16","112722000","9999.95","0.01"
"1150929","00867B","台新A-BBB電信債","28.24","-0.82","28.73","28.73","28.24","44000","1246460","28","28.24","28.25","565150000","9999.95","0.01"
"1150929","00870B","元大15年EM主權債","26.22","-0.72","26.40","26.40","26.21","349000","9182480","30","26.24","26.25","564151000","9999.95","0.01"
"1150929","00877","復華中國5G","35.31","-2.62","36.50","36.50","35.20","6341000","225384400","2284","35.31","35.40","163288000","9999.95","0.01"
"1150929","00884B","中信低碳新興債","27.62","-0.66","27.61","27.68","27.61","282000","7793210","10","27.60","27.62","75440000","9999.95","0.01"
"1150929","00886","永豐美國科技","49.48","-0.18","49.50","49.50","49.48","21000","1039100","3","49.11","49.48","4451000","9999.95","0.01"
"1150929","00887","永豐中國科技50大","15.30","-0.59","15.50","15.50","15.19","7574000","115650450","1855","15.30","15.31","452851000","9999.95","0.01"
"1150929","00888","永豐台灣ESG","35.85","-0.15","36.00","36.02","35.72","4469000","160335230","1893","35.84","35.85","624478000","39.43","32.27"
"1150929","00890B","凱基ESG BBB債15+","29.94","-0.74","30.00","30.02","29.94","112000","3354950","9","29.97","29.99","18264000","9999.95","0.01"
"1150929","00928","中信上櫃ESG 30","33.10","-0.23","33.48","33.48","32.97","201000","6660500","88","33.10","33.12","44356000","36.41","29.79"
"1150929","00931B","統一美債20年","12.51","-0.27","12.57","12.58","12.49","3240000","40563330","791","12.50","12.51","2244898000","9999.95","0.01"
"1150929","00933B","國泰10Y+金融債","14.97","-0.27","15.12","15.12","14.96","25508000","382526700","4720","14.97","14.98","6719958000","9999.95","0.01"
"1150929","00937B","群益ESG投等債20+","13.80","-0.31","13.84","13.84","13.74","129995000","1794861350","19457","13.79","13.80","17000305000","9999.95","0.01"
"1150929","00942B","台新美A公司債20+","13.21","-0.32","13.26","13.27","13.20","2051000","27133040","239","13.20","13.21","2041959000","9999.95","0.01"
"1150929","00948B","中信優息投資級債","8.81","-0.20","8.87","8.87","8.80","7116000","62763910","1099","8.80","8.81","4267927000","9999.95","0.01"
"1150929","00950B","凱基A級公司債","13.14","-0.28","13.23","13.23","13.14","4646000","61134170","915","13.14","13.15","4105809000","9999.95","0.01"
"1150929","00955","中信日本商社","15.77","-0.31","15.92","15.92","15.71","3776000","59673760","1327","15.76","15.77","482431000","9999.95","0.01"
"1150929","00957B","兆豐US優選投等債","12.50","-0.28","12.67","12.67","12.50","683000","8556130","119","12.50","12.51","188263000","9999.95","0.01"
"1150929","00958B","永豐ESG銀行債15+","8.65","-0.18","8.78","8.78","8.62","1298000","11214610","100","8.64","8.65","118771000","9999.95","0.01"
"1150929","00959B","大華投等美債15Y+","8.79","-0.19","8.85","8.85","8.78","2902000","25531870","597","8.78","8.79","508836000","9999.95","0.01"
"1150929","00966B","統一ESG投等債15+","13.02","-0.30","13.12","13.12","13.01","1805000","23510510","106","13.01","13.02","116232000","9999.95","0.01"
"1150929","00967B","元大優息美債","8.52","-0.16","8.68","8.68","8.50","1126000","9595260","133","8.51","8.52","181407000","9999.95","0.01"
"1150929","00968B","元大優息投等債","8.66","-0.17","8.78","8.78","8.65","2798000","24249030","389","8.65","8.66","796511000","9999.95","0.01"
"1150929","00969B","元大零息超長美債","7.52","-0.31","7.70","7.70","7.50","2555000","19297340","328","7.51","7.52","146633000","9999.95","0.01"
"1150929","00970B","台新BBB投等債20+","8.74","-0.18","8.84","8.84","8.72","3543000","30965230","342","8.73","8.74","389229000","9999.95","0.01"
"1150929","00980B","台新特選IG債10+","8.86","-0.18","8.92","8.93","8.86","1911000","16998770","50","8.86","8.87","52569000","9999.95","0.01"
"1150929","00980D","主動聯博投等入息","19.48","-0.25","19.65","19.65","19.47","2459000","48001280","298","19.47","19.48","98957000","9999.95","0.01"
"1150929","00980T","平衡凱基美國TOP","12.02","-0.01","12.15","12.15","12.02","12000","144500","6","12.00","12.02","74918000","9999.95","0.01"
"1150929","00981B","第一金優選非投債","8.96","-0.06","8.99","9.00","8.95","25288000","226846770","3126","8.95","8.96","1574613000","9999.95","0.01"
"1150929","00981D","主動中信非投等債","10.07","-0.09","10.14","10.14","10.07","5110000","51611400","846","10.07","10.08","521800000","9999.95","0.01"
"1150929","00982B","FT投資級債20+","9.16","-0.15","9.19","9.19","9.12","670000","6138770","30","9.11","9.16","25400000","9999.95","0.01"
"1150929","00983B","大華優利美公債20","14.49","-0.33","14.70","14.70","14.47","1845000","26726060","104","14.48","14.49","25653000","9999.95","0.01"
"1150929","00984B","大華優利美A債15","15.25","-0.34","15.49","15.49","15.23","2318000","35388840","298","15.24","15.25","116933000","9999.95","0.01"
"1150929","00985D","主動貝萊德優投等","9.47","-0.18","9.57","9.57","9.46","2375000","22509670","349","9.47","9.48","111732000","9999.95","0.01"
"1150929","00986B","FT金融債10+","9.26","-0.10","9.33","9.33","9.26","32000","296630","10","9.25","9.29","20762000","9999.95","0.01"
"1150929","00986D","主動復華金融債息","13.89","-0.19","14.05","14.05","13.88","1546000","21521850","167","13.89","13.91","143177000","9999.95","0.01"
"1150929","00987B","野村10+澳洲公債","15.32","-0.12","15.40","15.45","15.30","568000","8723950","125","15.31","15.32","76327000","9999.95","0.01"
"1150929","00987D","主動統一美債量化","9.52","-0.19","9.70","9.70","9.51","2319000","22124620","151","9.51","9.52","95023000","9999.95","0.01"
"1150929","00988B","玉山嚴選非投債","19.18","-0.13","19.29","19.29","19.16","2351000","45134920","559","19.17","19.18","161333000","9999.95","0.01"
"1150929","00989B","台新美國非投等債","9.87","-0.06","9.90","9.90","9.86","6680000","65994610","543","9.86","9.87","112452000","9999.95","0.01"
"1150929","00990B","國泰收益非投等債","9.85","-0.03","9.87","9.88","9.84","5105000","50294240","434","9.84","9.85","93850000","9999.95","0.01"
"1150929","00998A","主動復華金融股息","16.65","+0.02","16.61","16.78","16.61","5272000","87911850","1289","16.64","16.65","329109000","9999.95","0.01"
"1150929","1240","茂生農經","53.80","-1.40","54.40","54.50","53.80","29000","1571900","22","53.90","54.10","46443992","59.10","48.45"
"1150929","1259","安心","68.00","0.00","68.00","68.00","67.90","18000","1223900","9","66.30","68.00","32389500","74.80","61.20"
"1150929","1264","德麥","244.00","-0.50","243.00","244.00","243.00","5000","1217000","5","243.50","245.00","37052367","268.00","220.00"
"1150929","1268","漢來美食","175.50","+1.00","174.50","175.50","174.50","25000","4380500","20","174.50","176.00","42223730","193.00","158.00"
"1150929","1294","漢田生技","50.20","-0.10","50.10","50.20","49.70","24000","1198750","21","49.95","50.20","36625875","55.20","45.20"
"1150929","1295","生合","47.15","+0.05","47.20","47.30","46.55","29000","1359900","26","47.00","47.30","37599800","51.80","42.45"
"1150929","1336","台翰","16.80","-0.30","17.05","17.05","16.75","90000","1513650","50","16.80","16.85","77614419","18.45","15.15"
"1150929","1565","精華","95.90","+0.40","95.60","96.00","95.30","83000","7932400","76","95.90","96.10","50416516","105.00","86.40"
"1150929","1569","濱川","65.00","+0.30","65.00","66.30","63.30","4337000","280544200","2308","64.80","65.00","144247441","71.50","58.50"
"1150929","1570","力肯","33.00","+0.15","32.15","33.00","31.95","87000","2794950","27","33.00","33.10","51500839","36.30","29.70"
"1150929","1580","新麥","97.10","+0.10","97.10","97.60","97.00","22000","2140800","22","97.30","97.50","49339242","106.50","87.40"
"1150929","1584","精剛","18.05","+0.05","18.10","18.45","18.00","494000","8989500","258","18.05","18.10","232470533","19.85","16.25"
"1150929","1586","和勤","18.00","0.00","18.05","18.30","17.90","204000","3684200","105","17.95","18.00","129500467","19.80","16.20"
"1150929","1591","駿吉-KY","41.10","+0.70","40.50","41.70","40.50","259000","10653850","128","41.10","41.40","38048047","45.20","37.00"
"1150929","1593","祺驊","31.65","-0.15","31.90","31.90","31.65","10000","317900","9","31.65","31.75","39784772","34.80","28.50"
"1150929","1595","川寶","77.60","+0.20","77.40","83.00","76.40","2073000","164190000","1553","77.60","77.70","57724656","85.30","69.90"
"1150929","1599","宏佳騰","23.00","-0.05","23.20","23.25","23.00","4000","92650","4","23.10","23.20","73028764","25.30","20.70"
"1150929","1742","台蠟","17.70","+0.20","18.25","18.25","17.40","15000","266200","9","17.50","17.70","92671300","19.45","15.95"
"1150929","1777","生泰","74.00","-0.30","73.60","74.10","73.60","12000","886300","12","73.70","74.00","44591713","81.40","66.60"
"1150929","1780","立弘","25.20","+0.50","24.60","25.20","24.50","81000","2021300","43","24.85","25.15","109075173","27.70","22.70"
"1150929","1781","合世","9.99","-0.06","10.00","10.00","9.99","18000","179850","9","9.98","9.99","47407605","10.95","9.00"
"1150929","1784","訊聯","61.30","0.00","61.70","61.90","60.90","49000","3006300","39","61.10","61.40","53121191","67.40","55.20"
"1150929","1785","光洋科","98.00","+2.20","95.80","99.80","95.50","4789000","469613100","3129","98.00","98.20","595980243","107.50","88.20"
"1150929","1788","杏昌","128.00","0.00","128.00","128.00","128.00","13000","1664000","11","127.50","128.00","44520971","140.50","115.50"
"1150929","1796","金穎生技","28.80","-0.70","29.75","29.75","28.80","9000","262200","9","28.70","29.00","41459793","31.65","25.95"
"1150929","1799","易威","28.40","-0.50","28.70","28.80","28.35","165000","4714400","77","28.40","28.65","248775894","31.20","25.60"
"1150929","1813","寶利徠","11.30","0.00","11.30","11.35","11.30","5000","56550","5","11.25","11.35","46635510","12.40","10.20"
"1150929","1815","富喬","116.00","0.00","115.00","117.00","113.00","16818000","1931024000","9634","116.00","116.50","614703462","127.50","104.50"
"1150929","2035","唐榮","----","---","----","----","----","0","0","0","26.50","27.00","350000000","29.15","23.85"
"1150929","2061","風青","59.40","+5.40","54.40","59.40","54.30","1905000","111273600","921","59.40","0.00","57378052","65.30","53.50"
"1150929","2063","世鎧","23.45","-0.15","23.70","23.70","23.45","56000","1317200","38","23.45","23.70","48101453","25.75","21.15"
"1150929","2064","晉椿","11.90","0.00","11.70","12.20","11.70","300000","3597300","28","11.85","12.00","69330000","13.05","10.75"
"1150929","2065","世豐","35.15","-0.05","35.05","35.15","35.00","33000","1156050","14","35.15","35.25","63516707","38.65","31.65"
"1150929","2066","世德","52.70","-0.20","52.30","52.90","52.30","17000","895300","10","52.70","52.80","44449527","57.90","47.45"
"1150929","2067","嘉鋼","5.20","-0.02","5.02","5.23","5.02","10000","51990","8","5.20","5.30","45138177","5.72","4.68"
"1150929","2070","精湛","62.80","+1.80","61.50","63.80","61.50","89000","5611800","63","62.70","63.00","41782800","69.00","56.60"
"1150929","2073","雄順","25.20","-0.70","25.20","25.20","25.20","1000","25200","1","25.15","25.65","27500000","27.70","22.70"
"1150929","2221","大甲","180.00","+16.00","169.00","180.00","167.50","1993000","351859000","1400","180.00","0.00","42325000","198.00","162.00"
"1150929","2230","泰茂","21.75","-0.70","22.30","22.35","21.70","94000","2066950","72","21.70","22.00","68029605","23.90","19.60"
"1150929","2235","謚源","----","---","----","----","----","0","0","0","27.50","27.85","35878000","30.60","25.10"
"1150929","2596","綠意","35.25","-0.20","35.35","35.35","35.00","11000","386850","11","35.15","35.25","100000000","38.75","31.75"
"1150929","2640","大車隊","158.50","+1.50","156.00","159.00","156.00","23000","3628500","20","157.50","158.50","59264956","174.00","143.00"
"1150929","2641","正德","17.30","-0.25","17.55","17.55","17.30","1020000","17707700","473","17.30","17.35","330333744","19.00","15.60"
"1150929","2643","捷迅","62.70","0.00","63.00","63.00","62.70","3000","188700","3","62.50","63.00","35000000","68.90","56.50"
"1150929","2718","全心投控","40.65","-0.15","40.50","40.65","40.45","3000","121600","3","40.45","40.90","87576000","44.70","36.60"
"1150929","2719","燦星旅","19.20","-0.35","19.30","19.30","19.20","4000","77100","4","19.40","19.55","69182500","21.10","17.30"
"1150929","2724","藝舍-KY","----","---","----","----","----","0","0","0","12.20","12.75","59656345","14.00","11.50"
"1150929","2726","雅茗-KY","8.03","-0.05","8.10","8.10","8.00","14000","112390","11","7.99","8.03","37922454","8.83","7.23"
"1150929","2729","瓦城","158.00","+0.50","157.50","158.00","157.50","2000","315500","2","157.50","158.00","43040783","173.50","142.50"
"1150929","2732","六角","64.40","+1.20","62.80","64.40","62.70","8000","505400","8","64.40","64.50","46518570","70.80","58.00"
"1150929","2734","易飛網","14.40","-0.10","14.45","14.45","14.30","38000","546400","21","14.40","14.45","57259760","15.80","13.00"
"1150929","2736","富野","11.35","+0.10","11.35","11.35","11.25","16000","181350","13","11.25","11.30","79972230","12.45","10.25"
"1150929","2740","華軒","30.65","-0.05","30.15","30.65","30.15","3000","91400","3","27.85","30.50","16762016","33.70","27.60"
"1150929","2743","山富","53.30","-1.00","54.50","54.60","53.30","21000","1137100","17","53.10","54.50","46815210","58.60","48.00"
"1150929","2745","五福","84.00","-0.60","84.80","84.80","84.00","37000","3116400","26","84.00","84.60","33808526","92.40","75.60"
"1150929","2751","王座","52.60","-1.70","52.60","53.50","52.60","4000","211500","4","52.60","54.20","19844500","57.80","47.35"
"1150929","2752","豆府","177.50","-0.50","178.00","178.00","177.50","12000","2130500","4","177.50","179.00","26693861","195.00","160.00"
"1150929","2754","亞洲藏壽司","68.00","-0.30","68.00","68.00","67.80","12000","815100","12","67.80","68.30","46907000","74.80","61.20"
"1150929","2755","揚秦","99.00","+0.30","98.90","99.00","98.00","21000","2062500","19","98.60","98.90","46799854","108.50","89.10"
"1150929","2756","聯發國際","62.50","-0.50","62.00","62.50","61.70","8000","496100","8","62.00","62.90","24597584","68.70","56.30"
"1150929","2916","滿心","40.55","-0.05","40.45","40.55","40.45","7000","283300","6","40.50","40.55","64626878","44.60","36.50"
"1150929","2924","宏太-KY","18.45","-0.55","17.30","18.95","17.30","8000","144650","8","17.55","18.45","52035934","20.25","16.65"
"1150929","2926","誠品生活","29.55","-0.55","30.10","30.10","29.10","18000","534850","17","29.30","29.75","47389650","32.50","26.60"
"1150929","2937","集雅社","44.70","0.00","44.70","44.70","44.70","5000","223500","2","44.15","44.85","47896173","49.15","40.25"
"1150929","2938","床的世界","18.55","-0.35","18.60","18.60","18.50","26000","482100","18","18.50","18.60","22840000","20.40","16.70"
"1150929","2941","米斯特","32.15","-0.15","32.15","32.15","32.15","1000","32150","1","30.55","31.95","15390000","35.35","28.95"
"1150929","2947","振宇五金","----","---","----","----","----","0","0","0","58.80","61.20","23642366","66.50","54.50"
"1150929","2948","寶陞","36.80","+0.30","36.20","36.90","36.20","6000","219750","6","36.30","36.80","32000000","40.45","33.15"
"1150929","2949","欣新網","----","---","----","----","----","0","0","0","60.50","64.90","30641100","70.40","57.60"
"1150929","3064","泰偉","----","---","----","----","----","0","0","0","15.80","18.30","13011451","18.90","15.50"
"1150929","3066","李洲","29.50","+2.10","27.50","29.95","27.25","2761000","80185850","1778","29.40","29.50","83070612","32.45","26.55"
"1150929","3067","全域","16.90","+0.35","16.90","16.90","16.90","1000","16900","1","16.60","17.90","20000000","18.55","15.25"
"1150929","3071","協禧","22.90","-0.10","23.00","23.00","22.85","105000","2403900","75","22.90","22.95","110000000","25.15","20.65"
"1150929","3073","天方能源","20.60","+0.30","20.50","20.85","20.50","13000","268100","11","20.55","20.70","39511028","22.65","18.55"
"1150929","3078","僑威","45.65","+0.20","45.45","46.10","45.45","281000","12856800","207","45.65","45.75","227391064","50.20","41.10"
"1150929","3081","聯亞","2650.00","-50.00","2700.00","2735.00","2645.00","1139000","3050165000","1050","2650.00","2660.00","101769004","2915.00","2385.00"
"1150929","3083","網龍","22.70","-0.15","22.90","22.90","22.70","47000","1069450","27","22.70","22.90","86486858","24.95","20.45"
"1150929","3085","新零售","11.40","-0.05","11.20","11.40","11.20","8000","91000","8","11.20","11.60","69019288","12.50","10.30"
"1150929","3086","華義*","27.70","-0.60","29.90","29.90","27.50","131000","3643000","88","27.65","28.10","272710510","30.45","24.95"
"1150929","3088","艾訊","136.00","+6.50","130.00","137.50","130.00","1699000","228829500","1294","135.50","136.00","111071218","149.50","122.50"
"1150929","3093","港建*","43.90","-0.90","44.75","45.30","43.30","352000","15517300","232","43.90","44.00","145155576","48.25","39.55"
"1150929","3095","及成","34.00","0.00","33.60","34.00","33.45","5000","168650","5","33.65","34.60","10000000","37.40","30.60"
"1150929","3105","穩懋","493.00","-9.00","496.50","498.50","484.50","15080000","7409600500","11839","493.00","493.50","423940384","542.00","444.00"
"1150929","3114","好德","35.00","+0.75","35.00","36.50","34.55","1771000","62485200","1204","35.00","35.05","67722584","38.50","31.50"
"1150929","3115","富榮綱","8.60","+0.62","7.88","8.70","7.88","14000","116620","12","8.26","8.57","72197615","9.46","7.74"
"1150929","3118","進階","31.35","+0.50","31.00","31.35","30.80","29000","899400","20","31.05","31.20","32452860","34.45","28.25"
"1150929","3122","笙泉","23.50","-0.50","23.50","23.70","23.00","38000","884750","28","23.50","23.60","40771918","25.85","21.15"
"1150929","3128","昇銳","20.35","0.00","20.50","20.50","20.15","39000","790650","29","20.30","20.35","50156538","22.35","18.35"
"1150929","3131","弘塑","2475.00","+65.00","2420.00","2550.00","2420.00","519000","1296145000","489","2475.00","2480.00","29903550","2720.00","2230.00"
"1150929","3141","晶宏","85.20","+1.30","83.90","86.60","83.70","1533000","130844400","1172","85.10","85.20","75460728","93.70","76.70"
"1150929","3147","大綜","243.00","0.00","240.00","244.50","237.00","561000","134567500","465","243.00","243.50","43686831","267.00","219.00"
"1150929","3152","璟德","226.00","-5.50","226.50","229.00","226.00","87000","19779000","69","226.00","226.50","39016200","248.50","203.50"
"1150929","3158","嘉實","85.20","-0.20","85.30","85.30","84.90","14000","1191800","11","85.10","86.60","30665925","93.70","76.70"
"1150929","3162","精確","80.90","+7.30","75.10","80.90","75.10","4034000","324058900","1433","80.90","0.00","154341112","88.90","72.90"
"1150929","3163","波若威","646.00","-7.00","648.00","656.00","639.00","947000","612461000","731","646.00","647.00","94635370","710.00","582.00"
"1150929","3169","亞信","115.50","+1.00","114.00","118.50","113.50","461000","53720000","367","115.00","115.50","63306981","127.00","104.00"
"1150929","3171","炎洲流通","58.30","-0.70","59.50","59.50","58.30","7000","410600","7","58.50","58.60","33118158","64.10","52.50"
"1150929","3176","基亞","37.35","-0.40","37.40","38.20","37.20","280000","10482800","215","37.35","37.40","139306755","41.05","33.65"
"1150929","3178","公準","69.40","+0.50","69.80","69.80","68.50","141000","9760100","133","69.30","69.40","45050000","76.30","62.50"
"1150929","3188","鑫龍騰","23.45","-0.05","23.50","23.55","23.40","22000","516100","20","23.45","23.50","189087767","25.75","21.15"
"1150929","3191","雲嘉南","16.50","-0.25","16.75","16.75","16.35","21000","347850","8","16.50","16.70","43597381","18.15","14.85"
"1150929","3205","佰研","46.75","-0.20","47.00","48.00","46.50","52000","2442650","40","46.75","46.80","67545631","51.40","42.10"
"1150929","3206","志豐","34.55","-0.05","35.10","35.10","34.50","8000","278050","7","34.50","34.85","58916621","38.00","31.10"
"1150929","3207","耀勝","38.25","+0.30","37.95","38.60","37.95","107000","4099400","89","38.05","38.40","66422124","42.05","34.45"
"1150929","3211","順達","386.00","+7.50","381.00","392.50","380.00","3903000","1512966500","3167","386.00","387.00","154394021","424.50","347.50"
"1150929","3213","茂訊","125.50","+1.00","125.00","126.00","124.50","152000","19022000","107","125.00","126.00","58685547","138.00","113.00"
"1150929","3217","優群","130.00","+0.50","129.50","130.00","129.00","130000","16843500","101","129.50","130.00","90104203","143.00","117.00"
"1150929","3218","大學光","133.50","-1.00","134.00","134.50","133.50","84000","11258500","72","133.50","134.00","84724899","146.50","120.50"
"1150929","3219","倚強科","125.50","+11.00","123.50","125.50","120.50","1423000","176315500","878","125.50","0.00","71780880","138.00","113.00"
"1150929","3221","台嘉碩","50.80","+1.70","50.30","52.30","49.50","4889000","249313400","3381","50.70","50.80","104989210","55.80","45.75"
"1150929","3224","三顧","31.00","-0.90","31.95","31.95","30.40","68000","2105750","41","31.00","31.15","78172648","34.10","27.90"
"1150929","3226","龍鋒","60.10","+1.60","58.70","60.50","58.40","63000","3726000","51","59.00","60.10","64430573","66.10","54.10"
"1150929","3227","原相","185.50","+2.00","184.00","188.50","184.00","590000","109698500","490","185.50","186.50","151912842","204.00","167.00"
"1150929","3228","金麗科","180.00","+6.00","175.50","185.00","175.50","906000","164045500","683","179.50","180.00","71937495","198.00","162.00"
"1150929","3230","錦明","41.70","+1.50","40.55","41.95","40.55","517000","21460450","384","41.70","41.75","86010900","45.85","37.55"
"1150929","3232","昱捷","20.80","-0.30","21.10","21.10","20.80","57000","1193550","18","20.75","21.00","46567865","22.85","18.75"
"1150929","3234","光環","174.50","-3.50","180.00","180.00","171.50","1686000","295030000","1416","174.50","175.00","126474692","191.50","157.50"
"1150929","3236","千如","44.10","+0.25","43.60","45.30","43.10","1434000","63353150","1115","44.05","44.10","105000613","48.50","39.70"
"1150929","3252","海灣","15.45","+0.15","15.30","15.75","15.25","8000","123550","4","15.30","15.40","50195754","16.95","13.95"
"1150929","3259","鑫創","9.71","-0.24","9.63","9.71","9.63","16000","155020","7","9.78","10.30","72965934","10.65","8.74"
"1150929","3260","威剛","377.00","-1.00","377.50","378.00","374.00","2713000","1018852500","2009","376.50","377.00","356463418","414.50","339.50"
"1150929","3264","欣銓","241.50","-4.50","245.00","245.00","238.00","10352000","2493292500","7506","241.50","242.00","490170076","265.50","217.50"
"1150929","3265","台星科","180.50","-2.50","183.00","184.00","179.00","682000","123570500","554","180.00","180.50","136261659","198.50","162.50"
"1150929","3268","海德威","21.50","+1.55","21.90","21.90","21.05","432000","9360950","275","21.50","21.55","34720796","23.65","19.35"
"1150929","3272","東碩","13.70","-0.25","13.90","13.90","13.55","65000","889500","37","13.70","13.75","61176789","15.05","12.35"
"1150929","3276","宇環","13.85","+0.05","13.75","14.00","13.75","38000","523200","14","13.75","13.85","69712666","15.20","12.50"
"1150929","3284","太普高","19.40","-0.35","19.75","19.75","19.35","95000","1845100","55","19.40","19.45","108627709","21.30","17.50"
"1150929","3285","微端","41.60","+0.15","42.65","42.80","41.50","41000","1728250","32","41.55","41.60","42735324","45.75","37.45"
"1150929","3287","廣寰科","41.20","+0.15","41.10","41.95","41.10","470000","19486450","280","41.20","41.35","43970483","45.30","37.10"
"1150929","3288","點晶","20.90","-0.10","20.70","21.80","20.40","41000","864700","32","20.80","21.40","16380000","22.95","18.85"
"1150929","3289","宜特","139.50","-0.50","141.50","141.50","139.00","453000","63488000","297","139.50","140.00","86746371","153.00","126.00"
"1150929","3290","東浦","47.80","+1.55","46.30","48.40","46.10","916000","43266850","374","47.80","48.00","90215034","52.50","43.05"
"1150929","3293","鈊象","779.00","+18.00","774.00","796.00","766.00","3229000","2514082000","2520","779.00","780.00","281801560","856.00","702.00"
"1150929","3294","英濟","32.90","-0.75","33.65","33.65","32.35","1368000","44897500","931","32.85","32.90","132015919","36.15","29.65"
"1150929","3297","杭特","32.85","-1.50","34.35","34.35","32.85","299000","9975850","244","32.85","32.90","36049445","36.10","29.60"
"1150929","3303","岱稜","48.35","+0.15","48.15","48.65","48.10","165000","7997100","116","48.35","48.50","94090607","53.10","43.55"
"1150929","3306","鼎天","47.60","+1.95","45.65","47.70","45.65","265000","12403950","159","47.50","47.60","50607702","52.30","42.85"
"1150929","3310","佳穎","68.90","+0.60","69.50","69.50","67.60","10000","686800","6","67.60","68.90","74948402","75.70","62.10"
"1150929","3313","斐成","10.50","0.00","10.50","10.50","10.50","7000","73500","7","10.45","10.50","221133831","11.55","9.45"
"1150929","3317","尼克森","65.40","-2.90","67.30","67.30","65.00","3914000","256837900","2796","65.40","65.50","90000000","71.90","58.90"
"1150929","3322","建舜電","11.10","0.00","11.05","11.15","11.00","106000","1174300","64","11.05","11.10","137582157","12.20","9.99"
"1150929","3323","加百裕","29.35","+1.50","28.20","29.95","28.20","1044000","30376400","764","29.30","29.35","99593385","32.25","26.45"
"1150929","3324","雙鴻","1630.00","-80.00","1680.00","1680.00","1595.00","3782000","6155865000","3156","1630.00","1635.00","93076837","1790.00","1470.00"
"1150929","3325","旭品","11.70","-0.25","11.55","11.95","11.55","94000","1100600","51","11.70","11.95","110168610","12.85","10.55"
"1150929","3332","幸康","----","---","----","----","----","0","0","0","60.20","60.90","48104246","66.90","54.90"
"1150929","3339","泰谷","46.20","-1.00","46.75","48.00","46.05","1739000","81620100","1170","46.15","46.20","66568300","50.80","41.60"
"1150929","3349","寶德","19.95","+0.05","19.90","20.60","19.80","60000","1200950","49","19.60","19.95","47821648","21.90","18.00"
"1150929","3354","律勝","29.25","-0.75","29.70","29.95","29.00","754000","22174900","551","29.25","29.30","70112426","32.15","26.35"
"1150929","3357","臺慶科","203.00","-3.00","204.00","206.00","202.50","419000","85345000","354","203.00","203.50","117930191","223.00","183.00"
"1150929","3360","尚立","15.10","+0.05","15.15","15.25","15.05","165000","2499650","106","15.05","15.20","76402244","16.60","13.60"
"1150929","3362","先進光","171.00","-2.00","171.50","173.00","170.00","732000","125512500","610","171.00","171.50","147445475","188.00","154.00"
"1150929","3363","上詮","652.00","0.00","645.00","666.00","643.00","1530000","1001991000","1226","652.00","655.00","113640567","717.00","587.00"
"1150929","3372","典範","16.30","+0.50","15.80","16.60","15.70","394000","6403250","255","16.25","16.30","235324000","17.90","14.70"
"1150929","3373","熱映","16.05","+0.05","16.00","16.20","16.00","22000","353250","16","16.00","16.10","47618782","17.65","14.45"
"1150929","3374","精材","455.00","+6.00","439.50","457.00","436.50","2002000","896416000","1586","454.50","455.00","271364316","500.00","409.50"
"1150929","3379","彬台","27.30","+0.05","26.85","27.55","26.70","60000","1630700","44","27.25","27.30","38041748","30.00","24.60"
"1150929","3388","崇越電","81.60","-0.40","82.40","82.50","81.30","165000","13514700","148","81.60","82.10","81124504","89.70","73.50"
"1150929","3390","旭軟","22.30","+0.45","21.75","22.80","21.75","189000","4217450","104","22.20","22.30","79329659","24.50","20.10"
"1150929","3402","漢科","131.00","+1.50","129.50","132.50","129.00","308000","40328000","250","131.00","131.50","73047692","144.00","118.00"
"1150929","3430","奇鈦科","112.50","0.00","112.00","114.50","110.50","329000","36896000","291","112.00","113.00","33716085","123.50","101.50"
"1150929","3434","哲固","31.55","-0.05","31.90","31.90","31.15","56000","1757850","53","31.55","31.60","35754740","34.70","28.40"
"1150929","3438","類比科","61.30","+0.20","62.90","62.90","61.10","28000","1724200","28","61.20","61.80","47165815","67.40","55.20"
"1150929","3441","聯一光","185.00","+4.00","177.50","185.00","176.00","751000","134557500","634","184.50","185.00","40039920","203.50","166.50"
"1150929","3444","利機","80.60","+0.30","80.10","82.00","79.80","217000","17558200","144","80.50","81.30","44996877","88.60","72.60"
"1150929","3455","由田","267.00","+9.00","258.50","276.00","256.00","5465000","1466800500","4096","267.00","268.00","59850750","293.50","240.50"
"1150929","3465","進泰電子","29.65","0.00","29.65","29.65","29.65","2000","59300","2","29.60","29.70","42329862","32.60","26.70"
"1150929","3466","德晉","23.85","-0.05","23.85","24.25","23.75","74000","1766000","58","23.80","23.85","77892073","26.20","21.50"
"1150929","3467","台灣精材","74.60","-6.90","78.40","80.00","73.40","1564000","117478300","1127","74.60","74.80","31106569","82.00","67.20"
"1150929","3479","安勤","138.50","+2.50","137.00","140.00","135.00","1070000","148231500","853","138.00","138.50","73026088","152.00","125.00"
"1150929","3483","力致","77.50","0.00","77.50","78.00","76.10","219000","16873700","186","77.50","77.70","99049257","85.20","69.80"
"1150929","3484","崧騰","46.75","+0.50","46.20","47.10","46.20","127000","5947700","99","46.70","46.90","78828189","51.40","42.10"
"1150929","3485","敘豐","201.00","+1.00","200.00","215.50","197.00","127000","26402000","122","200.50","204.00","38500850","221.00","181.00"
"1150929","3489","森寶","23.25","+0.60","22.90","23.45","22.40","170000","3943750","68","23.20","23.25","90452155","25.55","20.95"
"1150929","3490","單井","45.10","+0.05","44.85","46.45","44.85","4275000","195456200","2025","45.10","45.15","55006435","49.60","40.60"
"1150929","3491","昇達科","1510.00","-45.00","1595.00","1630.00","1510.00","1501000","2333410000","1364","1510.00","1515.00","68805125","1660.00","1360.00"
"1150929","3492","長盛","19.05","-0.10","19.15","19.15","19.00","8000","152450","6","19.20","19.30","35531600","20.95","17.15"
"1150929","3498","陽程","235.00","+21.00","216.00","235.00","212.00","4753000","1081959000","3543","235.00","0.00","61273008","258.50","211.50"
"1150929","3499","環天科","13.70","0.00","13.50","13.70","13.50","5000","68150","5","13.50","13.70","54970596","15.05","12.35"
"1150929","3508","位速","25.95","-0.25","25.30","26.70","25.00","549000","14023700","302","25.90","25.95","108866737","28.50","23.40"
"1150929","3511","矽瑪","19.45","+0.05","19.55","19.80","19.35","101000","1976350","68","19.30","19.50","79972945","21.35","17.55"
"1150929","3512","皇龍","19.20","-0.05","19.20","19.25","19.20","8000","153650","8","19.10","19.25","113072372","21.10","17.30"
"1150929","3516","亞帝歐","25.00","-0.10","25.00","25.00","25.00","7000","175000","7","24.90","25.00","59560874","27.50","22.50"
"1150929","3520","華盈","17.10","-0.10","17.35","17.50","17.00","171000","2928600","98","17.05","17.15","68846778","18.80","15.40"
"1150929","3521","台鋼建設","11.75","-0.05","11.70","11.80","11.65","37000","431900","20","11.70","11.80","185765552","12.90","10.60"
"1150929","3522","御嵿","12.55","-0.10","12.65","12.65","12.25","176000","2179950","72","12.50","12.60","104096209","13.80","11.30"
"1150929","3523","迎輝","14.95","0.00","14.95","14.95","14.90","16000","239150","6","14.50","14.90","64257868","16.40","13.50"
"1150929","3526","凡甲","270.50","+0.50","270.50","273.50","268.50","155000","42009500","135","270.00","271.50","67302693","297.50","243.50"
"1150929","3527","聚積","51.60","+0.60","51.00","51.60","50.90","41000","2094500","29","51.40","51.60","44445125","56.70","46.45"
"1150929","3529","力旺","3305.00","+75.00","3175.00","3410.00","3145.00","2139000","7111785000","2056","3305.00","3310.00","74686492","3635.00","2975.00"
"1150929","3531","先益","----","---","----","----","----","0","0","0","20.85","21.25","61175011","23.35","19.15"
"1150929","3537","堡達","52.60","-0.60","52.30","54.00","52.30","67000","3544700","53","52.60","52.70","56242979","57.80","47.35"
"1150929","3540","曜越","22.70","-0.05","22.75","23.00","22.65","202000","4602650","152","22.70","22.90","84458548","24.95","20.45"
"1150929","3541","西柏","24.45","-0.05","24.80","24.80","24.35","82000","2014000","56","24.45","24.65","56349142","26.85","22.05"
"1150929","3546","宇峻","72.70","-0.40","72.50","73.00","72.50","42000","3053100","31","72.60","72.70","61348690","79.90","65.50"
"1150929","3548","兆利","77.10","0.00","77.10","77.50","76.30","109000","8367300","89","76.90","77.10","67744175","84.80","69.40"
"1150929","3551","世禾","186.50","+4.00","181.00","191.00","181.00","927000","174542500","735","186.50","187.00","62274890","205.00","168.00"
"1150929","3552","同致","43.45","-1.95","44.20","44.90","43.20","622000","27137000","502","43.40","43.45","97918334","47.75","39.15"
"1150929","3555","博士旺","168.00","+2.00","166.00","171.00","165.00","62000","10394500","52","166.50","169.50","39998797","184.50","151.50"
"1150929","3556","禾瑞亞","57.90","+0.40","57.70","58.30","57.30","105000","6075900","94","57.70","57.90","63702844","63.60","52.20"
"1150929","3558","神準","124.50","+2.50","121.00","124.50","121.00","52000","6423500","48","124.50","125.00","59060881","136.50","112.50"
"1150929","3564","其陽","50.40","+0.95","49.75","50.70","49.75","270000","13590050","218","50.30","50.40","59123100","55.40","45.40"
"1150929","3567","逸昌","25.80","+0.20","25.60","26.40","25.00","355000","9093400","184","25.70","25.80","33954000","28.35","23.25"
"1150929","3570","大塚","167.00","-1.00","168.00","168.50","167.00","11000","1842000","10","167.00","167.50","17097000","183.50","150.50"
"1150929","3577","泓格","122.00","+8.00","114.00","125.00","112.50","996000","121994500","691","122.00","122.50","63965653","134.00","110.00"
"1150929","3580","友威科","111.00","+9.00","102.50","111.50","100.50","3234000","349601500","2355","110.50","111.00","39470657","122.00","99.90"
"1150929","3581","博磊","106.50","+2.50","103.00","109.00","102.50","213000","22776000","171","106.00","106.50","51006000","117.00","95.90"
"1150929","3587","閎康","239.50","+1.00","240.00","241.00","236.50","283000","67714500","237","239.50","240.00","71684696","263.00","216.00"
"1150929","3594","磐儀","47.20","+0.50","46.30","48.00","46.30","249000","11830650","214","47.20","47.35","95948358","51.90","42.50"
"1150929","3597","映興","27.85","+0.15","26.80","28.15","26.75","44000","1223350","35","27.70","27.85","39236440","30.60","25.10"
"1150929","3609","三一東林","23.50","+0.45","23.00","23.90","22.90","52000","1208950","47","23.00","23.50","38419387","25.85","21.15"
"1150929","3611","鼎翰","183.00","0.00","183.00","183.00","182.00","23000","4205000","18","182.50","183.50","47554634","201.00","165.00"
"1150929","3615","安可","41.65","+3.75","37.80","41.65","37.50","3457000","140322650","2081","41.65","0.00","68466976","45.80","37.50"
"1150929","3623","富晶通","29.15","+0.85","28.40","29.50","28.40","322000","9319650","204","29.00","29.20","29185946","32.05","26.25"
"1150929","3624","光頡","140.00","0.00","139.00","143.50","138.00","18945000","2670076000","12520","139.50","140.00","117340842","154.00","126.00"
"1150929","3625","西勝","11.20","-0.30","11.10","11.30","10.90","520000","5737600","124","11.05","11.20","114246765","12.30","10.10"
"1150929","3628","盈正","72.90","-1.40","74.20","74.20","72.90","54000","3974800","48","72.90","73.20","45000000","80.10","65.70"
"1150929","3629","地心引力","17.30","-0.90","17.30","17.30","17.30","1000","17300","1","17.10","18.00","32954782","19.00","15.60"
"1150929","3630","新鉅科","26.65","-0.35","27.20","27.20","26.55","332000","8872650","233","26.65","26.75","204191848","29.30","24.00"
"1150929","3631","晟楠","39.95","-0.20","40.00","40.40","39.65","64000","2551750","56","39.90","39.95","81820909","43.90","36.00"
"1150929","3632","研勤","7.19","-0.01","7.20","7.20","7.19","11000","79120","8","7.19","7.20","40889738","7.90","6.48"
"1150929","3646","艾恩特","24.80","+0.05","24.95","24.95","24.75","6000","148800","5","24.65","24.75","39297371","27.25","22.35"
"1150929","3663","鑫科","62.40","+0.90","61.40","63.50","61.00","546000","34104600","403","62.30","62.40","108494074","68.60","56.20"
"1150929","3664","安瑞-KY","8.86","0.00","8.91","8.91","8.86","91000","807180","28","8.83","8.86","75945377","9.74","7.98"
"1150929","3666","光耀","25.30","+0.10","25.20","25.30","25.00","40000","1007600","32","25.25","25.30","138949850","27.80","22.80"
"1150929","3672","康聯訊","12.50","-0.10","13.00","13.00","12.50","16000","202600","11","12.15","12.40","40790375","13.75","11.25"
"1150929","3675","德微","334.00","-1.00","337.50","354.50","331.00","2712000","924110500","2339","333.50","334.50","53057923","367.00","301.00"
"1150929","3680","家登","548.00","+6.00","536.00","555.00","536.00","1018000","557873000","890","547.00","549.00","96211690","602.00","493.50"
"1150929","3684","榮昌","53.40","+0.20","53.10","53.40","52.90","6000","318700","6","53.00","53.40","30309737","58.70","48.10"
"1150929","3685","元創精密","35.20","0.00","35.20","35.50","34.15","322000","11149450","195","35.15","35.20","79574000","38.70","31.70"
"1150929","3687","歐買尬","60.30","0.00","60.30","60.90","59.90","28000","1691700","27","60.30","60.90","30124059","66.30","54.30"
"1150929","3689","湧德","110.00","-0.50","110.00","111.00","109.50","262000","28897000","183","110.00","110.50","89508815","121.00","99.00"
"1150929","3691","碩禾","118.50","-2.50","120.50","126.00","118.50","1317000","159938500","1012","118.50","119.00","91883420","130.00","107.00"
"1150929","3693","營邦","702.00","-27.00","719.00","734.00","701.00","1265000","898060000","1106","702.00","703.00","42990694","772.00","632.00"
"1150929","3707","漢磊","72.90","+0.10","72.50","74.50","72.30","20438000","1497329200","13117","72.80","72.90","400746192","80.10","65.70"
"1150929","3709","鑫聯大投控","64.00","+0.90","64.00","64.20","63.40","232000","14810100","160","63.90","64.00","145569450","70.40","57.60"
"1150929","3710","連展投控","8.52","+0.70","7.65","8.55","7.65","401000","3265270","195","8.52","8.54","177086787","9.37","7.67"
"1150929","3713","新晶投控","13.90","-0.10","13.80","13.95","13.15","45000","610350","32","13.55","13.90","88099380","15.25","12.55"
"1150929","3718","中光電投控","64.60","-0.50","65.10","65.80","64.60","1098000","71504900","747","64.60","64.70","390981110","71.00","58.20"
"1150929","4102","永日","18.35","-0.15","18.35","18.45","18.25","7000","128750","6","18.25","18.45","42373443","20.15","16.55"
"1150929","4105","東洋","78.80","+0.50","78.60","78.90","78.00","289000","22737900","220","78.60","78.80","248649959","86.60","71.00"
"1150929","4107","邦特","110.50","+0.50","110.50","111.00","110.00","41000","4518000","37","110.00","110.50","69298336","121.50","99.50"
"1150929","4109","加捷生醫","11.05","0.00","11.10","11.10","10.95","54000","596050","34","11.00","11.05","118736681","12.15","9.95"
"1150929","4111","濟生","28.80","+0.10","28.70","28.85","28.65","17000","489250","17","28.75","28.85","59832135","31.65","25.95"
"1150929","4113","聯上","15.55","0.00","15.50","15.55","15.35","617000","9528400","79","15.50","15.55","231138137","17.10","14.00"
"1150929","4114","健喬","29.30","-0.10","29.40","29.50","29.30","586000","17222050","311","29.30","29.35","550429688","32.20","26.40"
"1150929","4116","明基醫","39.40","+0.10","39.40","39.80","39.40","11000","434100","11","39.45","39.60","44566000","43.30","35.50"
"1150929","4120","友華","46.10","+0.10","45.70","46.10","45.70","4000","183200","4","45.80","46.40","86747119","50.70","41.50"
"1150929","4121","優盛","12.75","-0.05","12.55","12.80","12.55","18000","229400","18","12.65","12.80","83111045","14.00","11.50"
"1150929","4123","晟德","31.00","+0.05","31.00","31.25","30.85","1009000","31282650","620","30.95","31.00","807456341","34.10","27.90"
"1150929","4126","太醫","77.90","+0.10","77.90","77.90","77.80","8000","622800","7","77.80","77.90","72600000","85.60","70.20"
"1150929","4127","天良","47.50","-1.20","49.15","49.15","46.60","309000","14681950","226","47.40","47.50","45760000","52.20","42.75"
"1150929","4128","中天","15.00","+0.15","14.65","15.15","14.65","1191000","17909600","570","15.00","15.05","588170597","16.50","13.50"
"1150929","4129","聯合","82.90","+0.60","82.40","83.40","82.40","124000","10262200","102","82.90","83.00","96437650","91.10","74.70"
"1150929","4131","浩泰","31.95","-0.05","31.40","32.45","30.95","20000","630350","15","31.05","31.95","39879000","35.10","28.80"
"1150929","4138","曜亞","55.10","-1.20","56.80","56.90","55.10","52000","2909200","43","55.10","55.20","39930000","60.60","49.60"
"1150929","4139","馬光-KY","41.65","+0.10","41.45","42.10","40.60","63000","2610250","47","41.20","41.70","45009911","45.80","37.50"
"1150929","4147","中裕","63.00","+0.90","62.10","63.60","61.60","575000","36221800","400","62.90","63.00","273202425","69.30","56.70"
"1150929","4153","鈺緯","31.50","-0.10","31.40","31.50","31.40","4000","125800","4","31.50","31.60","58668197","34.65","28.35"
"1150929","4154","樂威科-KY","12.90","+1.05","11.80","13.00","11.80","52000","645900","16","12.20","12.90","38390000","14.15","11.65"
"1150929","4157","太景*-KY","8.68","-0.17","8.89","8.92","8.68","761000","6664740","326","8.68","8.69","711833575","9.54","7.82"
"1150929","4160","訊聯基因","39.05","-0.40","39.30","39.30","39.05","5000","195650","5","39.05","39.40","28013734","42.95","35.15"
"1150929","4161","聿新科","22.05","-0.20","22.40","22.45","21.95","40000","883950","35","22.00","22.10","59808204","24.25","19.85"
"1150929","4162","智擎","55.40","-0.10","55.30","55.70","55.10","110000","6090600","91","55.40","55.50","143677640","60.90","49.90"
"1150929","4163","鐿鈦","135.00","+1.00","133.50","135.00","133.50","22000","2960000","22","134.50","135.50","50679643","148.50","121.50"
"1150929","4166","友霖","23.85","-0.15","24.00","24.00","23.75","24000","573450","14","23.75","24.00","243035089","26.20","21.50"
"1150929","4167","松瑞藥","19.55","+0.15","19.50","19.60","19.40","535000","10434550","230","19.50","19.55","331554307","21.50","17.60"
"1150929","4168","醣聯","21.70","-0.25","21.95","21.95","21.65","35000","761100","27","21.70","21.80","112521318","23.85","19.55"
"1150929","4171","瑞基","16.50","+0.25","16.25","16.50","16.10","31000","504100","23","16.45","16.50","58057469","18.15","14.85"
"1150929","4173","久裕","17.10","0.00","17.10","17.10","16.95","50000","851350","33","17.05","17.10","74574355","18.80","15.40"
"1150929","4174","浩鼎","35.65","+3.20","32.65","35.65","32.45","1503000","52129500","807","35.65","0.00","131579687","39.20","32.10"
"1150929","4175","杏一","50.50","-0.50","51.00","51.00","50.50","13000","658700","9","50.90","51.10","42323307","55.50","45.45"
"1150929","4183","福永生技","13.95","+0.65","13.30","13.95","13.30","7000","95650","7","13.45","14.15","23800000","15.30","12.60"
"1150929","4188","安克","13.90","-0.30","13.85","14.25","13.60","123000","1700700","73","13.90","13.95","63332900","15.25","12.55"
"1150929","4192","杏國","18.45","+0.30","18.45","18.45","17.65","5000","90650","5","18.00","19.25","35164500","20.25","16.65"
"1150929","4198","欣大健康","49.90","+0.10","50.00","50.00","48.35","21000","1038800","21","49.90","50.00","24108000","54.80","44.95"
"1150929","4205","中華食","68.50","0.00","68.20","68.50","68.20","10000","683800","10","68.30","68.50","97649228","75.30","61.70"
"1150929","4207","環泰","19.45","-0.10","19.40","19.50","19.30","168000","3257800","43","19.30","19.45","198538008","21.35","17.55"
"1150929","4303","信立","33.40","-0.65","34.50","34.50","33.05","768000","25876700","529","33.40","33.55","132447444","36.70","30.10"
"1150929","4304","勝昱","17.70","-0.30","18.30","18.45","17.65","38000","678250","29","17.65","17.85","61038065","19.45","15.95"
"1150929","4305","世坤","41.75","-0.20","41.95","41.95","41.55","3000","125250","3","41.55","41.95","55014000","45.90","37.60"
"1150929","4401","東隆興","13.85","+0.20","13.90","13.95","13.65","22000","304950","16","13.80","13.85","122692012","15.20","12.50"
"1150929","4402","郡都開發","14.15","+0.05","13.65","14.40","13.60","12000","167950","10","13.90","14.15","67991830","15.55","12.75"
"1150929","4406","新昕纖","10.25","0.00","10.25","10.25","10.25","36000","369000","10","10.20","10.25","51912000","11.25","9.23"
"1150929","4413","飛寶企業","20.50","-0.65","20.50","21.15","20.30","65000","1341750","27","20.50","20.90","31314689","22.55","18.45"
"1150929","4416","三圓","13.75","+0.05","13.80","14.30","13.75","939000","13151700","522","13.75","13.85","73586213","15.10","12.40"
"1150929","4417","金洲","49.65","-0.15","50.00","50.00","49.65","43000","2137000","24","49.65","49.75","83971399","54.60","44.70"
"1150929","4419","皇家美食","49.00","+2.00","47.00","49.00","46.95","77000","3694450","43","48.50","49.00","169163133","53.90","44.10"
"1150929","4420","光明","35.80","0.00","35.55","35.80","35.55","8000","285900","8","35.75","35.80","40455000","39.35","32.25"
"1150929","4430","耀億","17.80","+0.50","17.65","18.00","17.65","31000","554400","26","17.80","17.95","56273609","19.55","16.05"
"1150929","4432","銘旺實","15.40","-0.10","15.50","15.55","15.25","31000","476750","21","15.40","15.45","50589000","16.90","13.90"
"1150929","4433","興采","18.05","-0.25","18.25","18.25","17.95","15000","271300","15","18.00","18.15","61299774","19.85","16.25"
"1150929","4442","竣邦-KY","53.20","-0.80","53.70","53.70","53.10","13000","694000","11","53.10","53.30","32739154","58.50","47.90"
"1150929","4502","健信","15.70","0.00","15.65","15.75","15.65","5000","78450","5","15.65","15.75","57469686","17.25","14.15"
"1150929","4503","金雨","24.00","-0.10","24.40","24.75","23.90","114000","2763300","85","24.00","24.05","78313326","26.40","21.60"
"1150929","4506","崇友","118.00","-0.50","118.50","118.50","117.50","40000","4715000","39","118.00","118.50","177012000","129.50","106.50"
"1150929","4510","高鋒","43.05","-0.05","42.95","43.90","42.95","294000","12735900","220","43.05","43.25","108977724","47.35","38.75"
"1150929","4513","福裕","16.30","-0.15","16.50","16.70","16.20","183000","2990600","137","16.25","16.30","143761921","17.90","14.70"
"1150929","4523","永彰","23.85","+0.25","23.50","24.00","23.50","32000","761800","21","23.75","23.85","64949000","26.20","21.50"
"1150929","4527","方土霖","40.90","+0.05","40.55","40.90","40.55","16000","653000","12","40.80","40.85","76152370","44.95","36.85"
"1150929","4528","江興鍛","14.85","-0.10","14.85","14.90","14.85","15000","222950","13","14.80","14.85","84165695","16.30","13.40"
"1150929","4529","淳紳","3.33","+0.03","3.33","3.33","3.33","5000","16650","3","3.32","3.43","84549096","3.66","3.00"
"1150929","4530","天意能創","24.20","+0.10","23.50","24.25","23.45","9000","215350","9","23.80","24.25","35794959","26.60","21.80"
"1150929","4533","協易機","25.50","+0.35","25.35","25.55","24.90","438000","11059500","299","25.45","25.50","178434110","28.05","22.95"
"1150929","4534","慶騰","31.30","-0.30","31.20","32.25","30.60","788000","24703150","376","30.75","31.35","86788948","34.40","28.20"
"1150929","4535","至興","26.80","0.00","26.70","27.00","26.55","14000","373300","11","26.75","26.90","75661740","29.45","24.15"
"1150929","4538","大詠城","17.55","+0.05","17.50","17.55","17.35","10000","174500","10","17.45","17.55","59469604","19.30","15.80"
"1150929","4541","晟田","59.30","0.00","59.30","60.30","59.20","513000","30630300","374","59.30","59.50","72647068","65.20","53.40"
"1150929","4542","科嶠","339.00","+11.00","329.00","342.00","329.00","519000","174998500","469","338.50","339.00","35317412","372.50","305.50"
"1150929","4543","萬在","28.50","+0.05","28.55","28.70","28.45","165000","4703350","51","28.45","28.50","62760915","31.35","25.65"
"1150929","4549","桓達","96.20","-0.90","97.00","97.00","95.60","28000","2690800","25","96.20","96.90","58142493","105.50","86.60"
"1150929","4550","長佳","24.15","+0.15","24.00","24.15","24.00","5000","120450","4","24.05","24.10","37838783","26.55","21.75"
"1150929","4554","橙的","28.05","-0.20","28.25","28.25","28.05","21000","590250","21","28.00","28.35","30276584","30.85","25.25"
"1150929","4556","旭然","92.40","+0.30","92.10","97.40","92.10","565000","53144900","475","92.30","92.60","42302840","101.50","83.20"
"1150929","4558","寶緯","16.90","-0.20","17.10","17.20","16.90","28000","477450","16","16.90","17.00","50000000","18.55","15.25"
"1150929","4561","健椿","41.90","-0.40","42.00","42.75","41.65","66000","2776150","58","41.85","42.00","58521619","46.05","37.75"
"1150929","4563","百德","51.40","+0.20","51.30","52.60","50.80","231000","11920500","168","51.30","51.40","54950000","56.50","46.30"
"1150929","4568","科際精密","39.05","-0.15","39.15","39.20","39.05","4000","156600","4","38.70","39.15","32045125","42.95","35.15"
"1150929","4577","達航科技","84.00","+0.20","83.50","85.60","83.50","167000","14078600","123","84.00","84.30","49137998","92.40","75.60"
"1150929","4580","捷流閥業","81.00","+0.20","80.50","81.00","80.50","32000","2583200","28","80.80","81.00","46803109","89.10","72.90"
"1150929","4584","君帆","----","---","----","----","----","0","0","0","37.05","39.40","30002400","40.75","33.35"
"1150929","4609","唐鋒","----","---","----","----","----","0","0","0","3.96","4.42","47946820","4.67","3.83"
"1150929","4702","中美實","9.32","-0.02","9.44","9.44","9.22","12000","111820","11","9.32","9.34","72333200","10.25","8.39"
"1150929","4706","大恭","33.85","-0.15","33.85","33.85","33.85","1000","33850","1","33.40","34.25","79030093","37.20","30.50"
"1150929","4707","磐亞","29.65","-0.35","29.95","30.35","29.20","1435000","42650150","825","29.65","29.70","413808151","32.60","26.70"
"1150929","4711","永純","16.20","-0.15","16.25","16.25","16.10","47000","760300","30","16.20","16.30","61056000","17.80","14.60"
"1150929","4714","永捷","11.80","-0.10","12.05","12.05","11.80","748000","8876650","302","11.80","11.90","221838188","12.95","10.65"
"1150929","4716","大立","16.90","-0.15","17.00","17.00","16.80","435000","7340500","175","16.90","16.95","94427191","18.55","15.25"
"1150929","4721","美琪瑪","79.80","+2.40","77.40","81.00","77.00","897000","71283200","640","79.70","79.80","74986304","87.70","71.90"
"1150929","4726","永昕","22.65","+0.30","22.35","22.65","22.10","87000","1941300","56","22.55","22.70","207041800","24.90","20.40"
"1150929","4728","雙美","399.50","+4.50","397.00","399.50","397.00","5000","1992500","4","394.50","397.00","54463000","439.00","360.00"
"1150929","4729","熒茂","18.80","0.00","18.80","19.00","18.70","71000","1339750","40","18.80","18.95","79226741","20.65","16.95"
"1150929","4735","豪展","36.20","+0.40","36.25","36.90","36.20","63000","2296700","44","36.20","36.40","41568758","39.80","32.60"
"1150929","4741","泓瀚","40.05","+2.25","38.00","41.25","38.00","183000","7318450","144","40.00","40.65","34812079","44.05","36.05"
"1150929","4743","合一","45.70","+0.95","45.00","46.30","44.80","1042000","47598650","750","45.65","45.70","480533486","50.20","41.15"
"1150929","4744","皇將","28.65","+0.60","28.05","28.80","27.95","66000","1863450","43","28.50","28.75","56948450","31.50","25.80"
"1150929","4745","合富-KY","12.10","+0.15","11.95","12.15","11.95","98000","1183200","54","12.05","12.10","69705547","13.30","10.90"
"1150929","4747","強生*","23.60","-0.20","23.50","23.60","23.05","33000","769150","30","23.20","24.00","90922064","25.95","21.25"
"1150929","4749","新應材","764.00","+36.00","728.00","780.00","725.00","995000","757876000","945","764.00","765.00","94732865","840.00","688.00"
"1150929","4754","國碳科","37.70","-0.10","37.80","37.80","37.30","23000","862150","14","37.55","37.70","30283215","41.45","33.95"
"1150929","4760","勤凱","260.00","-8.50","268.00","268.00","259.50","231000","60759500","196","260.00","260.50","32778289","286.00","234.00"
"1150929","4767","誠泰科技","28.30","+0.50","28.40","28.40","27.80","69000","1932950","62","28.10","28.15","31415000","31.10","25.50"
"1150929","4768","晶呈科技","357.50","+32.50","325.50","357.50","323.00","1589000","547317500","1323","357.50","0.00","48200288","393.00","322.00"
"1150929","4772","台特化","271.00","+22.50","252.00","273.00","250.00","2677000","713181000","2005","271.00","271.50","147681552","298.00","244.00"
"1150929","4903","聯光通","42.80","-0.20","42.75","44.30","42.20","6300000","273114350","4016","42.75","42.80","105343714","47.05","38.55"
"1150929","4905","台聯電","76.70","-0.90","77.00","78.10","76.40","11000","851200","11","76.70","77.20","29260044","84.30","69.10"
"1150929","4907","富宇","45.25","0.00","45.65","45.65","44.95","14000","634950","14","45.10","45.25","118145778","49.75","40.75"
"1150929","4908","前鼎","205.50","-4.50","208.50","212.00","205.00","1222000","253277500","1054","205.50","206.00","78216907","226.00","185.00"
"1150929","4909","新復興","35.80","+1.45","34.65","36.35","34.40","703000","24999050","579","35.80","35.85","93356864","39.35","32.25"
"1150929","4911","德英","28.45","-0.40","28.95","28.95","28.20","11000","313650","10","28.30","28.50","68817133","31.25","25.65"
"1150929","4923","力士","61.20","-2.80","62.40","63.70","60.60","939000","58035800","729","61.20","61.30","37373129","67.30","55.10"
"1150929","4924","欣厚-KY","15.00","-1.10","16.30","16.85","15.00","674000","10584750","434","15.00","15.10","37164409","16.50","13.50"
"1150929","4931","新盛力","246.00","+4.50","241.00","259.00","241.00","6580000","1647777000","5084","245.50","246.00","65565761","270.50","221.50"
"1150929","4933","友輝","53.40","+0.10","54.30","54.30","53.30","15000","804700","15","53.30","53.80","82662675","58.70","48.10"
"1150929","4939","亞電","75.30","+1.60","73.20","76.70","73.10","2986000","224582100","2189","75.30","75.40","98200868","82.80","67.80"
"1150929","4946","辣椒","102.00","+4.00","98.60","102.50","98.60","32000","3237500","30","101.00","101.50","8852816","112.00","91.80"
"1150929","4950","金耘國際","15.55","-0.20","15.50","15.55","15.50","4000","62050","4","15.50","15.75","57729107","17.10","14.00"
"1150929","4951","精拓科","90.20","+2.00","88.90","90.70","88.60","337000","30216000","304","90.10","90.20","34148713","99.20","81.20"
"1150929","4953","緯致","116.50","-1.00","117.00","117.50","116.00","130000","15174000","106","116.50","117.00","73147014","128.00","105.00"
"1150929","4966","譜瑞-KY","569.00","-3.00","575.00","575.00","569.00","220000","125636000","205","568.00","569.00","78957788","625.00","513.00"
"1150929","4971","IET-KY","540.00","-12.00","543.00","555.00","539.00","581000","316538000","534","540.00","543.00","47185743","594.00","486.00"
"1150929","4972","湯石照明","16.35","0.00","16.30","16.35","16.30","8000","130750","5","16.30","16.35","56888587","17.95","14.75"
"1150929","4973","廣穎","135.00","+1.00","134.00","135.50","132.50","297000","39728500","240","134.50","135.50","65292843","148.50","121.50"
"1150929","4974","亞泰","70.60","+0.10","70.20","70.80","70.00","41000","2893100","39","70.50","70.60","72500104","77.60","63.60"
"1150929","4979","華星光","567.00","+4.00","560.00","570.00","556.00","921000","521291000","766","567.00","568.00","142820039","623.00","511.00"
"1150929","4991","環宇-KY","474.50","+11.00","455.00","493.00","455.00","4165000","1985911000","3474","474.50","476.50","121343559","521.00","427.50"
"1150929","4995","晶達","50.10","+0.30","49.10","50.50","49.10","50000","2505650","10","49.60","50.70","42592036","55.10","45.10"
"1150929","5009","榮剛","32.60","+0.60","32.10","32.75","32.00","1480000","48034400","812","32.55","32.60","602471197","35.85","29.35"
"1150929","5011","久陽","18.75","+0.45","18.40","18.90","18.35","183000","3397650","101","18.75","18.80","100673922","20.60","16.90"
"1150929","5013","強新","35.25","+3.20","34.70","35.25","32.95","1125000","39317250","238","35.25","0.00","133416000","38.75","31.75"
"1150929","5014","建錩","10.20","+0.29","9.98","10.40","9.98","540000","5520300","212","10.15","10.20","183265054","11.20","9.18"
"1150929","5015","華祺","21.35","-0.15","21.50","21.60","21.10","16000","341550","11","21.30","21.40","60639189","23.45","19.25"
"1150929","5016","松和","24.80","+0.15","24.80","24.80","24.80","5000","124000","3","24.85","24.90","49622076","27.25","22.35"
"1150929","5201","凱衛","29.55","+0.25","29.95","29.95","28.95","30000","883500","25","29.35","29.70","38674600","32.50","26.60"
"1150929","5202","力新","14.25","-0.35","14.60","14.60","14.10","459000","6554350","286","14.25","14.30","89094000","15.65","12.85"
"1150929","5205","中茂","----","---","----","----","----","0","0","0","16.10","17.20","13500000","18.90","15.50"
"1150929","5206","坤悅","22.75","-0.10","22.80","22.85","22.60","95000","2159150","73","22.70","22.75","201093375","25.00","20.50"
"1150929","5209","新鼎","166.50","0.00","166.50","167.50","166.50","52000","8683500","43","166.50","167.00","28663072","183.00","150.00"
"1150929","5210","寶碩","30.25","+0.30","29.95","30.60","29.95","341000","10312550","176","30.20","30.25","82177779","33.25","27.25"
"1150929","5211","蒙恬","20.20","+0.10","20.10","20.20","20.10","2000","40300","2","20.15","20.25","32024727","22.20","18.20"
"1150929","5212","凌網","48.90","+0.90","48.50","49.00","48.50","21000","1026700","17","48.50","49.30","34633000","53.70","44.05"
"1150929","5213","亞昕","20.80","0.00","20.85","21.00","20.60","108000","2248250","60","20.65","20.80","762148960","22.85","18.75"
"1150929","5220","萬達光電","22.00","+2.00","20.10","22.00","20.10","453000","9809950","236","22.00","0.00","39667000","24.20","19.80"
"1150929","5223","安力-KY","23.00","+0.35","22.45","23.10","22.45","3000","68550","3","22.75","23.00","44549781","25.30","20.70"
"1150929","5227","立凱-KY","30.65","+0.55","30.20","32.10","30.20","243000","7614750","154","30.65","30.75","96000000","33.70","27.60"
"1150929","5228","鈺鎧","39.35","-0.40","39.80","40.10","39.35","63000","2497450","62","39.30","39.55","38056253","43.25","35.45"
"1150929","5230","雷笛克光學","22.15","-1.15","23.30","23.60","22.05","1546000","34903400","1001","22.15","22.20","56303831","24.35","19.95"
"1150929","5245","智晶","20.60","-0.40","21.00","21.00","20.55","56000","1158150","44","20.60","20.65","45127141","22.65","18.55"
"1150929","5251","天鉞電","30.00","-0.55","30.55","30.55","29.90","109000","3283100","93","29.95","30.25","33733377","33.00","27.00"
"1150929","5263","智崴","89.60","-0.50","89.60","89.80","88.50","231000","20577700","181","89.60","89.70","78936891","98.50","80.70"
"1150929","5272","笙科","17.15","-0.05","17.20","17.20","17.05","49000","838050","33","17.00","17.20","55276118","18.85","15.45"
"1150929","5274","信驊","19395.00","-440.00","20430.00","20430.00","19040.00","229000","4491560000","228","19395.00","19405.00","41582953","21330.00","17460.00"
"1150929","5276","達輝-KY","----","---","----","----","----","0","0","0","17.50","18.45","39500000","20.25","16.65"
"1150929","5278","尚凡*","23.90","+0.40","23.70","23.95","23.70","47000","1119800","29","23.85","23.90","300000000","26.25","21.55"
"1150929","5287","數字","137.50","+0.50","137.50","138.00","136.50","60000","8238000","48","137.00","137.50","65738500","151.00","124.00"
"1150929","5289","宜鼎","1280.00","-25.00","1305.00","1330.00","1280.00","820000","1064970000","731","1280.00","1285.00","98335431","1405.00","1155.00"
"1150929","5291","邑昇","58.80","+1.50","57.70","59.20","57.70","210000","12336100","155","58.70","59.00","41890606","64.60","53.00"
"1150929","5299","杰力","100.00","-1.50","101.50","102.50","100.00","150000","15180000","121","100.00","100.50","51064781","110.00","90.00"
"1150929","5301","寶得利","4.99","+0.03","4.92","4.99","4.90","25000","123530","7","4.80","4.97","65890304","5.48","4.50"
"1150929","5302","太欣","9.72","-0.08","9.80","9.81","9.70","143000","1391600","63","9.72","9.74","159888349","10.65","8.75"
"1150929","5309","系統電","59.10","+5.30","53.50","59.10","53.50","12794000","744997100","5818","59.10","0.00","231653594","65.00","53.20"
"1150929","5310","天剛","29.00","+1.05","28.70","29.65","28.40","287000","8314450","164","28.95","29.40","28943517","31.90","26.10"
"1150929","5312","寶島科","89.90","-0.60","90.10","90.50","89.90","7000","630800","6","89.80","90.40","60059898","98.80","81.00"
"1150929","5314","世紀*","27.45","+1.05","26.00","27.50","26.00","9198000","247573800","3940","27.40","27.45","1205960000","30.15","24.75"
"1150929","5315","光聯","18.70","-0.15","19.00","19.00","18.70","129000","2421900","73","18.70","18.80","106351832","20.55","16.85"
"1150929","5321","美而快","67.50","-2.20","68.60","69.90","67.50","210000","14328000","164","67.50","67.60","59543149","74.20","60.80"
"1150929","5324","士開","12.40","-0.05","12.45","12.45","12.40","25000","310900","16","12.40","12.45","226379090","13.60","11.20"
"1150929","5328","華容","52.30","-0.20","52.20","53.70","51.80","1707000","89666100","1210","52.30","52.40","172710724","57.50","47.10"
"1150929","5340","建榮","80.50","-0.80","81.30","81.70","80.50","692000","55927200","535","80.40","80.50","194893964","88.50","72.50"
"1150929","5344","立衛","13.35","-0.25","13.35","13.40","13.30","48000","640100","37","13.35","13.50","79447460","14.65","12.05"
"1150929","5345","馥鴻","22.00","+0.35","20.30","22.00","20.30","9000","191900","6","22.05","23.00","37795000","24.20","19.80"
"1150929","5347","世界","178.50","+8.00","172.50","182.50","170.50","33705000","6038446500","18382","178.50","179.00","1878502192","196.00","161.00"
"1150929","5348","正能量智能","16.35","+0.10","16.15","16.35","16.15","3000","48750","3","15.60","16.25","14775917","17.95","14.75"
"1150929","5351","鈺創","109.50","+1.50","106.50","110.00","106.00","3356000","363037500","2265","109.00","109.50","328770781","120.00","98.60"
"1150929","5353","台林","28.45","+0.30","28.60","28.60","28.10","15000","425300","13","28.20","28.30","75765000","31.25","25.65"
"1150929","5355","佳總","7.00","+0.20","6.98","7.00","6.80","175000","1206620","43","6.90","7.00","166122792","7.70","6.30"
"1150929","5356","協益","25.50","-0.35","25.60","25.65","25.45","141000","3602250","66","25.50","25.55","103040000","28.05","22.95"
"1150929","5364","力麗店","8.35","+0.02","8.33","8.38","8.28","21000","175260","19","8.34","8.35","63849940","9.18","7.52"
"1150929","5381","光譜","23.20","-0.05","23.45","23.50","23.20","191000","4458750","125","23.15","23.20","207690562","25.50","20.90"
"1150929","5386","青雲","285.00","0.00","285.50","287.00","281.00","335000","95256500","308","285.00","285.50","54121322","313.50","256.50"
"1150929","5392","能率","39.40","+0.05","39.50","39.70","39.30","377000","14868200","266","39.35","39.45","180093388","43.30","35.50"
"1150929","5398","慕康生醫","13.90","0.00","13.90","13.90","13.65","38000","523350","23","13.80","14.00","49465460","15.25","12.55"
"1150929","5403","中菲","92.90","-0.10","93.00","93.40","92.00","27000","2505000","27","92.70","93.00","78176123","102.00","83.70"
"1150929","5410","國眾","33.20","+0.20","33.00","33.25","33.00","113000","3749600","79","33.20","33.25","93368623","36.50","29.90"
"1150929","5425","台半","95.80","+1.30","94.00","96.70","93.70","6511000","623667900","4344","95.70","95.80","263485486","105.00","86.30"
"1150929","5426","振發","27.80","-0.10","27.90","28.40","27.65","251000","7003800","187","27.80","27.85","143800000","30.55","25.05"
"1150929","5432","新門","160.50","-7.00","163.50","164.00","160.00","77000","12466500","68","160.50","162.50","20687804","176.50","144.50"
"1150929","5438","東友","17.00","-0.10","17.00","17.00","16.70","54000","916100","19","16.85","17.00","112536565","18.70","15.30"
"1150929","5439","高技","253.00","0.00","253.00","253.50","249.00","489000","122801500","399","252.50","253.00","92976751","278.00","228.00"
"1150929","5443","均豪","109.50","+2.50","106.50","112.00","106.50","2039000","224280000","1360","109.00","109.50","164746644","120.00","98.60"
"1150929","5450","南良","14.75","-0.10","14.85","15.00","14.60","79000","1164400","70","14.65","14.75","122403239","16.20","13.30"
"1150929","5452","佶優","27.15","-0.35","27.50","27.55","27.10","175000","4773200","138","27.10","27.20","148763669","29.85","24.45"
"1150929","5455","昇益","30.70","+0.15","30.35","30.70","30.35","2000","61050","2","30.00","30.95","65501813","33.75","27.65"
"1150929","5457","宣德","23.50","-0.35","23.90","23.90","23.40","517000","12161300","293","23.45","23.50","196428800","25.85","21.15"
"1150929","5460","同協","16.90","+0.05","16.95","16.95","16.85","10000","169250","9","16.75","16.85","58778130","18.55","15.25"
"1150929","5464","霖宏","90.00","+1.10","89.50","95.50","89.10","1016000","93486000","557","89.90","90.00","71071490","99.00","81.00"
"1150929","5465","富驊","34.70","+0.50","35.35","36.95","34.25","3224000","114627600","2073","34.70","34.75","147682629","38.15","31.25"
"1150929","5468","凱鈺","25.55","+1.00","24.55","25.85","24.55","192000","4817350","102","25.50","25.75","58922909","28.10","23.00"
"1150929","5474","聰泰","158.00","-3.00","161.00","162.00","157.50","107000","17054500","100","158.00","160.00","39756944","173.50","142.50"
"1150929","5475","德宏","180.50","-0.50","182.00","184.00","179.50","2480000","449234000","1825","180.50","181.00","127127017","198.50","162.50"
"1150929","5478","智冠","97.00","0.00","97.10","97.20","97.00","28000","2717400","25","97.00","97.10","156074332","106.50","87.30"
"1150929","5481","新華","22.00","+0.10","21.80","22.00","21.80","65000","1424550","34","22.00","22.10","71402891","24.20","19.80"
"1150929","5483","中美晶","189.00","+0.50","187.00","192.00","186.00","12956000","2457071000","8042","189.00","189.50","641221651","207.50","170.50"
"1150929","5487","通泰","28.50","-0.35","28.85","29.00","28.50","9000","258300","7","28.60","28.70","24222516","31.35","25.65"
"1150929","5488","松普","11.75","-0.10","11.75","11.85","11.65","104000","1224700","73","11.75","11.80","91586124","12.90","10.60"
"1150929","5489","彩富","42.20","-1.80","42.50","44.00","42.20","69000","2953100","54","42.15","42.65","102706441","46.40","38.00"
"1150929","5490","同亨","25.45","0.00","25.65","25.75","25.35","213000","5445400","134","25.45","25.65","96152201","27.95","22.95"
"1150929","5493","三聯","90.60","-2.20","93.90","94.10","90.40","200000","18477900","193","90.60","90.80","43689255","99.60","81.60"
"1150929","5498","凱崴","49.85","-0.25","49.90","50.30","49.45","799000","39846750","545","49.85","49.95","193548545","54.80","44.90"
"1150929","5508","永信建","53.00","-0.20","53.60","53.60","52.30","203000","10724200","139","52.80","53.00","217428133","58.30","47.70"
"1150929","5511","德昌","69.70","-0.40","69.70","70.30","69.30","87000","6068300","47","69.60","69.80","136000000","76.60","62.80"
"1150929","5512","力麒","7.70","-0.01","7.71","7.71","7.68","482000","3707510","121","7.69","7.70","766312494","8.47","6.93"
"1150929","5514","三豐","15.10","+0.20","15.10","15.10","15.10","1000","15100","1","15.05","15.35","236118280","16.60","13.60"
"1150929","5516","雙喜","12.00","-0.35","12.00","12.00","12.00","3000","36000","2","11.90","12.00","51545223","13.20","10.80"
"1150929","5520","力泰","83.20","0.00","83.20","83.20","83.20","2000","166400","2","83.30","84.00","59975245","91.50","74.90"
"1150929","5523","豐謙","30.35","0.00","30.25","30.35","30.20","19000","575350","15","30.20","30.35","155001464","33.35","27.35"
"1150929","5529","鉅陞","26.50","+0.25","26.45","26.60","26.25","157000","4155600","62","26.40","26.50","105769350","29.15","23.85"
"1150929","5530","龍巖","48.75","-0.10","49.00","49.10","48.60","157000","7667450","96","48.75","48.85","420084199","53.60","43.90"
"1150929","5536","聖暉*","902.00","0.00","902.00","907.00","886.00","655000","587038000","612","901.00","902.00","124080930","992.00","812.00"
"1150929","5543","桓鼎-KY","26.95","-0.05","26.00","27.10","26.00","15000","403900","15","26.90","27.00","46703593","29.60","24.30"
"1150929","5547","久舜","20.00","+0.10","20.00","20.00","20.00","18000","360000","13","20.00","20.05","51000000","22.00","18.00"
"1150929","5548","安倉","20.20","0.00","20.20","20.35","20.20","11000","222700","9","20.20","20.40","63735065","22.20","18.20"
"1150929","5601","台聯櫃","28.90","-0.10","28.90","28.90","28.90","5000","144500","1","29.10","30.15","64800000","31.75","26.05"
"1150929","5603","陸海","13.40","-0.15","13.55","13.55","13.40","41000","553050","32","13.40","13.55","104876607","14.70","12.10"
"1150929","5604","中連","30.95","-0.25","31.05","31.05","30.90","13000","402600","11","30.95","31.00","108782968","34.00","27.90"
"1150929","5609","中菲行","78.20","-0.40","78.50","78.50","77.90","103000","8064500","75","78.20","78.30","142884000","86.00","70.40"
"1150929","5701","劍湖山","4.07","-0.08","4.14","4.14","4.00","123000","495010","46","4.07","4.08","143000000","4.47","3.67"
"1150929","5703","亞都","----","---","----","----","----","0","0","0","13.45","14.00","70239594","15.25","12.55"
"1150929","5704","老爺知","22.50","-0.10","22.75","22.80","22.50","6000","136150","5","22.50","22.70","58861658","24.75","20.25"
"1150929","5864","致和證","36.90","+0.10","36.85","37.25","36.50","1763000","64929450","678","36.90","36.95","504490084","40.55","33.25"
"1150929","5878","台名","37.90","-0.20","38.00","38.00","37.90","8000","303400","8","37.85","38.00","25024303","41.65","34.15"
"1150929","5902","德記","34.20","-0.05","34.25","34.25","34.10","5000","171050","5","34.10","34.20","94500000","37.60","30.80"
"1150929","5903","全家","186.50","-0.50","186.00","187.00","185.50","17000","3168500","17","186.50","187.00","223220000","205.00","168.00"
"1150929","5904","寶雅*","68.80","-0.50","69.30","69.40","68.60","4138000","285061400","2548","68.70","68.80","1064438260","75.60","62.00"
"1150929","5905","南仁湖","7.40","+0.14","7.31","7.65","7.25","441000","3290900","191","7.42","7.43","281623235","8.14","6.66"
"1150929","6015","宏遠證","17.40","-0.20","17.60","17.70","17.35","1190000","20813550","500","17.35","17.40","403665050","19.10","15.70"
"1150929","6016","康和證","23.50","-0.10","23.60","23.85","23.45","2334000","55133700","1001","23.50","23.55","772419946","25.85","21.15"
"1150929","6020","大展證","20.50","0.00","20.70","20.75","20.50","3000","61950","3","20.50","20.60","252353154","22.55","18.45"
"1150929","6021","美好證","41.10","-0.70","42.30","42.30","40.85","190000","7839150","156","41.00","41.15","312230974","45.20","37.00"
"1150929","6023","元大期","86.00","-0.40","86.00","87.40","85.80","434000","37556100","326","86.00","86.20","447972732","94.60","77.40"
"1150929","6026","福邦證","15.90","+0.05","15.85","16.00","15.80","612000","9708850","300","15.85","15.90","396161841","17.45","14.35"
"1150929","6028","公勝保經","98.80","-0.40","99.90","99.90","97.20","19000","1859500","19","97.20","98.90","25000000","108.50","89.00"
"1150929","6101","寬魚國際","37.25","-0.70","38.00","38.00","37.20","72000","2693000","58","37.20","37.45","116601850","40.95","33.55"
"1150929","6103","合邦","41.80","+0.90","42.60","44.35","41.80","124000","5297850","106","41.80","42.15","13604891","45.95","37.65"
"1150929","6104","創惟","91.00","+1.00","90.10","91.50","89.40","264000","23960200","221","90.80","91.00","91129107","100.00","81.90"
"1150929","6109","亞元","10.35","-0.10","10.40","10.40","10.25","127000","1310700","52","10.30","10.35","87825414","11.35","9.32"
"1150929","6111","光聚晶電","37.80","+0.75","36.75","37.80","36.70","200000","7458400","114","37.45","37.80","108511051","41.55","34.05"
"1150929","6113","亞矽","22.15","-0.05","22.20","22.45","22.15","26000","579600","21","22.15","22.25","52549455","24.35","19.95"
"1150929","6114","久威","23.25","-0.05","23.50","23.60","23.25","16000","374850","11","23.25","23.35","43911937","25.55","20.95"
"1150929","6118","建達","15.95","-0.05","16.20","16.80","15.90","656000","10673200","440","15.95","16.00","90889573","17.50","14.40"
"1150929","6121","新普","379.50","+3.50","375.00","382.00","374.50","307000","116239500","238","379.00","379.50","184970519","417.00","342.00"
"1150929","6122","擎邦","59.70","+1.50","57.70","60.00","57.60","2299000","136055700","1452","59.70","59.80","78091632","65.60","53.80"
"1150929","6123","上奇","43.20","+0.35","42.90","43.20","42.70","38000","1631450","29","43.05","43.25","62089430","47.50","38.90"
"1150929","6124","業強","27.45","0.00","27.45","27.45","27.45","1000","27450","1","27.20","27.40","182479945","30.15","24.75"
"1150929","6125","廣運","49.25","+0.65","48.60","49.80","48.60","327000","16126600","260","49.25","49.30","259011150","54.10","44.35"
"1150929","6126","信音","30.80","+0.10","31.35","31.35","30.65","193000","5943000","148","30.80","30.90","130218658","33.85","27.75"
"1150929","6127","九豪","51.00","+3.20","48.45","51.70","47.90","6392000","323164250","4380","50.90","51.00","108079751","56.10","45.90"
"1150929","6129","普誠","14.65","-0.10","14.75","15.00","14.65","123000","1822100","88","14.65","14.70","160574120","16.10","13.20"
"1150929","6130","上亞科技","23.80","+0.40","23.85","23.95","23.25","79000","1875150","47","23.70","23.80","46300000","26.15","21.45"
"1150929","6134","萬旭","29.25","+0.05","29.25","29.30","29.10","52000","1519550","37","29.25","29.30","81882117","32.15","26.35"
"1150929","6138","茂達","278.50","-0.50","275.50","283.00","275.50","386000","108051000","313","278.00","278.50","75633500","306.00","251.00"
"1150929","6140","訊達","20.75","-0.45","21.10","21.20","20.70","332000","6935400","211","20.70","20.75","54897760","22.80","18.70"
"1150929","6143","振曜","81.00","-0.50","81.00","82.00","80.80","167000","13538300","129","80.90","81.00","86058897","89.10","72.90"
"1150929","6144","得利影","12.55","0.00","12.55","12.65","12.40","7000","87650","6","12.25","12.60","38273701","13.80","11.30"
"1150929","6146","耕興","180.00","-1.00","178.50","181.50","178.50","152000","27383000","144","179.50","181.00","101867199","198.00","162.00"
"1150929","6147","頎邦","208.50","-5.00","211.50","217.00","208.00","20081000","4252945000","12187","208.50","209.00","744577539","229.00","188.00"
"1150929","6148","驊宏資","38.50","-0.70","39.20","39.80","38.20","1902000","73733800","1236","38.50","38.60","46603757","42.35","34.65"
"1150929","6150","撼訊","62.10","+1.20","60.90","62.50","60.90","114000","7068000","95","62.10","62.20","48345985","68.30","55.90"
"1150929","6151","晉倫","34.75","-0.25","35.20","35.30","34.70","102000","3571750","59","34.75","35.00","55257300","38.20","31.30"
"1150929","6154","順發","14.15","-0.05","14.20","14.25","14.10","26000","368850","18","14.10","14.20","80080000","15.55","12.75"
"1150929","6156","松上","21.65","+0.65","20.85","21.80","20.85","907000","19485400","499","21.65","21.70","107875010","23.80","19.50"
"1150929","6158","禾昌","17.25","-0.10","17.40","17.40","17.15","14000","241550","12","17.20","17.25","55698288","18.95","15.55"
"1150929","6160","欣技","13.90","0.00","14.20","14.20","13.90","39000","544700","25","13.90","13.95","68489120","15.25","12.55"
"1150929","6161","捷波","49.00","-0.15","48.40","49.75","48.40","59000","2900250","48","49.00","49.55","56237477","53.90","44.10"
"1150929","6163","華電網","41.50","+0.10","41.40","42.15","41.15","476000","19843900","333","41.50","41.60","148838747","45.65","37.35"
"1150929","6167","久正","10.20","-0.15","10.20","10.30","10.20","175000","1787850","69","10.20","10.25","146000000","11.20","9.18"
"1150929","6169","昱泉","12.00","-0.10","12.10","12.10","12.00","10000","120900","3","11.95","12.10","23394960","13.20","10.80"
"1150929","6170","統振","48.80","+0.40","48.55","49.00","48.50","195000","9529150","102","48.80","48.95","97260038","53.60","43.95"
"1150929","6171","大城地產","26.60","+0.20","26.65","26.70","26.45","90000","2391950","62","26.60","26.65","100000000","29.25","23.95"
"1150929","6173","信昌電","297.50","-9.00","303.00","314.00","296.50","6830000","2062696000","5093","297.00","297.50","171200000","327.00","268.00"
"1150929","6174","安碁","45.05","+0.10","45.70","47.25","44.90","1082000","49468300","764","45.05","45.15","50000000","49.55","40.55"
"1150929","6175","立敦","69.20","-0.50","70.20","70.20","68.70","249000","17284200","215","69.20","69.30","150121812","76.10","62.30"
"1150929","6179","亞通","37.45","+0.85","36.60","37.90","36.20","7209000","268091250","3807","37.40","37.45","177324650","41.15","33.75"
"1150929","6180","橘子","41.10","+0.50","40.55","41.30","40.55","231000","9483950","170","41.10","41.15","175493573","45.20","37.00"
"1150929","6182","合晶","121.00","+0.50","119.50","124.50","117.00","66064000","7937615000","36116","121.00","121.50","635459979","133.00","109.00"
"1150929","6185","幃翔","12.35","-0.10","12.45","12.50","12.35","108000","1339850","42","12.35","12.45","149867531","13.55","11.15"
"1150929","6186","新潤","29.00","0.00","29.00","29.20","28.85","344000","9969600","223","29.00","29.05","226907598","31.90","26.10"
"1150929","6187","萬潤","1310.00","+115.00","1230.00","1310.00","1230.00","3324000","4313720000","2211","1310.00","0.00","98262739","1440.00","1180.00"
"1150929","6188","廣明","61.60","-0.40","62.00","62.60","61.50","471000","29128300","376","61.60","61.70","278358910","67.70","55.50"
"1150929","6190","萬泰科","69.30","+0.70","68.60","69.50","68.20","1026000","70739900","624","69.30","69.40","195820796","76.20","62.40"
"1150929","6194","育富","29.60","-0.95","30.50","30.50","29.60","159000","4789700","55","29.55","29.95","48000000","32.55","26.65"
"1150929","6195","詩肯","28.30","+0.20","28.10","28.30","28.10","20000","563950","15","28.10","28.30","50192942","31.10","25.50"
"1150929","6198","瑞築","----","---","----","----","----","0","0","0","19.40","19.75","171400350","21.30","17.50"
"1150929","6199","天品","126.00","+2.00","125.00","127.00","124.50","7887000","991650500","2097","125.50","126.00","61760018","138.50","113.50"
"1150929","006201","元大富櫃50","46.00","-0.17","46.15","46.18","45.60","94000","4313920","47","45.90","46.03","22946000","50.60","41.40"
"1150929","6203","海韻電","59.90","+0.30","59.40","59.90","59.20","58000","3443700","38","59.70","59.90","82401370","65.80","54.00"
"1150929","6204","艾華","103.00","-4.50","110.00","110.00","102.50","626000","67020000","540","103.00","103.50","23102080","113.00","92.70"
"1150929","6207","雷科","137.50","+12.50","130.50","137.50","127.50","23009000","3057288000","14277","137.50","0.00","93066484","151.00","124.00"
"1150929","6208","日揚","74.60","+0.30","74.40","75.50","74.30","99000","7397500","86","74.50","74.80","94462343","82.00","67.20"
"1150929","6210","慶生","17.75","-0.05","17.80","17.80","17.25","9000","159100","5","17.40","17.80","35048000","19.50","16.00"
"1150929","6212","理銘","33.65","+1.55","33.20","34.95","33.20","4000","135750","4","32.25","32.95","102000000","37.00","30.30"
"1150929","6217","中探針","173.00","+3.00","167.00","175.50","166.00","1717000","294519000","1295","172.50","173.00","117210018","190.00","156.00"
"1150929","6218","豪勉","63.20","-0.40","64.90","64.90","61.80","1423000","90113700","1051","63.20","63.60","64262000","69.50","56.90"
"1150929","6219","富旺","12.15","+0.10","12.00","12.15","12.00","80000","969900","33","12.10","12.15","124967090","13.35","10.95"
"1150929","6220","岳豐","25.25","0.00","25.25","25.30","24.80","120000","3008850","89","25.25","25.30","146462640","27.75","22.75"
"1150929","6221","晉泰","32.85","+0.65","33.90","33.90","32.60","1142000","37877550","709","32.85","32.90","168612206","36.10","29.60"
"1150929","6222","立軒","18.80","+0.40","18.80","18.80","18.80","1000","18800","1","18.30","18.80","95688878","20.65","16.95"
"1150929","6223","旺矽","5185.00","-230.00","5400.00","5400.00","5140.00","974000","5065920000","887","5185.00","5205.00","97981309","5700.00","4670.00"
"1150929","6227","茂綸","136.00","+0.50","133.00","140.50","133.00","726000","99325000","625","136.00","136.50","76111786","149.50","122.50"
"1150929","6228","全譜","19.80","+1.10","20.00","20.00","19.15","57000","1126200","47","19.75","19.85","29000000","21.75","17.85"
"1150929","6229","研通","24.00","+0.30","23.35","24.55","23.35","192000","4606200","115","23.80","24.15","40360700","26.40","21.60"
"1150929","6231","系微","241.00","+6.00","236.00","244.50","232.50","598000","143637000","544","240.50","241.00","45652186","265.00","217.00"
"1150929","6233","旺玖","21.80","+0.45","21.45","21.80","21.45","113000","2450250","67","21.75","21.80","80971896","23.95","19.65"
"1150929","6234","高僑","38.90","+1.05","37.85","40.10","37.85","1012000","39615550","644","38.90","39.00","100386398","42.75","35.05"
"1150929","6236","中湛","18.45","+0.60","18.45","18.45","18.45","1000","18450","1","0.00","18.25","41654039","20.25","16.65"
"1150929","6237","驊訊","36.20","-0.80","37.00","37.00","35.80","412000","14942300","324","36.15","36.20","79645371","39.80","32.60"
"1150929","6240","松崗","25.50","-0.70","26.20","27.00","25.45","26000","685050","18","25.50","26.30","22867370","28.05","22.95"
"1150929","6241","鑫永洋","15.55","+0.10","15.00","16.65","15.00","56000","889400","46","15.50","15.95","45533670","17.10","14.00"
"1150929","6242","立康","34.10","0.00","34.10","34.10","34.10","1000","34100","1","34.10","34.30","31806500","37.50","30.70"
"1150929","6244","茂迪","23.50","-0.05","23.50","23.90","23.40","1818000","42928450","887","23.45","23.50","387041875","25.85","21.15"
"1150929","6245","立端","88.70","+3.00","86.10","88.70","86.00","1214000","106920500","877","88.60","88.70","146608303","97.50","79.90"
"1150929","6246","臺龍","12.90","+0.10","12.85","12.90","12.85","12000","154700","4","12.60","12.90","37851415","14.15","11.65"
"1150929","6248","沛波","16.85","+0.05","16.80","16.90","16.75","47000","790450","29","16.80","16.85","99956149","18.50","15.20"
"1150929","6259","百徽","29.30","+0.15","29.15","29.45","29.00","73000","2136750","60","29.25","29.30","28056146","32.20","26.40"
"1150929","6261","久元","78.40","+0.10","78.80","79.10","77.90","235000","18434400","198","78.40","78.60","128497989","86.20","70.60"
"1150929","6263","普萊德","155.50","-1.50","157.00","157.00","155.50","58000","9043000","48","155.50","156.00","62500964","171.00","140.00"
"1150929","6264","富裔","6.01","0.00","5.97","6.01","5.97","81000","484110","13","6.00","6.01","136355291","6.61","5.41"
"1150929","6265","方土昶","47.80","-0.65","48.25","48.25","47.25","829000","39704550","560","47.80","47.90","118172151","52.50","43.05"
"1150929","6266","泰詠","24.85","-0.05","24.75","24.90","24.75","60000","1489750","40","24.80","24.85","153871641","27.30","22.40"
"1150929","6270","倍微","30.25","+0.55","29.70","30.90","29.70","420000","12787700","272","30.25","30.45","72145759","33.25","27.25"
"1150929","6274","台燿","1485.00","-10.00","1495.00","1515.00","1465.00","5641000","8370090000","4552","1480.00","1485.00","299460093","1630.00","1340.00"
"1150929","6275","元山","46.55","+0.65","46.00","47.45","46.00","251000","11727400","205","46.55","46.70","80344567","51.20","41.90"
"1150929","6276","安鈦克","19.45","-0.20","19.50","19.70","18.80","49000","933500","30","19.30","19.65","22043000","21.35","17.55"
"1150929","6279","胡連","111.50","-1.00","111.50","112.00","111.00","213000","23761500","184","111.00","111.50","119015736","122.50","100.50"
"1150929","6284","佳邦","77.00","+2.70","73.30","77.40","73.10","730000","55258000","576","76.90","77.00","148980341","84.70","69.30"
"1150929","6290","良維","269.50","-4.50","272.50","274.00","267.00","1622000","437737500","1186","269.50","270.00","169652410","296.00","243.00"
"1150929","6291","沛亨","499.00","+15.00","484.00","501.00","481.00","714000","353453000","661","498.50","499.00","42000000","548.00","449.50"
"1150929","6292","迅德","66.80","-0.20","66.90","67.50","66.00","172000","11502400","138","66.80","67.20","46600712","73.40","60.20"
"1150929","6294","智基","28.25","-0.25","28.35","28.35","28.25","9000","254800","9","28.25","28.35","26047106","31.05","25.45"
"1150929","6411","晶焱","77.50","-0.60","77.90","78.50","77.40","170000","13234000","132","77.50","77.70","99508031","85.20","69.80"
"1150929","6417","韋僑","102.00","0.00","102.50","102.50","101.00","25000","2545500","23","102.00","102.50","42274000","112.00","91.80"
"1150929","6418","詠昇","34.60","+0.05","35.05","35.05","34.35","21000","724050","16","34.55","34.60","34522000","38.05","31.15"
"1150929","6419","京晨科","152.00","+3.00","151.50","155.00","151.00","120000","18403000","116","152.00","153.00","13159170","167.00","137.00"
"1150929","6423","億而得","85.90","-0.90","88.00","88.00","85.70","22000","1894000","20","85.90","86.00","31016000","94.40","77.40"
"1150929","6425","易發","74.00","+2.90","70.10","74.50","69.90","1049000","76188900","828","74.00","74.10","51382317","81.40","66.60"
"1150929","6432","今展科","59.50","-0.90","59.10","61.00","59.10","189000","11282500","147","59.50","59.70","40017865","65.40","53.60"
"1150929","6435","大中","252.50","-1.00","250.50","256.00","250.50","298000","75439500","260","252.50","253.50","37461300","277.50","227.50"
"1150929","6441","廣錠","24.75","-0.15","25.35","25.50","24.70","197000","4939750","154","24.75","25.05","53318429","27.20","22.30"
"1150929","6461","益得","24.30","+0.50","24.00","24.40","23.80","41000","986700","27","24.00","24.15","110324527","26.70","21.90"
"1150929","6462","神盾","103.00","+3.30","99.70","104.00","99.70","1111000","113483200","727","102.50","103.00","91250754","113.00","92.70"
"1150929","6465","威潤","41.45","-0.20","42.75","42.75","41.00","61000","2521600","37","41.30","41.55","59073685","45.55","37.35"
"1150929","6469","大樹","64.50","+0.30","64.20","64.90","64.20","247000","15923600","171","64.50","64.60","159104252","70.90","58.10"
"1150929","6470","宇智","42.70","-0.30","42.35","42.85","42.35","11000","467850","11","42.40","43.00","37694100","46.95","38.45"
"1150929","6474","華豫寧","35.50","-0.05","35.55","35.60","35.50","10000","355400","8","35.55","35.60","52526199","39.05","31.95"
"1150929","6482","弘煜科","23.35","0.00","23.35","23.35","23.35","3000","70050","2","23.10","23.45","28634463","25.65","21.05"
"1150929","6485","點序","70.00","-0.10","68.00","70.30","67.70","267000","18536200","246","70.00","70.20","47366493","77.00","63.00"
"1150929","6486","互動","80.60","0.00","80.60","81.00","80.60","42000","3390500","27","80.60","80.70","50893286","88.60","72.60"
"1150929","6488","環球晶","945.00","-3.00","940.00","964.00","930.00","8849000","8372475000","7646","945.00","946.00","478113725","1035.00","851.00"
"1150929","6492","生華科","34.15","-0.05","33.90","34.25","33.75","69000","2346000","62","34.00","34.15","114903620","37.55","30.75"
"1150929","6494","九齊","50.80","-0.50","50.50","52.00","50.50","93000","4738400","73","50.50","50.90","31559690","55.80","45.75"
"1150929","6496","科懋","----","---","----","----","----","0","0","0","23.30","23.40","47290220","25.70","21.10"
"1150929","6498","久禾光","67.50","+0.70","66.20","67.50","66.10","58000","3885000","45","67.40","67.50","47475892","74.20","60.80"
"1150929","6499","益安","74.50","+1.40","73.20","74.50","72.50","139000","10188700","106","73.90","74.50","96944893","81.90","67.10"
"1150929","6506","雙邦","18.50","-0.10","18.30","18.50","18.30","34000","625600","23","18.55","18.60","82360826","20.35","16.65"
"1150929","6508","惠光","27.00","-0.35","27.00","27.50","26.95","24000","652800","24","27.00","27.20","86538864","29.70","24.30"
"1150929","6509","聚和","48.15","+0.60","47.60","48.40","47.60","823000","39603600","535","48.15","48.20","197434268","52.90","43.35"
"1150929","6510","精測","3140.00","-170.00","3245.00","3285.00","3055.00","692000","2177520000","651","3135.00","3140.00","32929138","3450.00","2830.00"
"1150929","6512","啟發電","20.25","0.00","20.25","20.25","20.25","1000","20250","1","20.20","20.30","25260000","22.25","18.25"
"1150929","6516","勤崴國際","56.20","-0.80","57.50","57.50","56.20","40000","2255700","39","56.20","56.60","56336935","61.80","50.60"
"1150929","6517","保勝光學","62.80","-0.30","63.70","63.70","62.10","130000","8146400","105","62.70","63.00","30579053","69.00","56.60"
"1150929","6523","達爾膚","90.40","+0.80","89.80","91.00","89.80","35000","3166300","28","90.30","90.50","45047625","99.40","81.40"
"1150929","6527","明達醫","75.00","0.00","75.00","75.00","74.50","10000","749500","6","75.00","75.10","25458550","82.50","67.50"
"1150929","6530","創威","99.50","-0.50","99.00","100.50","98.80","1006000","100166900","736","99.50","99.60","33750000","109.00","89.60"
"1150929","6532","瑞耘","108.00","+9.50","99.80","108.00","99.60","2166000","229766800","1275","108.00","0.00","37445147","118.50","97.20"
"1150929","6535","順藥","80.70","+0.20","80.40","82.70","78.90","195000","15776900","174","80.70","81.90","167840825","88.70","72.70"
"1150929","6538","倉和","358.50","-39.50","400.00","417.00","358.50","3524000","1338155500","2681","0.00","358.50","38443145","394.00","323.00"
"1150929","6542","隆中","----","---","----","----","----","0","0","0","40.40","40.95","42000630","45.00","36.90"
"1150929","6546","正基","58.60","-0.20","58.60","59.30","57.00","374000","21857400","232","58.50","58.70","66848449","64.40","52.80"
"1150929","6547","高端疫苗","60.90","+1.10","60.90","61.80","60.50","2826000","172650600","1708","60.80","60.90","329459855","66.90","54.90"
"1150929","6548","長科*","71.80","+0.50","71.20","72.40","71.10","854000","61392200","621","71.80","71.90","950464700","78.90","64.70"
"1150929","6556","勝品","61.90","+0.30","61.50","61.90","61.50","5000","308500","5","61.40","62.00","28750000","68.00","55.80"
"1150929","6560","欣普羅","32.40","-0.25","32.70","32.70","32.20","22000","711900","20","32.40","32.60","32474715","35.60","29.20"
"1150929","6561","是方","308.50","+0.50","306.50","308.50","305.00","125000","38375500","110","306.50","308.50","77958370","339.00","278.00"
"1150929","6568","宏觀","144.00","+1.00","142.50","145.00","141.50","135000","19388000","77","144.00","144.50","30799700","158.00","130.00"
"1150929","6569","醫揚","92.00","-0.30","92.00","93.00","91.60","36000","3323300","27","92.00","92.50","42820745","101.00","82.80"
"1150929","6570","維田","47.75","+1.10","46.65","49.90","46.65","117000","5637100","96","47.55","47.95","37119170","52.50","43.00"
"1150929","6574","霈方","119.50","+1.00","117.50","119.50","116.50","21000","2466000","20","117.50","119.00","21990000","131.00","108.00"
"1150929","6576","逸達","79.70","-0.50","80.20","80.30","79.20","116000","9229000","91","79.70","79.90","157579266","87.60","71.80"
"1150929","6577","勁豐","79.40","-0.40","80.00","80.20","79.40","15000","1197000","12","79.40","79.60","60060145","87.30","71.50"
"1150929","6578","達邦蛋白","16.55","-0.10","16.80","16.80","16.55","18000","299700","18","16.55","16.60","71941901","18.20","14.90"
"1150929","6584","南俊國際","543.00","-1.00","546.00","546.00","536.00","162000","87816000","153","542.00","544.00","71381810","597.00","489.00"
"1150929","6588","東典光電","107.50","-4.50","110.00","112.00","107.00","699000","76067500","568","107.50","108.00","34700825","118.00","96.80"
"1150929","6590","普鴻","66.20","-0.70","66.90","66.90","65.80","13000","859300","12","66.00","66.20","28695603","72.80","59.60"
"1150929","6593","台灣銘板","32.25","+0.20","32.05","32.40","32.05","21000","678150","16","32.25","32.45","31856609","35.45","29.05"
"1150929","6596","寬宏藝術","96.90","+0.10","96.80","97.20","96.70","60000","5815300","51","96.90","97.20","38000000","106.50","87.30"
"1150929","6597","立誠","68.50","-0.20","68.60","68.60","68.50","2000","137100","2","66.90","68.40","30042250","75.30","61.70"
"1150929","6603","富強鑫","29.25","+1.95","27.50","29.65","27.40","4568000","130691650","2549","29.20","29.25","167442946","32.15","26.35"
"1150929","6609","瀧澤科","39.60","-0.20","39.65","39.80","39.30","60000","2375650","56","39.40","39.75","72456246","43.55","35.65"
"1150929","6612","奈米醫材","71.80","-0.10","70.30","71.90","70.30","15000","1072900","13","71.70","72.00","52266043","78.90","64.70"
"1150929","6613","朋億*","270.00","-0.50","271.50","272.00","268.50","134000","36199000","119","269.50","271.00","77801485","297.00","243.00"
"1150929","6615","慧智","33.40","-0.60","33.50","33.50","33.40","3000","100300","3","33.35","34.00","21593400","36.70","30.10"
"1150929","6616","特昇-KY","8.23","+0.06","8.19","8.32","7.91","55000","445260","46","8.11","8.24","35478473","9.05","7.41"
"1150929","6617","共信-KY","133.00","-4.00","137.00","137.00","132.00","404000","54208500","336","133.00","133.50","127506100","146.00","120.00"
"1150929","6620","漢達","136.00","+12.00","125.00","136.00","123.50","2876000","373592000","1802","136.00","0.00","169981900","149.50","122.50"
"1150929","6624","萬年清","39.20","-0.05","39.10","39.20","37.60","8000","309800","8","38.00","43.00","22579482","43.10","35.30"
"1150929","6629","泰金-KY","103.50","+0.50","104.00","104.50","103.50","3000","312000","3","103.50","104.00","38379563","113.50","93.20"
"1150929","6637","醫影","54.10","-0.30","54.10","54.10","54.00","8000","432500","7","54.00","54.10","26810000","59.50","48.70"
"1150929","6640","均華","1040.00","+30.00","1000.00","1070.00","995.00","419000","436463000","359","1040.00","1045.00","28911500","1140.00","936.00"
"1150929","6642","富致","80.70","+2.30","77.80","81.70","77.40","316000","25364200","236","80.50","80.80","37399662","88.70","72.70"
"1150929","6643","M31","505.00","-10.00","509.00","534.00","502.00","1546000","798653000","1418","505.00","507.00","42090160","555.00","454.50"
"1150929","6649","台生材","36.80","-1.00","37.70","37.70","36.55","22000","814550","18","36.75","36.85","42000000","40.45","33.15"
"1150929","6651","全宇昕","150.50","+1.00","149.50","152.50","148.00","157000","23567500","136","149.50","150.50","34601541","165.50","135.50"
"1150929","6654","天正國際","200.00","+8.00","197.00","203.50","192.00","21000","4170000","21","199.50","201.00","40962720","220.00","180.00"
"1150929","6661","威健生技","16.20","+0.20","17.40","17.40","16.10","19000","318650","17","16.05","16.85","23304248","17.80","14.60"
"1150929","6662","樂斯科","----","---","----","----","----","0","0","0","28.05","28.50","25612400","31.35","25.65"
"1150929","6664","群翊","370.00","+11.50","358.50","372.00","355.50","552000","202454500","467","370.00","370.50","61151307","407.00","333.00"
"1150929","6667","信紘科","259.00","-2.50","260.50","264.00","258.50","243000","63418500","193","259.00","259.50","53478878","284.50","233.50"
"1150929","6679","鈺太","206.00","+3.50","204.00","208.50","203.00","375000","77253000","319","206.00","206.50","54975335","226.50","185.50"
"1150929","6680","鑫創電子","51.30","-1.50","53.70","53.70","51.00","8000","416800","7","51.30","52.50","24671427","56.40","46.20"
"1150929","6683","雍智科技","1475.00","-45.00","1515.00","1540.00","1450.00","724000","1074985000","620","1475.00","1480.00","27557161","1620.00","1330.00"
"1150929","6684","安格","50.90","+2.05","48.20","51.20","48.20","192000","9711100","140","50.50","50.90","44559496","55.90","45.85"
"1150929","6690","安碁資訊","177.50","-1.50","181.00","181.00","176.50","112000","19902500","106","177.50","178.00","29999720","195.00","160.00"
"1150929","6692","進能服","23.20","+0.55","22.50","23.40","22.35","19000","429800","17","23.00","23.40","58843890","25.50","20.90"
"1150929","6693","廣閎科","218.00","+8.50","206.50","220.50","203.50","3852000","822456500","3239","218.00","218.50","45720000","239.50","196.50"
"1150929","6697","東捷資訊","41.10","-0.10","41.50","41.50","41.10","19000","783000","17","40.85","41.35","27323364","45.20","37.00"
"1150929","6703","軒郁","100.00","-0.50","99.80","101.00","99.80","26000","2607100","21","100.50","101.00","36257210","110.00","90.00"
"1150929","6708","天擎","47.05","+4.25","47.05","47.05","47.05","205000","9645250","54","47.05","0.00","29008779","51.70","42.35"
"1150929","6712","長聖","161.50","+2.00","160.00","163.00","160.00","187000","30289500","159","161.50","162.00","100488861","177.50","145.50"
"1150929","6716","應廣","114.50","-0.50","115.00","117.00","114.50","145000","16738000","122","114.50","115.00","30241814","125.50","103.50"
"1150929","6720","久昌","127.50","+0.50","127.50","128.00","126.00","8000","1018500","8","126.00","128.00","30225741","140.00","115.00"
"1150929","6721","信實","50.00","-0.10","50.00","50.00","50.00","3000","150000","2","49.75","50.40","24500000","55.00","45.00"
"1150929","6725","矽科宏晟","217.50","+3.50","216.00","218.00","214.00","50000","10795000","45","216.00","217.50","37130000","239.00","196.00"
"1150929","6727","亞泰金屬","483.00","-22.00","492.50","505.00","481.50","1632000","798864500","1469","483.00","483.50","26884177","531.00","435.00"
"1150929","6728","上洋","108.00","-0.50","108.50","109.00","108.00","31000","3362500","15","108.00","108.50","30120000","118.50","97.20"
"1150929","6730","常廣","32.00","-0.10","32.00","32.00","31.60","6000","191600","6","31.60","32.05","36298151","35.20","28.80"
"1150929","6732","昇佳電子","151.00","+2.00","151.00","152.00","149.00","58000","8764500","51","150.50","151.50","48912618","166.00","136.00"
"1150929","6733","博晟生醫","25.10","+0.15","24.90","25.45","24.90","40000","1005250","35","25.10","25.40","134316026","27.60","22.60"
"1150929","6735","美達科技","64.90","+1.10","65.70","66.80","63.80","103000","6723600","85","64.80","65.20","46182292","71.30","58.50"
"1150929","6739","竹陞科技","1125.00","+15.00","1100.00","1135.00","1090.00","171000","190885000","170","1120.00","1125.00","23392500","1235.00","1015.00"
"1150929","6741","91APP*-KY","55.40","+0.20","55.20","55.70","55.00","96000","5305700","88","55.30","55.40","120577997","60.90","49.90"
"1150929","6751","智聯服務","44.95","+1.05","44.10","45.25","44.10","29000","1303150","21","44.80","44.95","22200000","49.40","40.50"
"1150929","6752","叡揚","95.90","-0.50","96.40","96.40","95.40","12000","1152900","12","95.50","96.00","38258471","105.00","86.40"
"1150929","6761","穩得","163.50","+1.50","164.50","165.50","163.00","83000","13620000","76","163.00","163.50","34955867","179.50","147.50"
"1150929","6762","達亞","----","---","----","----","----","0","0","0","155.00","165.00","36930288","174.50","143.50"
"1150929","6763","綠界科技*","41.15","-0.25","41.50","41.65","41.15","58000","2397050","50","41.15","41.20","184039130","45.25","37.05"
"1150929","6767","台微醫","24.45","-0.05","23.70","24.45","23.70","6000","145700","5","24.10","24.40","39183630","26.85","22.05"
"1150929","6785","昱展新藥","96.20","-2.60","97.30","97.40","96.20","29000","2808200","28","96.20","97.50","66800000","105.50","86.60"
"1150929","6788","華景電","344.50","+5.50","343.50","349.50","340.50","185000","63815000","159","344.00","345.50","38739683","378.50","310.50"
"1150929","6791","虎門科技","99.10","0.00","99.70","99.90","99.10","6000","596900","5","99.10","99.40","20847000","109.00","89.20"
"1150929","6803","崑鼎","266.50","+0.50","266.00","267.00","265.00","81000","21526500","65","266.00","266.50","72794385","293.00","240.00"
"1150929","6804","明係","18.10","-0.15","18.10","18.15","18.10","48000","870200","9","18.15","18.25","47500000","19.90","16.30"
"1150929","6811","宏碁資訊","239.50","-5.00","244.00","244.00","237.50","328000","78481000","255","239.50","240.50","41449000","263.00","216.00"
"1150929","6821","聯寶","40.95","+0.35","40.60","41.10","40.40","41000","1672000","37","40.50","40.95","35767479","45.00","36.90"
"1150929","6823","濾能","63.00","+2.90","60.60","64.20","60.00","115000","7127400","81","62.60","63.00","30533920","69.30","56.70"
"1150929","6829","千附精密","208.50","-1.00","210.00","210.00","207.00","243000","50658000","222","208.50","209.00","59169000","229.00","188.00"
"1150929","6840","東研信超","99.50","-3.50","103.00","103.00","98.60","278000","27767100","211","99.50","99.70","30767284","109.00","89.60"
"1150929","6841","長佳智能","55.30","+1.60","54.50","55.80","54.50","650000","35906300","449","55.30","55.40","95223000","60.80","49.80"
"1150929","6843","進典","38.35","-0.25","38.50","38.55","38.35","3000","115400","3","38.05","38.60","33304000","42.15","34.55"
"1150929","6844","諾貝兒","57.40","+0.10","57.00","57.40","57.00","10000","572800","10","56.70","57.40","37428440","63.10","51.70"
"1150929","6846","綠茵","58.20","-0.90","59.50","59.50","58.00","4000","234500","4","57.60","58.80","27066039","64.00","52.40"
"1150929","6855","數泓科","----","---","----","----","----","0","0","0","112.00","114.00","23249716","125.00","103.00"
"1150929","6856","鑫傳","41.80","-0.50","41.20","41.80","41.10","5000","206400","5","41.05","41.85","28200000","45.95","37.65"
"1150929","6859","伯特光","120.00","-1.00","119.00","120.00","118.50","10000","1190500","10","119.00","121.00","41588600","132.00","108.00"
"1150929","6865","偉康科技","28.00","-0.05","28.05","28.05","27.70","9000","251500","8","27.55","27.80","15840645","30.80","25.20"
"1150929","6870","騰雲","330.50","-6.00","335.50","335.50","328.50","49000","16261000","44","330.50","332.00","28462772","363.50","297.50"
"1150929","6872","浩宇生醫","24.00","+1.65","24.50","24.50","23.30","308000","7340250","145","23.55","24.00","70750511","26.40","21.60"
"1150929","6874","倍力","70.20","+0.30","70.40","70.40","69.20","8000","558400","8","69.80","70.20","24156200","77.20","63.20"
"1150929","6875","國邑*","31.35","-0.50","32.00","32.05","31.35","88000","2790450","61","31.55","31.65","129182804","34.45","28.25"
"1150929","6877","鏵友益","128.00","+5.50","122.50","130.00","122.50","75000","9459500","65","127.00","128.00","46967122","140.50","115.50"
"1150929","6881","潤德","214.50","+0.50","214.00","214.50","214.00","3000","642500","2","214.50","217.00","15000000","235.50","193.50"
"1150929","6884","海柏特","31.10","-1.10","31.20","31.20","31.10","4000","124700","3","30.30","31.95","18390000","34.20","28.00"
"1150929","6894","衛司特","362.00","-5.00","366.00","367.00","362.00","20000","7281000","20","361.50","364.50","23800000","398.00","326.00"
"1150929","6895","宏碩系統","145.00","0.00","147.00","147.00","142.50","8000","1152500","8","144.00","146.00","34100000","159.50","130.50"
"1150929","6899","創為精密","49.50","+0.10","49.40","49.50","48.70","13000","638100","12","48.95","49.30","42398491","54.40","44.55"
"1150929","6903","巨漢","304.50","-4.50","306.50","311.00","302.00","205000","62730000","179","304.00","304.50","66676000","334.50","274.50"
"1150929","6904","伯鑫","121.50","+1.00","121.50","121.50","121.50","1000","121500","1","118.00","122.00","18500000","133.50","109.50"
"1150929","6907","雅特力-KY","180.50","-1.50","182.00","184.00","180.00","268000","48631500","237","180.50","181.00","62542400","198.50","162.50"
"1150929","6910","德鴻","26.50","+0.50","25.90","26.70","25.90","25000","655650","23","26.50","26.60","30521000","29.15","23.85"
"1150929","6913","鴻呈","127.00","-0.50","127.50","128.50","127.00","97000","12369000","76","127.00","128.00","43848863","139.50","114.50"
"1150929","6922","宸曜","225.00","+13.00","212.00","228.50","210.00","480000","107028000","398","224.00","225.00","27155385","247.50","202.50"
"1150929","6925","意藍","75.00","+6.80","72.00","75.00","71.00","2026000","150048800","1442","75.00","0.00","20000300","82.50","67.50"
"1150929","6929","佑全","21.65","-0.35","22.25","22.25","21.40","4000","87250","4","21.45","21.90","45090000","23.80","19.50"
"1150929","6945","圓祥生技","140.00","+2.00","137.50","140.00","135.00","314000","43595000","244","138.50","140.00","97531160","154.00","126.00"
"1150929","6953","家碩","241.00","+5.00","237.00","241.00","236.00","30000","7178000","28","239.50","241.00","30014600","265.00","217.00"
"1150929","6961","旅天下","47.65","+0.55","47.15","47.65","47.10","34000","1610200","22","47.50","47.75","26834000","52.40","42.90"
"1150929","6967","汎瑋材料","67.20","+1.50","66.80","67.20","66.00","127000","8442800","70","67.00","67.10","30404477","73.90","60.50"
"1150929","6968","萬達寵物","41.55","0.00","41.55","41.55","41.25","11000","456500","8","41.40","41.60","50436279","45.70","37.40"
"1150929","6971","惠民實業","23.70","-0.25","23.95","23.95","23.65","6000","142450","6","23.70","24.00","38668000","26.05","21.35"
"1150929","6982","大井泵浦","43.50","0.00","44.00","44.00","43.50","14000","612200","13","43.60","43.80","40752381","47.85","39.15"
"1150929","6983","華洋精機","346.00","-2.50","354.00","354.00","343.00","32000","11113000","27","341.50","346.00","18020000","380.50","311.50"
"1150929","6986","和迅","44.00","-0.30","44.30","44.30","42.80","67000","2949800","21","44.00","44.30","52134000","48.40","39.60"
"1150929","6996","力領科技","168.50","-2.50","170.50","170.50","168.00","27000","4568000","23","168.50","169.50","41997833","185.00","152.00"
"1150929","6997","博弘","68.00","+1.20","67.00","69.30","67.00","5000","340800","4","66.80","68.30","22100500","74.80","61.20"
"1150929","7402","邑錡","99.10","-0.70","99.90","100.50","99.10","173000","17219500","148","99.10","99.80","35280646","109.00","89.20"
"1150929","7547","碩網","65.30","+5.90","65.30","65.30","65.30","201000","13125300","118","65.30","0.00","33963000","71.80","58.80"
"1150929","7556","意德士","267.50","+3.00","264.50","273.50","264.50","71000","19073500","67","267.00","269.00","29083868","294.00","241.00"
"1150929","7584","樂意","28.95","+1.75","27.20","28.95","27.20","4000","113150","4","28.20","28.80","17055469","31.80","26.10"
"1150929","7642","昶瑞機電","68.50","-2.30","70.20","70.20","68.00","35000","2393300","33","68.20","68.80","30150000","75.30","61.70"
"1150929","7703","銳澤","199.50","-3.50","204.00","204.00","199.00","33000","6603000","33","199.50","200.00","34745000","219.00","180.00"
"1150929","7704","明遠精密","61.30","-0.70","62.00","62.00","61.00","29000","1780100","24","61.00","61.70","33769804","67.40","55.20"
"1150929","7708","全家餐飲","91.90","+0.10","93.50","93.50","91.80","27000","2485800","20","91.80","92.00","25500000","101.00","82.80"
"1150929","7709","榮田","86.50","-1.20","91.80","95.00","86.50","363000","32945600","293","86.40","88.50","39102740","95.10","77.90"
"1150929","7712","博盛半導體","161.00","-2.00","165.00","166.50","161.00","109000","17826500","106","161.00","162.00","32561873","177.00","145.00"
"1150929","7713","威力德生醫","74.10","+0.30","74.10","74.10","74.10","2000","148200","2","73.80","73.90","45478843","81.50","66.70"
"1150929","7714","創泓科技","162.00","-4.00","165.50","166.00","162.00","166000","27116000","136","162.00","162.50","21000000","178.00","146.00"
"1150929","7715","裕山","27.60","+0.10","27.55","27.85","27.45","33000","908850","20","27.60","27.70","32756500","30.35","24.85"
"1150929","7716","昱臺國際","23.90","-0.10","23.95","23.95","23.90","5000","119600","4","23.80","24.00","22500000","26.25","21.55"
"1150929","7717","萊德光電-KY","592.00","-2.00","607.00","612.00","588.00","445000","265623000","425","592.00","593.00","24831518","651.00","533.00"
"1150929","7718","友鋮","46.70","+0.90","46.20","46.70","46.20","4000","185800","2","45.70","46.10","46356484","51.30","42.05"
"1150929","7723","築間","18.30","0.00","18.30","18.45","18.20","35000","640700","26","18.30","18.40","49619550","20.10","16.50"
"1150929","7728","光焱科技","607.00","+12.00","586.00","609.00","586.00","34000","20462000","30","603.00","606.00","13992621","667.00","547.00"
"1150929","7734","印能科技","2680.00","-70.00","2775.00","2840.00","2665.00","176000","480545000","175","2680.00","2690.00","28000000","2945.00","2415.00"
"1150929","7738","東聯互動","156.00","-1.00","159.50","159.50","154.00","7000","1094000","7","156.00","156.50","27355799","171.50","140.50"
"1150929","7743","金利食安","24.30","-1.10","25.35","25.35","23.55","62000","1508900","41","24.30","24.45","36483338","26.70","21.90"
"1150929","7744","崴寶","523.00","-20.00","531.00","544.00","523.00","78000","41467000","74","523.00","525.00","32076710","575.00","471.00"
"1150929","7747","昕奇雲端","111.00","-1.00","114.00","114.00","111.00","2000","225000","2","111.00","113.00","30168600","122.00","99.90"
"1150929","7751","竑騰","1555.00","+40.00","1515.00","1560.00","1470.00","174000","265555000","140","1555.00","1560.00","26888600","1710.00","1400.00"
"1150929","7753","星亞","35.60","+0.30","35.75","35.90","35.40","21000","748550","19","35.40","35.65","25000000","39.15","32.05"
"1150929","7757","金色三麥","90.50","-0.50","91.00","91.00","90.00","20000","1810500","16","90.20","90.50","24100000","99.50","81.50"
"1150929","7767","仁大資訊","46.20","-0.45","46.65","46.65","46.20","21000","976750","18","46.20","46.40","30100000","50.80","41.60"
"1150929","7770","君曜","42.95","+3.45","39.50","42.95","39.50","18000","736850","13","41.05","43.00","30062053","47.20","38.70"
"1150929","7772","耀穎","176.00","-4.00","176.00","179.50","172.50","129000","22596500","118","175.50","178.00","26498600","193.50","158.50"
"1150929","7777","能率亞洲","35.60","+0.05","35.95","36.85","35.50","1150000","41348100","812","35.60","35.65","202606250","39.15","32.05"
"1150929","7782","光速火箭","24.95","-0.35","24.75","24.95","24.75","3000","74450","2","25.20","25.40","23213000","27.40","22.50"
"1150929","7792","安葆","416.00","-19.50","427.50","430.00","400.00","1550000","634172500","1336","416.00","416.50","46662000","457.50","374.50"
"1150929","7794","宏碁智新","30.25","+0.25","30.10","30.25","30.00","6000","180650","6","30.20","30.25","28000000","33.25","27.25"
"1150929","7805","威聯通","489.00","-9.00","498.00","498.00","489.00","48000","23664500","45","489.00","494.00","39750122","537.00","440.50"
"1150929","7810","捷創科技","227.50","+5.00","224.00","235.00","224.00","91000","20831000","76","227.00","228.00","20250000","250.00","205.00"
"1150929","7811","民盛","73.50","0.00","73.50","73.50","73.50","11000","808500","4","73.50","74.00","33377000","80.80","66.20"
"1150929","7814","海昌生技","28.40","-0.10","28.40","28.45","28.35","10000","284050","7","28.40","28.50","45000000","31.20","25.60"
"1150929","7819","精誠金融","34.30","-0.05","34.35","34.35","34.30","8000","274650","7","34.30","34.65","25263500","37.70","30.90"
"1150929","7820","立盈","108.50","+0.50","109.00","109.50","107.00","5000","542000","5","106.00","111.00","37768096","119.00","97.70"
"1150929","7825","和亞智慧","83.60","+1.40","84.50","87.90","83.50","544000","46645500","386","83.60","83.70","25614500","91.90","75.30"
"1150929","7828","創新服務","1900.00","-70.00","1980.00","1980.00","1900.00","142000","273135000","138","1900.00","1915.00","40493911","2090.00","1710.00"
"1150929","7839","達人網","43.30","+0.15","43.10","43.30","42.20","9000","387250","7","43.10","43.30","15096025","47.60","39.00"
"1150929","7842","天能綠電","98.60","+0.60","98.60","98.60","98.60","1000","98600","1","94.20","98.00","18250000","108.00","88.80"
"1150929","7856","漢測","4315.00","-290.00","4580.00","4580.00","4255.00","491000","2135930000","442","4315.00","4320.00","33000000","9995.00","0.01"
"1150929","8024","佑華","12.55","-0.05","12.30","12.65","12.30","28000","348950","23","12.50","12.55","45160100","13.80","11.30"
"1150929","8027","鈦昇","202.00","+18.00","187.00","202.00","185.50","6192000","1220437000","4231","202.00","0.00","112903169","222.00","182.00"
"1150929","8032","光菱","35.80","-0.20","35.70","36.15","35.00","88000","3129400","55","35.80","36.00","51810300","39.35","32.25"
"1150929","8034","榮群","20.50","+0.05","20.50","20.50","20.25","65000","1328350","33","20.25","20.50","56586353","22.55","18.45"
"1150929","8038","長園科","32.45","-0.15","32.50","32.70","32.25","89000","2881700","54","32.45","32.65","62278190","35.65","29.25"
"1150929","8040","九暘","100.00","+5.50","93.00","102.50","92.50","8651000","857994200","6200","100.00","100.50","96413874","110.00","90.00"
"1150929","8042","金山電","111.50","-2.50","113.00","113.00","110.50","2141000","238956500","1567","111.50","112.00","142855368","122.50","100.50"
"1150929","8043","蜜望實","131.50","-1.50","133.00","133.00","130.50","598000","78564000","509","131.50","132.00","79907170","144.50","118.50"
"1150929","8044","網家","24.10","+0.25","24.05","24.10","23.85","146000","3498450","118","24.00","24.10","204768065","26.50","21.70"
"1150929","8047","星雲","51.00","+1.80","49.20","51.00","49.20","287000","14413900","119","50.90","51.00","41666343","56.10","45.90"
"1150929","8048","德勝","50.40","+0.30","50.10","50.40","49.50","85000","4235500","66","50.20","50.40","59436924","55.40","45.40"
"1150929","8049","晶采","24.50","0.00","24.30","24.70","24.30","152000","3729500","79","24.45","24.50","118279808","26.95","22.05"
"1150929","8050","廣積","65.70","+4.50","61.70","66.20","61.60","5919000","382747900","3951","65.70","65.80","205204891","72.20","59.20"
"1150929","8054","安國","87.20","+2.60","85.00","87.60","84.30","1160000","100715100","957","87.20","87.30","108732566","95.90","78.50"
"1150929","8059","凱碩","17.30","-0.40","17.50","17.70","17.20","115000","1996150","88","17.30","17.35","116466300","19.00","15.60"
"1150929","8064","東捷","141.50","+2.50","139.00","148.50","138.00","21879000","3152315500","15541","141.50","142.00","184817836","155.50","127.50"
"1150929","8066","來思達","15.00","+0.20","14.60","15.20","14.60","8000","118500","7","14.75","15.00","36642304","16.50","13.50"
"1150929","8067","志旭","12.30","+0.50","11.45","12.30","11.45","4000","47350","3","11.60","12.05","20700000","13.50","11.10"
"1150929","8068","全達","17.60","-0.25","17.65","17.85","17.55","196000","3465550","101","17.60","17.70","80765949","19.35","15.85"
"1150929","8069","元太","142.50","-3.50","141.00","144.50","138.50","8380000","1195263500","4558","142.50","143.00","1154695380","156.50","128.50"
"1150929","8071","能率網通","21.85","-0.05","21.65","22.15","21.65","176000","3845400","97","21.85","21.90","60084283","24.00","19.70"
"1150929","8074","鉅橡","50.80","-0.20","51.80","51.80","50.40","148000","7541500","113","50.80","50.90","86974466","55.80","45.75"
"1150929","8076","伍豐","21.50","-0.20","21.50","21.80","21.40","444000","9574600","209","21.45","21.50","292213592","23.65","19.35"
"1150929","8077","洛碁","----","---","----","----","----","0","0","0","42.20","42.80","21945669","47.05","38.55"
"1150929","8080","泰霖","28.00","-0.05","28.05","28.05","27.95","23000","643950","15","28.10","28.20","67163821","30.80","25.20"
"1150929","8083","瑞穎","155.50","0.00","156.50","156.50","154.50","36000","5585500","31","155.00","156.00","35133193","171.00","140.00"
"1150929","8084","巨虹","29.80","-3.30","29.80","29.80","29.80","519000","15466200","305","0.00","29.80","174754149","32.75","26.85"
"1150929","8085","福華","14.25","+0.05","14.50","14.50","14.10","101000","1434700","63","14.20","14.25","139983060","15.65","12.85"
"1150929","8086","宏捷科","110.00","-0.50","110.00","111.00","109.00","722000","79356000","552","110.00","110.50","196516123","121.00","99.00"
"1150929","8087","麗升能源","23.00","-0.25","23.40","23.40","23.00","26000","600900","19","22.95","23.25","38646042","25.30","20.70"
"1150929","8088","品安","42.25","+0.40","41.90","42.55","41.75","178000","7519450","141","42.20","42.30","60921749","46.45","38.05"
"1150929","8089","康全電訊","19.15","-0.10","19.25","19.40","18.90","89000","1696850","65","19.05","19.15","65998718","21.05","17.25"
"1150929","8091","翔名","220.00","+3.50","216.00","220.00","216.00","226000","49476000","193","219.00","220.00","56943651","242.00","198.00"
"1150929","8092","建暐","12.55","-0.35","12.75","12.85","12.50","67000","850450","33","12.55","12.60","57172325","13.80","11.30"
"1150929","8093","保銳","23.85","+0.60","22.55","25.00","22.55","20000","484300","15","23.85","24.45","56567567","26.20","21.50"
"1150929","8096","擎亞","88.70","+4.10","84.60","89.20","84.40","4547000","399453300","3281","88.60","88.70","149343066","97.50","79.90"
"1150929","8097","常珵","48.15","0.00","49.20","49.20","47.60","254000","12270450","132","48.15","48.25","63802468","52.90","43.35"
"1150929","8099","大世科","59.80","-0.70","59.80","60.10","59.40","21000","1256000","18","59.50","60.00","100072800","65.70","53.90"
"1150929","8102","傑霖科技","----","---","----","----","----","0","0","0","57.60","60.60","23358350","65.40","53.60"
"1150929","8107","大億金茂","12.05","-0.10","12.15","12.15","12.00","16000","193900","10","12.00","12.15","75000000","13.25","10.85"
"1150929","8109","博大","134.50","+2.50","133.00","135.00","131.50","169000","22526500","131","134.00","134.50","82161236","147.50","121.50"
"1150929","8111","立碁","79.70","+3.30","76.40","81.50","76.20","12470000","988644900","8199","79.70","79.80","109102223","87.60","71.80"
"1150929","8121","越峰","31.90","+1.25","30.65","32.75","30.00","3575000","112530900","1875","31.90","31.95","212993743","35.05","28.75"
"1150929","8147","正淩","148.00","+11.50","137.50","150.00","137.50","716000","103948000","595","147.50","148.00","42086166","162.50","133.50"
"1150929","8155","博智","306.00","-30.00","331.00","331.00","306.00","1879000","590436000","1591","306.00","306.50","62555193","336.50","275.50"
"1150929","8171","天宇","20.60","+0.15","20.55","20.75","20.45","199000","4086350","80","20.55","20.60","112853326","22.65","18.55"
"1150929","8176","智捷","9.78","0.00","9.78","9.80","9.69","91000","886380","36","9.75","9.78","71701000","10.75","8.81"
"1150929","8182","加高","41.20","+0.75","41.25","42.60","41.00","1563000","65163550","1230","41.20","41.25","107041215","45.30","37.10"
"1150929","8227","巨有科技","337.00","+30.50","313.00","337.00","308.00","2480000","804640000","1832","337.00","0.00","39543000","370.50","303.50"
"1150929","8234","新漢","62.10","+0.90","61.70","62.50","61.60","279000","17310800","193","62.10","62.20","141226472","68.30","55.90"
"1150929","8240","華宏","54.50","+2.50","53.60","57.00","53.60","4443000","245677900","2880","54.50","54.60","100004414","59.90","49.05"
"1150929","8255","朋程","145.00","+2.50","142.50","145.00","142.00","257000","37081500","179","144.50","145.00","101961041","159.50","130.50"
"1150929","8272","全景軟體","65.50","+2.00","65.50","65.50","65.50","1000","65500","1","63.80","64.70","18997755","72.00","59.00"
"1150929","8277","商丞","15.60","-0.15","15.80","15.80","14.65","108000","1658650","67","15.50","15.65","39500000","17.15","14.05"
"1150929","8279","生展","78.70","+0.50","78.10","78.80","77.70","31000","2423200","23","77.80","78.20","27100851","86.50","70.90"
"1150929","8284","三竹","68.00","0.00","68.10","68.20","68.00","13000","884700","9","67.90","68.20","47303000","74.80","61.20"
"1150929","8289","泰藝","46.05","+1.30","46.00","47.40","45.30","710000","32692400","467","45.85","46.10","68333765","50.60","41.45"
"1150929","8291","尚茂","28.90","-0.85","28.80","28.90","28.80","10000","288700","8","28.90","29.70","17478450","31.75","26.05"
"1150929","8299","群聯","2115.00","-10.00","2105.00","2135.00","2080.00","2082000","4397630000","1764","2110.00","2115.00","221337247","2325.00","1905.00"
"1150929","8342","益張","83.50","-0.30","83.50","83.50","83.00","7000","583500","4","85.30","87.00","33536692","91.80","75.20"
"1150929","8349","恒耀","39.60","0.00","39.50","39.70","39.05","136000","5364550","90","39.50","39.60","208821391","43.55","35.65"
"1150929","8349A","恒耀甲特","45.35","-0.15","45.45","45.45","45.30","14000","635350","11","45.35","45.50","10000000","49.85","40.85"
"1150929","8354","冠好","16.90","-0.20","16.90","16.95","16.75","11000","185150","9","16.75","16.80","78532263","18.55","15.25"
"1150929","8358","金居","498.00","-13.00","500.00","519.00","495.50","13167000","6625212000","10693","498.00","498.50","252588000","547.00","448.50"
"1150929","8383","千附","67.60","-0.30","68.50","68.50","67.30","552000","37384500","413","67.60","67.70","113760482","74.30","60.90"
"1150929","8390","金益鼎","89.40","-0.60","89.00","91.10","89.00","271000","24322300","178","89.40","89.50","96116128","98.30","80.50"
"1150929","8401","白紗科","22.75","0.00","22.80","22.80","22.55","8000","181600","7","22.65","22.70","70669058","25.00","20.50"
"1150929","8403","盛弘","19.05","+0.10","18.95","19.05","18.90","27000","511700","24","19.00","19.05","137640343","20.95","17.15"
"1150929","8409","商之器","18.00","-0.10","18.00","18.00","18.00","7000","126000","6","18.00","18.25","32000000","19.80","16.20"
"1150929","8410","森田","28.00","+0.20","28.00","28.00","27.55","29000","803400","20","27.90","28.00","36589200","30.80","25.20"
"1150929","8415","大國鋼","35.15","-0.30","35.45","35.75","35.15","581000","20506450","326","35.15","35.25","1031500000","38.65","31.65"
"1150929","8416","實威","169.00","0.00","168.50","169.00","168.00","3000","505500","3","168.50","169.50","28210710","185.50","152.50"
"1150929","8421","旭源","12.85","+0.05","12.80","12.90","12.80","25000","321500","22","12.85","12.90","63817140","14.10","11.60"
"1150929","8423","保綠-KY","18.05","0.00","18.05","18.10","18.05","6000","108350","6","17.95","18.10","41714030","19.85","16.25"
"1150929","8424","惠普","70.00","-0.80","70.80","71.20","70.00","9000","635200","7","69.80","70.50","36054368","77.00","63.00"
"1150929","8426","紅木-KY","20.65","+0.05","20.55","20.65","20.20","42000","860550","22","20.60","20.65","50242500","22.70","18.60"
"1150929","8431","匯鑽科","66.30","+3.00","62.30","68.50","62.30","2567000","170308300","1690","66.30","66.40","48778331","72.90","59.70"
"1150929","8432","東生華","50.60","+0.40","50.60","50.80","50.00","68000","3430400","47","50.30","50.40","38398140","55.60","45.55"
"1150929","8433","弘帆","53.00","+0.30","52.60","53.00","52.60","7000","369700","7","52.50","53.10","54506098","58.30","47.70"
"1150929","8435","鉅邁","53.00","+0.10","52.90","53.00","52.80","14000","741300","12","52.80","52.90","35200450","58.30","47.70"
"1150929","8436","大江","105.50","+0.50","105.50","106.00","104.50","388000","40871500","271","105.50","106.00","117728830","116.00","95.00"
"1150929","8437","大地-KY","10.10","-0.55","10.40","10.55","10.00","110000","1127350","81","10.10","10.30","47014070","11.10","9.09"
"1150929","8440","綠電","20.95","+0.70","21.50","21.50","20.65","109000","2291200","78","20.90","20.95","50255299","22.65","18.55"
"1150929","8444","綠河-KY","4.40","0.00","4.40","4.40","4.40","2000","8800","2","3.99","4.54","125104845","4.84","3.96"
"1150929","8446","華研","84.40","-0.30","84.70","84.70","84.20","15000","1267600","14","84.30","84.60","52914405","92.80","76.00"
"1150929","8450","霹靂","14.40","+0.05","14.45","14.45","14.00","26000","368200","25","14.15","14.40","51309947","15.80","13.00"
"1150929","8455","大拓-KY","22.10","0.00","22.10","22.10","22.10","1000","22100","1","22.10","22.85","25219056","24.30","19.90"
"1150929","8472","納維康","73.10","-3.90","76.60","76.70","73.10","16000","1188200","16","72.30","73.30","17735800","80.40","65.80"
"1150929","8477","創業家","14.10","-0.25","13.90","14.10","13.90","9000","126050","7","14.10","14.20","84170616","15.50","12.70"
"1150929","8489","三貝德","22.25","-0.30","22.30","22.45","21.90","61000","1346200","43","22.25","22.30","59948960","24.45","20.05"
"1150929","8905","裕國","35.15","+0.35","34.90","35.15","34.90","13000","453950","6","34.85","35.00","119440000","38.65","31.65"
"1150929","8906","花王","28.80","-0.20","29.00","29.00","28.50","7000","201150","6","28.70","28.80","44037370","31.65","25.95"
"1150929","8908","欣雄","40.25","+0.20","40.25","40.30","40.00","45000","1809400","24","40.10","40.30","324764524","44.25","36.25"
"1150929","8916","光隆","41.10","+0.25","41.00","41.10","40.85","71000","2909350","66","41.00","41.15","150384146","45.20","37.00"
"1150929","8917","欣泰","54.50","-0.50","55.00","55.00","54.00","5000","271500","4","54.00","55.00","162652459","59.90","49.05"
"1150929","8921","沈氏","----","---","----","----","----","0","0","0","16.05","17.05","46592159","18.75","15.35"
"1150929","8923","時報","18.45","-0.05","18.45","18.45","18.20","11000","201600","10","18.15","18.50","30375800","20.25","16.65"
"1150929","8924","大田","49.40","+0.10","49.35","49.45","49.05","28000","1379250","23","49.25","49.40","83800000","54.30","44.50"
"1150929","8927","北基","18.80","-0.20","19.00","19.00","18.75","72000","1357750","61","18.75","18.80","419068367","20.65","16.95"
"1150929","8928","鉅明","22.90","-0.40","23.35","23.35","22.85","16000","367500","12","22.90","22.95","50854015","25.15","20.65"
"1150929","8929","富堡","12.90","-0.05","12.95","12.95","12.85","5000","64550","4","12.85","12.95","50580862","14.15","11.65"
"1150929","8930","青鋼","28.70","-0.10","28.75","28.75","28.65","20000","573850","11","28.65","28.70","81809406","31.55","25.85"
"1150929","8931","大汽電","43.15","+0.10","43.65","43.65","43.15","80000","3467750","50","43.15","43.20","122254862","47.45","38.85"
"1150929","8932","智通*","93.40","+0.80","92.20","93.90","92.10","713000","66266200","428","93.40","93.50","426013152","102.50","84.10"
"1150929","8933","愛地雅","4.58","+0.01","4.55","4.60","4.45","42000","189940","22","4.51","4.59","326724305","5.03","4.13"
"1150929","8935","邦泰","19.30","+1.75","18.00","19.30","17.50","251000","4690300","128","19.10","19.30","113495000","21.20","17.40"
"1150929","8936","國統","51.90","-0.20","52.30","52.50","51.80","525000","27349200","349","51.90","52.00","248078157","57.00","46.75"
"1150929","8937","合騏*","25.10","-1.50","26.20","26.20","25.00","367000","9322900","169","25.05","25.15","431680272","27.60","22.60"
"1150929","8938","明安","52.70","+0.60","52.50","52.80","52.10","43000","2261200","38","52.50","52.70","156986490","57.90","47.45"
"1150929","8941","關中","44.00","0.00","44.00","44.00","44.00","3000","132000","2","43.10","43.90","34972071","48.40","39.60"
"1150929","8942","森鉅","40.20","-0.30","40.30","40.60","40.15","131000","5276900","84","40.20","40.35","198842255","44.20","36.20"
"1150929","009806","台新標普500","13.69","-0.05","13.69","13.73","13.69","203000","2783080","4","13.70","13.74","13661000","9999.95","0.01"
"1150929","009807","台新標普科技精選","17.66","-0.15","17.67","17.67","17.66","22000","388620","4","17.64","17.67","13760000","9999.95","0.01"
"1150929","009814","富邦標普500","11.38","-0.03","11.41","11.41","11.35","896000","10189870","246","11.37","11.38","153076000","9999.95","0.01"
"1150929","009815","大華美國MAG7+","11.89","-0.04","11.93","11.93","11.88","2089000","24843530","459","11.88","11.89","419170000","9999.95","0.01"
"1150929","009822","華南永昌未來金融","9.46","-0.42","9.80","9.80","9.43","622000","5878770","172","9.45","9.46","68556000","9999.95","0.01"
"1150929","009823","群益S&P500","10.43","-0.03","10.48","10.48","10.42","2819000","29423420","683","10.43","10.44","331317000","9999.95","0.01"
"1150929","009825","聯邦美國金融創新","9.80","-0.12","9.84","9.86","9.79","392000","3849230","102","9.79","9.80","116708000","9999.95","0.01"
"1150929","9949","琉園","24.25","+0.25","24.45","24.45","24.10","9000","219250","8","24.05","24.30","44860763","26.65","21.85"
"1150929","9950","萬國通","10.25","-0.05","10.25","10.25","10.20","12000","122700","8","10.20","10.25","167716000","11.25","9.23"
"1150929","9951","皇田","47.10","-0.55","47.70","47.70","46.85","134000","6307500","102","47.05","47.10","73300000","51.80","42.40"
"1150929","9960","邁達康","41.20","+1.85","39.35","41.40","38.85","75000","2992300","56","41.10","41.35","33592500","45.30","37.10"
"1150929","9962","有益","10.15","+0.05","10.00","10.35","10.00","147000","1499750","71","10.15","10.20","90220260","11.15","9.14"
"1150929","020001","富邦存股雙十N","----","---","----","----","----","0","0","0","28.14","28.22","40000000","31.04","25.40"
"1150929","020025","統一亞洲半導體N","39.69","-0.64","39.98","39.98","39.65","247000","9813570","11","39.64","40.14","200000000","9999.95","0.01"
"1150929","020033","統一恒生科期N","3.44","-0.03","3.44","3.44","3.44","90000","309600","1","3.36","3.39","200000000","9999.95","0.01"
"1150929","020035","元大上櫃ESG高息N","----","---","----","----","----","0","0","0","13.62","13.64","200000000","14.98","12.26"
"1150929","020040","元大上櫃ESG龍頭N","----","---","----","----","----","0","0","0","11.46","11.48","200000000","12.60","10.32"
"1150929","020041","兆豐半導體氣候N","20.82","-0.13","20.92","20.92","20.63","72000","1494080","27","20.76","20.77","40000000","22.90","18.74"
